2026-05-21 10:14:05 URL:https://deb.debian.org/debian/dists/bookworm/InRelease [151074/151074] -> "/home/nicolas/Escritorio/T113_SAXO_OS/debian_fs/debian_bookworm/var/lib/apt/lists/partial/deb.debian.org_debian_dists_bookworm_InRelease" [1]
2026-05-21 10:14:06 URL:https://deb.debian.org/debian/dists/bookworm/main/binary-armhf/by-hash/SHA256/302c37e0a4daae7dffe0a92316ac110d6870c63c87515ae6d3913d1e661077ce [8506264/8506264] -> "/home/nicolas/Escritorio/T113_SAXO_OS/debian_fs/debian_bookworm/var/lib/apt/lists/partial/deb.debian.org_debian_dists_bookworm_main_binary-armhf_Packages.xz" [1]
2026-05-21 10:14:07 URL:https://deb.debian.org/debian/dists/bookworm/contrib/binary-armhf/by-hash/SHA256/acf1d84151f6a3d78b19d921da94dee36d34e48ac75ad78eb72e113118a11d75 [42884/42884] -> "/home/nicolas/Escritorio/T113_SAXO_OS/debian_fs/debian_bookworm/var/lib/apt/lists/partial/deb.debian.org_debian_dists_bookworm_contrib_binary-armhf_Packages.xz" [1]
2026-05-21 10:14:08 URL:https://deb.debian.org/debian/dists/bookworm/non-free/binary-armhf/by-hash/SHA256/8101aece839b6e6be56c95660cd76efeb7a0a69dee1af5dda62f08b6a8c40c70 [55868/55868] -> "/home/nicolas/Escritorio/T113_SAXO_OS/debian_fs/debian_bookworm/var/lib/apt/lists/partial/deb.debian.org_debian_dists_bookworm_non-free_binary-armhf_Packages.xz" [1]
2026-05-21 10:14:18 URL:https://deb.debian.org/debian/pool/main/a/adduser/adduser_3.134_all.deb [183272/183272] -> "/home/nicolas/Escritorio/T113_SAXO_OS/debian_fs/debian_bookworm//var/cache/apt/archives/partial/adduser_3.134_all.deb" [1]
2026-05-21 10:14:18 URL:https://deb.debian.org/debian/pool/main/a/alsa-utils/alsa-utils_1.2.8-1_armhf.deb [1073216/1073216] -> "/home/nicolas/Escritorio/T113_SAXO_OS/debian_fs/debian_bookworm//var/cache/apt/archives/partial/alsa-utils_1.2.8-1_armhf.deb" [1]
2026-05-21 10:14:18 URL:https://deb.debian.org/debian/pool/main/a/apache2/apache2_2.4.67-1~deb12u2_armhf.deb [230788/230788] -> "/home/nicolas/Escritorio/T113_SAXO_OS/debian_fs/debian_bookworm//var/cache/apt/archives/partial/apache2_2.4.67-1~deb12u2_armhf.deb" [1]
2026-05-21 10:14:19 URL:https://deb.debian.org/debian/pool/main/a/apache2/apache2-bin_2.4.67-1~deb12u2_armhf.deb [1222964/1222964] -> "/home/nicolas/Escritorio/T113_SAXO_OS/debian_fs/debian_bookworm//var/cache/apt/archives/partial/apache2-bin_2.4.67-1~deb12u2_armhf.deb" [1]
2026-05-21 10:14:19 URL:https://deb.debian.org/debian/pool/main/a/apache2/apache2-data_2.4.67-1~deb12u2_all.deb [160136/160136] -> "/home/nicolas/Escritorio/T113_SAXO_OS/debian_fs/debian_bookworm//var/cache/apt/archives/partial/apache2-data_2.4.67-1~deb12u2_all.deb" [1]
2026-05-21 10:14:19 URL:https://deb.debian.org/debian/pool/main/a/apache2/apache2-utils_2.4.67-1~deb12u2_armhf.deb [215992/215992] -> "/home/nicolas/Escritorio/T113_SAXO_OS/debian_fs/debian_bookworm//var/cache/apt/archives/partial/apache2-utils_2.4.67-1~deb12u2_armhf.deb" [1]
2026-05-21 10:14:19 URL:https://deb.debian.org/debian/pool/main/a/apt/apt_2.6.1_armhf.deb [1319460/1319460] -> "/home/nicolas/Escritorio/T113_SAXO_OS/debian_fs/debian_bookworm//var/cache/apt/archives/partial/apt_2.6.1_armhf.deb" [1]
2026-05-21 10:14:19 URL:https://deb.debian.org/debian/pool/main/a/apt-file/apt-file_3.3_all.deb [39104/39104] -> "/home/nicolas/Escritorio/T113_SAXO_OS/debian_fs/debian_bookworm//var/cache/apt/archives/partial/apt-file_3.3_all.deb" [1]
2026-05-21 10:14:19 URL:https://deb.debian.org/debian/pool/main/a/apt/apt-transport-https_2.6.1_all.deb [25244/25244] -> "/home/nicolas/Escritorio/T113_SAXO_OS/debian_fs/debian_bookworm//var/cache/apt/archives/partial/apt-transport-https_2.6.1_all.deb" [1]
2026-05-21 10:14:20 URL:https://deb.debian.org/debian/pool/main/b/base-files/base-files_12.4+deb12u14_armhf.deb [70940/70940] -> "/home/nicolas/Escritorio/T113_SAXO_OS/debian_fs/debian_bookworm//var/cache/apt/archives/partial/base-files_12.4+deb12u14_armhf.deb" [1]
2026-05-21 10:14:20 URL:https://deb.debian.org/debian/pool/main/b/base-passwd/base-passwd_3.6.1_armhf.deb [58728/58728] -> "/home/nicolas/Escritorio/T113_SAXO_OS/debian_fs/debian_bookworm//var/cache/apt/archives/partial/base-passwd_3.6.1_armhf.deb" [1]
2026-05-21 10:14:20 URL:https://deb.debian.org/debian/pool/main/b/bash/bash_5.2.15-2+b13_armhf.deb [1421984/1421984] -> "/home/nicolas/Escritorio/T113_SAXO_OS/debian_fs/debian_bookworm//var/cache/apt/archives/partial/bash_5.2.15-2+b13_armhf.deb" [1]
2026-05-21 10:14:20 URL:https://deb.debian.org/debian/pool/main/b/binutils/binutils_2.40-2_armhf.deb [64876/64876] -> "/home/nicolas/Escritorio/T113_SAXO_OS/debian_fs/debian_bookworm//var/cache/apt/archives/partial/binutils_2.40-2_armhf.deb" [1]
2026-05-21 10:14:21 URL:https://deb.debian.org/debian/pool/main/b/binutils/binutils-arm-linux-gnueabihf_2.40-2_armhf.deb [2312816/2312816] -> "/home/nicolas/Escritorio/T113_SAXO_OS/debian_fs/debian_bookworm//var/cache/apt/archives/partial/binutils-arm-linux-gnueabihf_2.40-2_armhf.deb" [1]
2026-05-21 10:14:21 URL:https://deb.debian.org/debian/pool/main/b/binutils/binutils-common_2.40-2_armhf.deb [2475804/2475804] -> "/home/nicolas/Escritorio/T113_SAXO_OS/debian_fs/debian_bookworm//var/cache/apt/archives/partial/binutils-common_2.40-2_armhf.deb" [1]
2026-05-21 10:14:22 URL:https://deb.debian.org/debian/pool/main/b/bison/bison_3.8.2+dfsg-1+b1_armhf.deb [1142312/1142312] -> "/home/nicolas/Escritorio/T113_SAXO_OS/debian_fs/debian_bookworm//var/cache/apt/archives/partial/bison_2%3a3.8.2+dfsg-1+b1_armhf.deb" [1]
2026-05-21 10:14:22 URL:https://deb.debian.org/debian/pool/main/u/util-linux/bsdextrautils_2.38.1-5+deb12u3_armhf.deb [78852/78852] -> "/home/nicolas/Escritorio/T113_SAXO_OS/debian_fs/debian_bookworm//var/cache/apt/archives/partial/bsdextrautils_2.38.1-5+deb12u3_armhf.deb" [1]
2026-05-21 10:14:22 URL:https://deb.debian.org/debian/pool/main/u/util-linux/bsdutils_2.38.1-5+deb12u3_armhf.deb [86224/86224] -> "/home/nicolas/Escritorio/T113_SAXO_OS/debian_fs/debian_bookworm//var/cache/apt/archives/partial/bsdutils_1%3a2.38.1-5+deb12u3_armhf.deb" [1]
2026-05-21 10:14:22 URL:https://deb.debian.org/debian/pool/main/b/build-essential/build-essential_12.9_armhf.deb [7704/7704] -> "/home/nicolas/Escritorio/T113_SAXO_OS/debian_fs/debian_bookworm//var/cache/apt/archives/partial/build-essential_12.9_armhf.deb" [1]
2026-05-21 10:14:23 URL:https://deb.debian.org/debian/pool/main/b/busybox/busybox_1.35.0-4+deb12u1+b1_armhf.deb [442776/442776] -> "/home/nicolas/Escritorio/T113_SAXO_OS/debian_fs/debian_bookworm//var/cache/apt/archives/partial/busybox_1%3a1.35.0-4+deb12u1+b1_armhf.deb" [1]
2026-05-21 10:14:23 URL:https://deb.debian.org/debian/pool/main/b/bzip2/bzip2_1.0.8-5+b1_armhf.deb [48932/48932] -> "/home/nicolas/Escritorio/T113_SAXO_OS/debian_fs/debian_bookworm//var/cache/apt/archives/partial/bzip2_1.0.8-5+b1_armhf.deb" [1]
2026-05-21 10:14:23 URL:https://deb.debian.org/debian/pool/main/c/ca-certificates/ca-certificates_20230311+deb12u1_all.deb [155260/155260] -> "/home/nicolas/Escritorio/T113_SAXO_OS/debian_fs/debian_bookworm//var/cache/apt/archives/partial/ca-certificates_20230311+deb12u1_all.deb" [1]
2026-05-21 10:14:23 URL:https://deb.debian.org/debian/pool/main/c/can-utils/can-utils_2020.11.0-1_armhf.deb [123820/123820] -> "/home/nicolas/Escritorio/T113_SAXO_OS/debian_fs/debian_bookworm//var/cache/apt/archives/partial/can-utils_2020.11.0-1_armhf.deb" [1]
2026-05-21 10:14:24 URL:https://deb.debian.org/debian/pool/main/c/chrony/chrony_4.3-2+deb12u2_armhf.deb [263132/263132] -> "/home/nicolas/Escritorio/T113_SAXO_OS/debian_fs/debian_bookworm//var/cache/apt/archives/partial/chrony_4.3-2+deb12u2_armhf.deb" [1]
2026-05-21 10:14:24 URL:https://deb.debian.org/debian/pool/main/c/chuck/chuck_1.4.2.0-1_armhf.deb [1120304/1120304] -> "/home/nicolas/Escritorio/T113_SAXO_OS/debian_fs/debian_bookworm//var/cache/apt/archives/partial/chuck_1.4.2.0-1_armhf.deb" [1]
2026-05-21 10:14:24 URL:https://deb.debian.org/debian/pool/main/c/chuck/chuck-data_1.4.2.0-1_all.deb [5837224/5837224] -> "/home/nicolas/Escritorio/T113_SAXO_OS/debian_fs/debian_bookworm//var/cache/apt/archives/partial/chuck-data_1.4.2.0-1_all.deb" [1]
2026-05-21 10:14:24 URL:https://deb.debian.org/debian/pool/main/c/command-not-found/command-not-found_23.04.0-1_all.deb [55240/55240] -> "/home/nicolas/Escritorio/T113_SAXO_OS/debian_fs/debian_bookworm//var/cache/apt/archives/partial/command-not-found_23.04.0-1_all.deb" [1]
2026-05-21 10:14:25 URL:https://deb.debian.org/debian/pool/main/c/coreutils/coreutils_9.1-1_armhf.deb [2755988/2755988] -> "/home/nicolas/Escritorio/T113_SAXO_OS/debian_fs/debian_bookworm//var/cache/apt/archives/partial/coreutils_9.1-1_armhf.deb" [1]
2026-05-21 10:14:25 URL:https://deb.debian.org/debian/pool/main/c/cpio/cpio_2.13+dfsg-7.1_armhf.deb [236324/236324] -> "/home/nicolas/Escritorio/T113_SAXO_OS/debian_fs/debian_bookworm//var/cache/apt/archives/partial/cpio_2.13+dfsg-7.1_armhf.deb" [1]
2026-05-21 10:14:25 URL:https://deb.debian.org/debian/pool/main/g/gcc-defaults/cpp_12.2.0-3_armhf.deb [6832/6832] -> "/home/nicolas/Escritorio/T113_SAXO_OS/debian_fs/debian_bookworm//var/cache/apt/archives/partial/cpp_4%3a12.2.0-3_armhf.deb" [1]
2026-05-21 10:14:26 URL:https://deb.debian.org/debian/pool/main/g/gcc-12/cpp-12_12.2.0-14+deb12u1_armhf.deb [7269712/7269712] -> "/home/nicolas/Escritorio/T113_SAXO_OS/debian_fs/debian_bookworm//var/cache/apt/archives/partial/cpp-12_12.2.0-14+deb12u1_armhf.deb" [1]
2026-05-21 10:14:27 URL:https://deb.debian.org/debian/pool/main/c/curl/curl_7.88.1-10+deb12u14_armhf.deb [306412/306412] -> "/home/nicolas/Escritorio/T113_SAXO_OS/debian_fs/debian_bookworm//var/cache/apt/archives/partial/curl_7.88.1-10+deb12u14_armhf.deb" [1]
2026-05-21 10:14:27 URL:https://deb.debian.org/debian/pool/main/d/dash/dash_0.5.12-2_armhf.deb [83976/83976] -> "/home/nicolas/Escritorio/T113_SAXO_OS/debian_fs/debian_bookworm//var/cache/apt/archives/partial/dash_0.5.12-2_armhf.deb" [1]
2026-05-21 10:14:27 URL:https://deb.debian.org/debian/pool/main/d/debconf/debconf_1.5.82_all.deb [121212/121212] -> "/home/nicolas/Escritorio/T113_SAXO_OS/debian_fs/debian_bookworm//var/cache/apt/archives/partial/debconf_1.5.82_all.deb" [1]
2026-05-21 10:14:27 URL:https://deb.debian.org/debian/pool/main/d/debian-archive-keyring/debian-archive-keyring_2023.3+deb12u2_all.deb [178572/178572] -> "/home/nicolas/Escritorio/T113_SAXO_OS/debian_fs/debian_bookworm//var/cache/apt/archives/partial/debian-archive-keyring_2023.3+deb12u2_all.deb" [1]
2026-05-21 10:14:27 URL:https://deb.debian.org/debian/pool/main/d/debianutils/debianutils_5.7-0.5~deb12u1_armhf.deb [101520/101520] -> "/home/nicolas/Escritorio/T113_SAXO_OS/debian_fs/debian_bookworm//var/cache/apt/archives/partial/debianutils_5.7-0.5~deb12u1_armhf.deb" [1]
2026-05-21 10:14:28 URL:https://deb.debian.org/debian/pool/main/d/diffutils/diffutils_3.8-4_armhf.deb [338140/338140] -> "/home/nicolas/Escritorio/T113_SAXO_OS/debian_fs/debian_bookworm//var/cache/apt/archives/partial/diffutils_1%3a3.8-4_armhf.deb" [1]
2026-05-21 10:14:28 URL:https://deb.debian.org/debian/pool/main/d/distro-info-data/distro-info-data_0.58+deb12u7_all.deb [6584/6584] -> "/home/nicolas/Escritorio/T113_SAXO_OS/debian_fs/debian_bookworm//var/cache/apt/archives/partial/distro-info-data_0.58+deb12u7_all.deb" [1]
2026-05-21 10:14:28 URL:https://deb.debian.org/debian/pool/main/l/lvm2/dmsetup_1.02.185-2_armhf.deb [81868/81868] -> "/home/nicolas/Escritorio/T113_SAXO_OS/debian_fs/debian_bookworm//var/cache/apt/archives/partial/dmsetup_2%3a1.02.185-2_armhf.deb" [1]
2026-05-21 10:14:28 URL:https://deb.debian.org/debian/pool/main/d/dpkg/dpkg_1.21.23_armhf.deb [1522020/1522020] -> "/home/nicolas/Escritorio/T113_SAXO_OS/debian_fs/debian_bookworm//var/cache/apt/archives/partial/dpkg_1.21.23_armhf.deb" [1]
2026-05-21 10:14:28 URL:https://deb.debian.org/debian/pool/main/d/dpkg/dpkg-dev_1.21.23_all.deb [1354256/1354256] -> "/home/nicolas/Escritorio/T113_SAXO_OS/debian_fs/debian_bookworm//var/cache/apt/archives/partial/dpkg-dev_1.21.23_all.deb" [1]
2026-05-21 10:14:28 URL:https://deb.debian.org/debian/pool/main/e/e2fsprogs/e2fsprogs_1.47.0-2+b2_armhf.deb [546988/546988] -> "/home/nicolas/Escritorio/T113_SAXO_OS/debian_fs/debian_bookworm//var/cache/apt/archives/partial/e2fsprogs_1.47.0-2+b2_armhf.deb" [1]
2026-05-21 10:14:29 URL:https://deb.debian.org/debian/pool/main/e/ethtool/ethtool_6.1-1_armhf.deb [181272/181272] -> "/home/nicolas/Escritorio/T113_SAXO_OS/debian_fs/debian_bookworm//var/cache/apt/archives/partial/ethtool_1%3a6.1-1_armhf.deb" [1]
2026-05-21 10:14:29 URL:https://deb.debian.org/debian/pool/main/f/faust/faust_2.54.9+ds0-1_armhf.deb [4672308/4672308] -> "/home/nicolas/Escritorio/T113_SAXO_OS/debian_fs/debian_bookworm//var/cache/apt/archives/partial/faust_2.54.9+ds0-1_armhf.deb" [1]
2026-05-21 10:14:31 URL:https://deb.debian.org/debian/pool/main/f/faust/faust-common_2.54.9+ds0-1_all.deb [46912320/46912320] -> "/home/nicolas/Escritorio/T113_SAXO_OS/debian_fs/debian_bookworm//var/cache/apt/archives/partial/faust-common_2.54.9+ds0-1_all.deb" [1]
2026-05-21 10:14:31 URL:https://deb.debian.org/debian/pool/main/u/util-linux/fdisk_2.38.1-5+deb12u3_armhf.deb [129304/129304] -> "/home/nicolas/Escritorio/T113_SAXO_OS/debian_fs/debian_bookworm//var/cache/apt/archives/partial/fdisk_2.38.1-5+deb12u3_armhf.deb" [1]
2026-05-21 10:14:31 URL:https://deb.debian.org/debian/pool/main/f/fim/fim_0.5.3-10+b1_armhf.deb [368824/368824] -> "/home/nicolas/Escritorio/T113_SAXO_OS/debian_fs/debian_bookworm//var/cache/apt/archives/partial/fim_0.5.3-10+b1_armhf.deb" [1]
2026-05-21 10:14:31 URL:https://deb.debian.org/debian/pool/main/f/findutils/findutils_4.9.0-4_armhf.deb [622176/622176] -> "/home/nicolas/Escritorio/T113_SAXO_OS/debian_fs/debian_bookworm//var/cache/apt/archives/partial/findutils_4.9.0-4_armhf.deb" [1]
2026-05-21 10:14:32 URL:https://deb.debian.org/debian/pool/main/f/flex/flex_2.6.4-8.2_armhf.deb [404532/404532] -> "/home/nicolas/Escritorio/T113_SAXO_OS/debian_fs/debian_bookworm//var/cache/apt/archives/partial/flex_2.6.4-8.2_armhf.deb" [1]
2026-05-21 10:14:32 URL:https://deb.debian.org/debian/pool/main/f/fontconfig/fontconfig_2.14.1-4_armhf.deb [448200/448200] -> "/home/nicolas/Escritorio/T113_SAXO_OS/debian_fs/debian_bookworm//var/cache/apt/archives/partial/fontconfig_2.14.1-4_armhf.deb" [1]
2026-05-21 10:14:32 URL:https://deb.debian.org/debian/pool/main/f/fontconfig/fontconfig-config_2.14.1-4_armhf.deb [314872/314872] -> "/home/nicolas/Escritorio/T113_SAXO_OS/debian_fs/debian_bookworm//var/cache/apt/archives/partial/fontconfig-config_2.14.1-4_armhf.deb" [1]
2026-05-21 10:14:32 URL:https://deb.debian.org/debian/pool/main/f/fonts-dejavu/fonts-dejavu-core_2.37-6_all.deb [1067728/1067728] -> "/home/nicolas/Escritorio/T113_SAXO_OS/debian_fs/debian_bookworm//var/cache/apt/archives/partial/fonts-dejavu-core_2.37-6_all.deb" [1]
2026-05-21 10:14:33 URL:https://deb.debian.org/debian/pool/main/g/gcc-defaults/g++_12.2.0-3_armhf.deb [1336/1336] -> "/home/nicolas/Escritorio/T113_SAXO_OS/debian_fs/debian_bookworm//var/cache/apt/archives/partial/g++_4%3a12.2.0-3_armhf.deb" [1]
2026-05-21 10:14:33 URL:https://deb.debian.org/debian/pool/main/g/gcc-12/g++-12_12.2.0-14+deb12u1_armhf.deb [7997972/7997972] -> "/home/nicolas/Escritorio/T113_SAXO_OS/debian_fs/debian_bookworm//var/cache/apt/archives/partial/g++-12_12.2.0-14+deb12u1_armhf.deb" [1]
2026-05-21 10:14:34 URL:https://deb.debian.org/debian/pool/main/g/gcc-defaults/gcc_12.2.0-3_armhf.deb [5224/5224] -> "/home/nicolas/Escritorio/T113_SAXO_OS/debian_fs/debian_bookworm//var/cache/apt/archives/partial/gcc_4%3a12.2.0-3_armhf.deb" [1]
2026-05-21 10:14:36 URL:https://deb.debian.org/debian/pool/main/g/gcc-12/gcc-12_12.2.0-14+deb12u1_armhf.deb [14190308/14190308] -> "/home/nicolas/Escritorio/T113_SAXO_OS/debian_fs/debian_bookworm//var/cache/apt/archives/partial/gcc-12_12.2.0-14+deb12u1_armhf.deb" [1]
2026-05-21 10:14:36 URL:https://deb.debian.org/debian/pool/main/g/gcc-12/gcc-12-base_12.2.0-14+deb12u1_armhf.deb [37604/37604] -> "/home/nicolas/Escritorio/T113_SAXO_OS/debian_fs/debian_bookworm//var/cache/apt/archives/partial/gcc-12-base_12.2.0-14+deb12u1_armhf.deb" [1]
2026-05-21 10:14:36 URL:https://deb.debian.org/debian/pool/main/g/gnupg2/gpgv_2.2.40-1.1+deb12u2_armhf.deb [615724/615724] -> "/home/nicolas/Escritorio/T113_SAXO_OS/debian_fs/debian_bookworm//var/cache/apt/archives/partial/gpgv_2.2.40-1.1+deb12u2_armhf.deb" [1]
2026-05-21 10:14:36 URL:https://deb.debian.org/debian/pool/main/libg/libgpiod/gpiod_1.6.3-1+b3_armhf.deb [22340/22340] -> "/home/nicolas/Escritorio/T113_SAXO_OS/debian_fs/debian_bookworm//var/cache/apt/archives/partial/gpiod_1.6.3-1+b3_armhf.deb" [1]
2026-05-21 10:14:37 URL:https://deb.debian.org/debian/pool/main/g/grep/grep_3.8-5_armhf.deb [410224/410224] -> "/home/nicolas/Escritorio/T113_SAXO_OS/debian_fs/debian_bookworm//var/cache/apt/archives/partial/grep_3.8-5_armhf.deb" [1]
2026-05-21 10:14:37 URL:https://deb.debian.org/debian/pool/main/g/gzip/gzip_1.12-1_armhf.deb [136304/136304] -> "/home/nicolas/Escritorio/T113_SAXO_OS/debian_fs/debian_bookworm//var/cache/apt/archives/partial/gzip_1.12-1_armhf.deb" [1]
2026-05-21 10:14:37 URL:https://deb.debian.org/debian/pool/main/h/haveged/haveged_1.9.14-1+b1_armhf.deb [37108/37108] -> "/home/nicolas/Escritorio/T113_SAXO_OS/debian_fs/debian_bookworm//var/cache/apt/archives/partial/haveged_1.9.14-1+b1_armhf.deb" [1]
2026-05-21 10:14:37 URL:https://deb.debian.org/debian/pool/main/h/hostname/hostname_3.23+nmu1_armhf.deb [9788/9788] -> "/home/nicolas/Escritorio/T113_SAXO_OS/debian_fs/debian_bookworm//var/cache/apt/archives/partial/hostname_3.23+nmu1_armhf.deb" [1]
2026-05-21 10:14:38 URL:https://deb.debian.org/debian/pool/main/i/i2c-tools/i2c-tools_4.3-2+b3_armhf.deb [77976/77976] -> "/home/nicolas/Escritorio/T113_SAXO_OS/debian_fs/debian_bookworm//var/cache/apt/archives/partial/i2c-tools_4.3-2+b3_armhf.deb" [1]
2026-05-21 10:14:38 URL:https://deb.debian.org/debian/pool/main/i/ifupdown/ifupdown_0.8.41_armhf.deb [57468/57468] -> "/home/nicolas/Escritorio/T113_SAXO_OS/debian_fs/debian_bookworm//var/cache/apt/archives/partial/ifupdown_0.8.41_armhf.deb" [1]
2026-05-21 10:14:38 URL:https://deb.debian.org/debian/pool/main/i/init-system-helpers/init-system-helpers_1.65.2+deb12u1_all.deb [39020/39020] -> "/home/nicolas/Escritorio/T113_SAXO_OS/debian_fs/debian_bookworm//var/cache/apt/archives/partial/init-system-helpers_1.65.2+deb12u1_all.deb" [1]
2026-05-21 10:14:38 URL:https://deb.debian.org/debian/pool/main/i/initramfs-tools/initramfs-tools_0.142+deb12u3_all.deb [16028/16028] -> "/home/nicolas/Escritorio/T113_SAXO_OS/debian_fs/debian_bookworm//var/cache/apt/archives/partial/initramfs-tools_0.142+deb12u3_all.deb" [1]
2026-05-21 10:14:38 URL:https://deb.debian.org/debian/pool/main/i/initramfs-tools/initramfs-tools-core_0.142+deb12u3_all.deb [48268/48268] -> "/home/nicolas/Escritorio/T113_SAXO_OS/debian_fs/debian_bookworm//var/cache/apt/archives/partial/initramfs-tools-core_0.142+deb12u3_all.deb" [1]
2026-05-21 10:14:39 URL:https://deb.debian.org/debian/pool/main/i/iproute2/iproute2_6.1.0-3_armhf.deb [974776/974776] -> "/home/nicolas/Escritorio/T113_SAXO_OS/debian_fs/debian_bookworm//var/cache/apt/archives/partial/iproute2_6.1.0-3_armhf.deb" [1]
2026-05-21 10:14:39 URL:https://deb.debian.org/debian/pool/main/i/iputils/iputils-ping_20221126-1+deb12u1_armhf.deb [45228/45228] -> "/home/nicolas/Escritorio/T113_SAXO_OS/debian_fs/debian_bookworm//var/cache/apt/archives/partial/iputils-ping_3%3a20221126-1+deb12u1_armhf.deb" [1]
2026-05-21 10:14:39 URL:https://deb.debian.org/debian/pool/main/i/isc-dhcp/isc-dhcp-client_4.4.3-P1-2_armhf.deb [990720/990720] -> "/home/nicolas/Escritorio/T113_SAXO_OS/debian_fs/debian_bookworm//var/cache/apt/archives/partial/isc-dhcp-client_4.4.3-P1-2_armhf.deb" [1]
2026-05-21 10:14:39 URL:https://deb.debian.org/debian/pool/main/i/iso-codes/iso-codes_4.15.0-1_all.deb [2906084/2906084] -> "/home/nicolas/Escritorio/T113_SAXO_OS/debian_fs/debian_bookworm//var/cache/apt/archives/partial/iso-codes_4.15.0-1_all.deb" [1]
2026-05-21 10:14:39 URL:https://deb.debian.org/debian/pool/main/i/iw/iw_5.19-1_armhf.deb [93300/93300] -> "/home/nicolas/Escritorio/T113_SAXO_OS/debian_fs/debian_bookworm//var/cache/apt/archives/partial/iw_5.19-1_armhf.deb" [1]
2026-05-21 10:14:40 URL:https://deb.debian.org/debian/pool/main/j/jackd2/jackd2_1.9.21~dfsg-3_armhf.deb [282148/282148] -> "/home/nicolas/Escritorio/T113_SAXO_OS/debian_fs/debian_bookworm//var/cache/apt/archives/partial/jackd2_1.9.21~dfsg-3_armhf.deb" [1]
2026-05-21 10:14:40 URL:https://deb.debian.org/debian/pool/main/k/klibc/klibc-utils_2.0.12-1_armhf.deb [86236/86236] -> "/home/nicolas/Escritorio/T113_SAXO_OS/debian_fs/debian_bookworm//var/cache/apt/archives/partial/klibc-utils_2.0.12-1_armhf.deb" [1]
2026-05-21 10:14:40 URL:https://deb.debian.org/debian/pool/main/k/kmod/kmod_30+20221128-1_armhf.deb [84160/84160] -> "/home/nicolas/Escritorio/T113_SAXO_OS/debian_fs/debian_bookworm//var/cache/apt/archives/partial/kmod_30+20221128-1_armhf.deb" [1]
2026-05-21 10:14:40 URL:https://deb.debian.org/debian/pool/main/a/aalib/libaa1_1.4p5-50_armhf.deb [50856/50856] -> "/home/nicolas/Escritorio/T113_SAXO_OS/debian_fs/debian_bookworm//var/cache/apt/archives/partial/libaa1_1.4p5-50_armhf.deb" [1]
2026-05-21 10:14:41 URL:https://deb.debian.org/debian/pool/main/a/acl/libacl1_2.3.1-3_armhf.deb [28836/28836] -> "/home/nicolas/Escritorio/T113_SAXO_OS/debian_fs/debian_bookworm//var/cache/apt/archives/partial/libacl1_2.3.1-3_armhf.deb" [1]
2026-05-21 10:14:41 URL:https://deb.debian.org/debian/pool/main/a/aom/libaom3_3.6.0-1+deb12u2_armhf.deb [1368680/1368680] -> "/home/nicolas/Escritorio/T113_SAXO_OS/debian_fs/debian_bookworm//var/cache/apt/archives/partial/libaom3_3.6.0-1+deb12u2_armhf.deb" [1]
2026-05-21 10:14:41 URL:https://deb.debian.org/debian/pool/main/a/apparmor/libapparmor1_3.0.8-3_armhf.deb [36900/36900] -> "/home/nicolas/Escritorio/T113_SAXO_OS/debian_fs/debian_bookworm//var/cache/apt/archives/partial/libapparmor1_3.0.8-3_armhf.deb" [1]
2026-05-21 10:14:42 URL:https://deb.debian.org/debian/pool/main/a/apr/libapr1_1.7.2-3+deb12u1_armhf.deb [83052/83052] -> "/home/nicolas/Escritorio/T113_SAXO_OS/debian_fs/debian_bookworm//var/cache/apt/archives/partial/libapr1_1.7.2-3+deb12u1_armhf.deb" [1]
2026-05-21 10:14:42 URL:https://deb.debian.org/debian/pool/main/a/apr-util/libaprutil1_1.6.3-1_armhf.deb [77260/77260] -> "/home/nicolas/Escritorio/T113_SAXO_OS/debian_fs/debian_bookworm//var/cache/apt/archives/partial/libaprutil1_1.6.3-1_armhf.deb" [1]
2026-05-21 10:14:42 URL:https://deb.debian.org/debian/pool/main/a/apr-util/libaprutil1-dbd-sqlite3_1.6.3-1_armhf.deb [12176/12176] -> "/home/nicolas/Escritorio/T113_SAXO_OS/debian_fs/debian_bookworm//var/cache/apt/archives/partial/libaprutil1-dbd-sqlite3_1.6.3-1_armhf.deb" [1]
2026-05-21 10:14:42 URL:https://deb.debian.org/debian/pool/main/a/apr-util/libaprutil1-ldap_1.6.3-1_armhf.deb [11268/11268] -> "/home/nicolas/Escritorio/T113_SAXO_OS/debian_fs/debian_bookworm//var/cache/apt/archives/partial/libaprutil1-ldap_1.6.3-1_armhf.deb" [1]
2026-05-21 10:14:43 URL:https://deb.debian.org/debian/pool/main/liba/libapt-pkg-perl/libapt-pkg-perl_0.1.40+b2_armhf.deb [64484/64484] -> "/home/nicolas/Escritorio/T113_SAXO_OS/debian_fs/debian_bookworm//var/cache/apt/archives/partial/libapt-pkg-perl_0.1.40+b2_armhf.deb" [1]
2026-05-21 10:14:43 URL:https://deb.debian.org/debian/pool/main/a/apt/libapt-pkg6.0_2.6.1_armhf.deb [823536/823536] -> "/home/nicolas/Escritorio/T113_SAXO_OS/debian_fs/debian_bookworm//var/cache/apt/archives/partial/libapt-pkg6.0_2.6.1_armhf.deb" [1]
2026-05-21 10:14:43 URL:https://deb.debian.org/debian/pool/main/a/argon2/libargon2-1_0~20171227-0.3+deb12u1_armhf.deb [19560/19560] -> "/home/nicolas/Escritorio/T113_SAXO_OS/debian_fs/debian_bookworm//var/cache/apt/archives/partial/libargon2-1_0~20171227-0.3+deb12u1_armhf.deb" [1]
2026-05-21 10:14:46 URL:https://deb.debian.org/debian/pool/main/g/gcc-12/libasan8_12.2.0-14+deb12u1_armhf.deb [2112852/2112852] -> "/home/nicolas/Escritorio/T113_SAXO_OS/debian_fs/debian_bookworm//var/cache/apt/archives/partial/libasan8_12.2.0-14+deb12u1_armhf.deb" [1]
2026-05-21 10:14:46 URL:https://deb.debian.org/debian/pool/main/a/alsa-lib/libasound2_1.2.8-1+b1_armhf.deb [308656/308656] -> "/home/nicolas/Escritorio/T113_SAXO_OS/debian_fs/debian_bookworm//var/cache/apt/archives/partial/libasound2_1.2.8-1+b1_armhf.deb" [1]
2026-05-21 10:14:46 URL:https://deb.debian.org/debian/pool/main/a/alsa-lib/libasound2-data_1.2.8-1_all.deb [20488/20488] -> "/home/nicolas/Escritorio/T113_SAXO_OS/debian_fs/debian_bookworm//var/cache/apt/archives/partial/libasound2-data_1.2.8-1_all.deb" [1]
2026-05-21 10:14:46 URL:https://deb.debian.org/debian/pool/main/a/alsa-lib/libasound2-dev_1.2.8-1+b1_armhf.deb [109840/109840] -> "/home/nicolas/Escritorio/T113_SAXO_OS/debian_fs/debian_bookworm//var/cache/apt/archives/partial/libasound2-dev_1.2.8-1+b1_armhf.deb" [1]
2026-05-21 10:14:46 URL:https://deb.debian.org/debian/pool/main/a/alsa-plugins/libasound2-plugins_1.2.7.1-1_armhf.deb [67544/67544] -> "/home/nicolas/Escritorio/T113_SAXO_OS/debian_fs/debian_bookworm//var/cache/apt/archives/partial/libasound2-plugins_1.2.7.1-1_armhf.deb" [1]
2026-05-21 10:14:47 URL:https://deb.debian.org/debian/pool/main/liba/libasyncns/libasyncns0_0.8-6+b3_armhf.deb [11872/11872] -> "/home/nicolas/Escritorio/T113_SAXO_OS/debian_fs/debian_bookworm//var/cache/apt/archives/partial/libasyncns0_0.8-6+b3_armhf.deb" [1]
2026-05-21 10:14:47 URL:https://deb.debian.org/debian/pool/main/g/gcc-12/libatomic1_12.2.0-14+deb12u1_armhf.deb [6932/6932] -> "/home/nicolas/Escritorio/T113_SAXO_OS/debian_fs/debian_bookworm//var/cache/apt/archives/partial/libatomic1_12.2.0-14+deb12u1_armhf.deb" [1]
2026-05-21 10:14:47 URL:https://deb.debian.org/debian/pool/main/a/alsa-lib/libatopology2_1.2.8-1+b1_armhf.deb [44720/44720] -> "/home/nicolas/Escritorio/T113_SAXO_OS/debian_fs/debian_bookworm//var/cache/apt/archives/partial/libatopology2_1.2.8-1+b1_armhf.deb" [1]
2026-05-21 10:14:47 URL:https://deb.debian.org/debian/pool/main/a/attr/libattr1_2.5.1-4_armhf.deb [21136/21136] -> "/home/nicolas/Escritorio/T113_SAXO_OS/debian_fs/debian_bookworm//var/cache/apt/archives/partial/libattr1_1%3a2.5.1-4_armhf.deb" [1]
2026-05-21 10:14:48 URL:https://deb.debian.org/debian/pool/main/a/audit/libaudit-common_3.0.9-1_all.deb [10448/10448] -> "/home/nicolas/Escritorio/T113_SAXO_OS/debian_fs/debian_bookworm//var/cache/apt/archives/partial/libaudit-common_1%3a3.0.9-1_all.deb" [1]
2026-05-21 10:14:48 URL:https://deb.debian.org/debian/pool/main/a/audit/libaudit1_3.0.9-1_armhf.deb [43692/43692] -> "/home/nicolas/Escritorio/T113_SAXO_OS/debian_fs/debian_bookworm//var/cache/apt/archives/partial/libaudit1_1%3a3.0.9-1_armhf.deb" [1]
2026-05-21 10:14:48 URL:https://deb.debian.org/debian/pool/main/a/avahi/libavahi-client3_0.8-10+deb12u1_armhf.deb [42092/42092] -> "/home/nicolas/Escritorio/T113_SAXO_OS/debian_fs/debian_bookworm//var/cache/apt/archives/partial/libavahi-client3_0.8-10+deb12u1_armhf.deb" [1]
2026-05-21 10:14:48 URL:https://deb.debian.org/debian/pool/main/a/avahi/libavahi-common-data_0.8-10+deb12u1_armhf.deb [107160/107160] -> "/home/nicolas/Escritorio/T113_SAXO_OS/debian_fs/debian_bookworm//var/cache/apt/archives/partial/libavahi-common-data_0.8-10+deb12u1_armhf.deb" [1]
2026-05-21 10:14:49 URL:https://deb.debian.org/debian/pool/main/a/avahi/libavahi-common3_0.8-10+deb12u1_armhf.deb [38928/38928] -> "/home/nicolas/Escritorio/T113_SAXO_OS/debian_fs/debian_bookworm//var/cache/apt/archives/partial/libavahi-common3_0.8-10+deb12u1_armhf.deb" [1]
2026-05-21 10:14:49 URL:https://deb.debian.org/debian/pool/main/f/ffmpeg/libavcodec59_5.1.8-0+deb12u1_armhf.deb [4693196/4693196] -> "/home/nicolas/Escritorio/T113_SAXO_OS/debian_fs/debian_bookworm//var/cache/apt/archives/partial/libavcodec59_7%3a5.1.8-0+deb12u1_armhf.deb" [1]
2026-05-21 10:14:49 URL:https://deb.debian.org/debian/pool/main/f/ffmpeg/libavutil57_5.1.8-0+deb12u1_armhf.deb [343092/343092] -> "/home/nicolas/Escritorio/T113_SAXO_OS/debian_fs/debian_bookworm//var/cache/apt/archives/partial/libavutil57_7%3a5.1.8-0+deb12u1_armhf.deb" [1]
2026-05-21 10:14:50 URL:https://deb.debian.org/debian/pool/main/b/binutils/libbinutils_2.40-2_armhf.deb [406448/406448] -> "/home/nicolas/Escritorio/T113_SAXO_OS/debian_fs/debian_bookworm//var/cache/apt/archives/partial/libbinutils_2.40-2_armhf.deb" [1]
2026-05-21 10:14:50 URL:https://deb.debian.org/debian/pool/main/u/util-linux/libblkid-dev_2.38.1-5+deb12u3_armhf.deb [169556/169556] -> "/home/nicolas/Escritorio/T113_SAXO_OS/debian_fs/debian_bookworm//var/cache/apt/archives/partial/libblkid-dev_2.38.1-5+deb12u3_armhf.deb" [1]
2026-05-21 10:14:50 URL:https://deb.debian.org/debian/pool/main/u/util-linux/libblkid1_2.38.1-5+deb12u3_armhf.deb [131072/131072] -> "/home/nicolas/Escritorio/T113_SAXO_OS/debian_fs/debian_bookworm//var/cache/apt/archives/partial/libblkid1_2.38.1-5+deb12u3_armhf.deb" [1]
2026-05-21 10:14:50 URL:https://deb.debian.org/debian/pool/main/libb/libbpf/libbpf1_1.1.2-0+deb12u1_armhf.deb [124984/124984] -> "/home/nicolas/Escritorio/T113_SAXO_OS/debian_fs/debian_bookworm//var/cache/apt/archives/partial/libbpf1_1%3a1.1.2-0+deb12u1_armhf.deb" [1]
2026-05-21 10:14:51 URL:https://deb.debian.org/debian/pool/main/b/brotli/libbrotli1_1.0.9-2+b6_armhf.deb [271040/271040] -> "/home/nicolas/Escritorio/T113_SAXO_OS/debian_fs/debian_bookworm//var/cache/apt/archives/partial/libbrotli1_1.0.9-2+b6_armhf.deb" [1]
2026-05-21 10:14:51 URL:https://deb.debian.org/debian/pool/main/libb/libbsd/libbsd0_0.11.7-2_armhf.deb [112608/112608] -> "/home/nicolas/Escritorio/T113_SAXO_OS/debian_fs/debian_bookworm//var/cache/apt/archives/partial/libbsd0_0.11.7-2_armhf.deb" [1]
2026-05-21 10:14:51 URL:https://deb.debian.org/debian/pool/main/b/bzip2/libbz2-1.0_1.0.8-5+b1_armhf.deb [44140/44140] -> "/home/nicolas/Escritorio/T113_SAXO_OS/debian_fs/debian_bookworm//var/cache/apt/archives/partial/libbz2-1.0_1.0.8-5+b1_armhf.deb" [1]
2026-05-21 10:14:51 URL:https://deb.debian.org/debian/pool/main/g/glibc/libc-bin_2.36-9+deb12u14_armhf.deb [505596/505596] -> "/home/nicolas/Escritorio/T113_SAXO_OS/debian_fs/debian_bookworm//var/cache/apt/archives/partial/libc-bin_2.36-9+deb12u14_armhf.deb" [1]
2026-05-21 10:14:51 URL:https://deb.debian.org/debian/pool/main/g/glibc/libc-dev-bin_2.36-9+deb12u14_armhf.deb [46704/46704] -> "/home/nicolas/Escritorio/T113_SAXO_OS/debian_fs/debian_bookworm//var/cache/apt/archives/partial/libc-dev-bin_2.36-9+deb12u14_armhf.deb" [1]
2026-05-21 10:14:52 URL:https://deb.debian.org/debian/pool/main/g/glibc/libc-l10n_2.36-9+deb12u14_all.deb [676384/676384] -> "/home/nicolas/Escritorio/T113_SAXO_OS/debian_fs/debian_bookworm//var/cache/apt/archives/partial/libc-l10n_2.36-9+deb12u14_all.deb" [1]
2026-05-21 10:14:52 URL:https://deb.debian.org/debian/pool/main/g/glibc/libc6_2.36-9+deb12u14_armhf.deb [2146016/2146016] -> "/home/nicolas/Escritorio/T113_SAXO_OS/debian_fs/debian_bookworm//var/cache/apt/archives/partial/libc6_2.36-9+deb12u14_armhf.deb" [1]
2026-05-21 10:14:52 URL:https://deb.debian.org/debian/pool/main/g/glibc/libc6-dev_2.36-9+deb12u14_armhf.deb [1270320/1270320] -> "/home/nicolas/Escritorio/T113_SAXO_OS/debian_fs/debian_bookworm//var/cache/apt/archives/partial/libc6-dev_2.36-9+deb12u14_armhf.deb" [1]
2026-05-21 10:14:52 URL:https://deb.debian.org/debian/pool/main/libc/libcaca/libcaca0_0.99.beta20-3_armhf.deb [193892/193892] -> "/home/nicolas/Escritorio/T113_SAXO_OS/debian_fs/debian_bookworm//var/cache/apt/archives/partial/libcaca0_0.99.beta20-3_armhf.deb" [1]
2026-05-21 10:14:53 URL:https://deb.debian.org/debian/pool/main/c/cairo/libcairo-gobject2_1.16.0-7_armhf.deb [110920/110920] -> "/home/nicolas/Escritorio/T113_SAXO_OS/debian_fs/debian_bookworm//var/cache/apt/archives/partial/libcairo-gobject2_1.16.0-7_armhf.deb" [1]
2026-05-21 10:14:53 URL:https://deb.debian.org/debian/pool/main/c/cairo/libcairo2_1.16.0-7_armhf.deb [492640/492640] -> "/home/nicolas/Escritorio/T113_SAXO_OS/debian_fs/debian_bookworm//var/cache/apt/archives/partial/libcairo2_1.16.0-7_armhf.deb" [1]
2026-05-21 10:14:53 URL:https://deb.debian.org/debian/pool/main/libc/libcap-ng/libcap-ng0_0.8.3-1+b3_armhf.deb [15476/15476] -> "/home/nicolas/Escritorio/T113_SAXO_OS/debian_fs/debian_bookworm//var/cache/apt/archives/partial/libcap-ng0_0.8.3-1+b3_armhf.deb" [1]
2026-05-21 10:14:53 URL:https://deb.debian.org/debian/pool/main/libc/libcap2/libcap2_2.66-4+deb12u3+b1_armhf.deb [23680/23680] -> "/home/nicolas/Escritorio/T113_SAXO_OS/debian_fs/debian_bookworm//var/cache/apt/archives/partial/libcap2_1%3a2.66-4+deb12u3+b1_armhf.deb" [1]
2026-05-21 10:14:54 URL:https://deb.debian.org/debian/pool/main/libc/libcap2/libcap2-bin_2.66-4+deb12u3+b1_armhf.deb [33424/33424] -> "/home/nicolas/Escritorio/T113_SAXO_OS/debian_fs/debian_bookworm//var/cache/apt/archives/partial/libcap2-bin_1%3a2.66-4+deb12u3+b1_armhf.deb" [1]
2026-05-21 10:14:54 URL:https://deb.debian.org/debian/pool/main/libc/libcbor/libcbor0.8_0.8.0-2+b1_armhf.deb [23092/23092] -> "/home/nicolas/Escritorio/T113_SAXO_OS/debian_fs/debian_bookworm//var/cache/apt/archives/partial/libcbor0.8_0.8.0-2+b1_armhf.deb" [1]
2026-05-21 10:14:54 URL:https://deb.debian.org/debian/pool/main/g/gcc-12/libcc1-0_12.2.0-14+deb12u1_armhf.deb [32824/32824] -> "/home/nicolas/Escritorio/T113_SAXO_OS/debian_fs/debian_bookworm//var/cache/apt/archives/partial/libcc1-0_12.2.0-14+deb12u1_armhf.deb" [1]
2026-05-21 10:14:54 URL:https://deb.debian.org/debian/pool/main/c/codec2/libcodec2-1.0_1.0.5-1_armhf.deb [8150504/8150504] -> "/home/nicolas/Escritorio/T113_SAXO_OS/debian_fs/debian_bookworm//var/cache/apt/archives/partial/libcodec2-1.0_1.0.5-1_armhf.deb" [1]
2026-05-21 10:14:55 URL:https://deb.debian.org/debian/pool/main/e/e2fsprogs/libcom-err2_1.47.0-2+b2_armhf.deb [19272/19272] -> "/home/nicolas/Escritorio/T113_SAXO_OS/debian_fs/debian_bookworm//var/cache/apt/archives/partial/libcom-err2_1.47.0-2+b2_armhf.deb" [1]
2026-05-21 10:14:55 URL:https://deb.debian.org/debian/pool/main/libx/libxcrypt/libcrypt-dev_4.4.33-2_armhf.deb [124528/124528] -> "/home/nicolas/Escritorio/T113_SAXO_OS/debian_fs/debian_bookworm//var/cache/apt/archives/partial/libcrypt-dev_1%3a4.4.33-2_armhf.deb" [1]
2026-05-21 10:14:55 URL:https://deb.debian.org/debian/pool/main/libx/libxcrypt/libcrypt1_4.4.33-2_armhf.deb [95644/95644] -> "/home/nicolas/Escritorio/T113_SAXO_OS/debian_fs/debian_bookworm//var/cache/apt/archives/partial/libcrypt1_1%3a4.4.33-2_armhf.deb" [1]
2026-05-21 10:14:55 URL:https://deb.debian.org/debian/pool/main/c/cryptsetup/libcryptsetup12_2.6.1-4~deb12u2_armhf.deb [196340/196340] -> "/home/nicolas/Escritorio/T113_SAXO_OS/debian_fs/debian_bookworm//var/cache/apt/archives/partial/libcryptsetup12_2%3a2.6.1-4~deb12u2_armhf.deb" [1]
2026-05-21 10:14:55 URL:https://deb.debian.org/debian/pool/main/b/binutils/libctf-nobfd0_2.40-2_armhf.deb [131924/131924] -> "/home/nicolas/Escritorio/T113_SAXO_OS/debian_fs/debian_bookworm//var/cache/apt/archives/partial/libctf-nobfd0_2.40-2_armhf.deb" [1]
2026-05-21 10:14:56 URL:https://deb.debian.org/debian/pool/main/b/binutils/libctf0_2.40-2_armhf.deb [71084/71084] -> "/home/nicolas/Escritorio/T113_SAXO_OS/debian_fs/debian_bookworm//var/cache/apt/archives/partial/libctf0_2.40-2_armhf.deb" [1]
2026-05-21 10:14:56 URL:https://deb.debian.org/debian/pool/main/c/curl/libcurl4_7.88.1-10+deb12u14_armhf.deb [351604/351604] -> "/home/nicolas/Escritorio/T113_SAXO_OS/debian_fs/debian_bookworm//var/cache/apt/archives/partial/libcurl4_7.88.1-10+deb12u14_armhf.deb" [1]
2026-05-21 10:14:56 URL:https://deb.debian.org/debian/pool/main/libd/libdatrie/libdatrie1_0.2.13-2+b1_armhf.deb [39900/39900] -> "/home/nicolas/Escritorio/T113_SAXO_OS/debian_fs/debian_bookworm//var/cache/apt/archives/partial/libdatrie1_0.2.13-2+b1_armhf.deb" [1]
2026-05-21 10:14:57 URL:https://deb.debian.org/debian/pool/main/d/dav1d/libdav1d6_1.0.0-2+deb12u1_armhf.deb [261988/261988] -> "/home/nicolas/Escritorio/T113_SAXO_OS/debian_fs/debian_bookworm//var/cache/apt/archives/partial/libdav1d6_1.0.0-2+deb12u1_armhf.deb" [1]
2026-05-21 10:14:57 URL:https://deb.debian.org/debian/pool/main/d/db5.3/libdb5.3_5.3.28+dfsg2-1_armhf.deb [593844/593844] -> "/home/nicolas/Escritorio/T113_SAXO_OS/debian_fs/debian_bookworm//var/cache/apt/archives/partial/libdb5.3_5.3.28+dfsg2-1_armhf.deb" [1]
2026-05-21 10:14:57 URL:https://deb.debian.org/debian/pool/main/d/dbus/libdbus-1-3_1.14.10-1~deb12u1_armhf.deb [178244/178244] -> "/home/nicolas/Escritorio/T113_SAXO_OS/debian_fs/debian_bookworm//var/cache/apt/archives/partial/libdbus-1-3_1.14.10-1~deb12u1_armhf.deb" [1]
2026-05-21 10:14:57 URL:https://deb.debian.org/debian/pool/main/c/cdebconf/libdebconfclient0_0.270_armhf.deb [9488/9488] -> "/home/nicolas/Escritorio/T113_SAXO_OS/debian_fs/debian_bookworm//var/cache/apt/archives/partial/libdebconfclient0_0.270_armhf.deb" [1]
2026-05-21 10:14:58 URL:https://deb.debian.org/debian/pool/main/libd/libdeflate/libdeflate0_1.14-1_armhf.deb [52180/52180] -> "/home/nicolas/Escritorio/T113_SAXO_OS/debian_fs/debian_bookworm//var/cache/apt/archives/partial/libdeflate0_1.14-1_armhf.deb" [1]
2026-05-21 10:14:58 URL:https://deb.debian.org/debian/pool/main/l/lvm2/libdevmapper1.02.1_1.02.185-2_armhf.deb [124828/124828] -> "/home/nicolas/Escritorio/T113_SAXO_OS/debian_fs/debian_bookworm//var/cache/apt/archives/partial/libdevmapper1.02.1_2%3a1.02.185-2_armhf.deb" [1]
2026-05-21 10:14:58 URL:https://deb.debian.org/debian/pool/main/d/djvulibre/libdjvulibre-text_3.5.28-2.2~deb12u1_all.deb [52076/52076] -> "/home/nicolas/Escritorio/T113_SAXO_OS/debian_fs/debian_bookworm//var/cache/apt/archives/partial/libdjvulibre-text_3.5.28-2.2~deb12u1_all.deb" [1]
2026-05-21 10:14:58 URL:https://deb.debian.org/debian/pool/main/d/djvulibre/libdjvulibre21_3.5.28-2.2~deb12u1_armhf.deb [489696/489696] -> "/home/nicolas/Escritorio/T113_SAXO_OS/debian_fs/debian_bookworm//var/cache/apt/archives/partial/libdjvulibre21_3.5.28-2.2~deb12u1_armhf.deb" [1]
2026-05-21 10:14:58 URL:https://deb.debian.org/debian/pool/main/d/dpkg/libdpkg-perl_1.21.23_all.deb [603796/603796] -> "/home/nicolas/Escritorio/T113_SAXO_OS/debian_fs/debian_bookworm//var/cache/apt/archives/partial/libdpkg-perl_1.21.23_all.deb" [1]
2026-05-21 10:14:58 URL:https://deb.debian.org/debian/pool/main/libd/libdrm/libdrm-common_2.4.114-1_all.deb [7112/7112] -> "/home/nicolas/Escritorio/T113_SAXO_OS/debian_fs/debian_bookworm//var/cache/apt/archives/partial/libdrm-common_2.4.114-1_all.deb" [1]
2026-05-21 10:14:58 URL:https://deb.debian.org/debian/pool/main/libd/libdrm/libdrm2_2.4.114-1+b1_armhf.deb [32952/32952] -> "/home/nicolas/Escritorio/T113_SAXO_OS/debian_fs/debian_bookworm//var/cache/apt/archives/partial/libdrm2_2.4.114-1+b1_armhf.deb" [1]
2026-05-21 10:14:59 URL:https://deb.debian.org/debian/pool/main/e/elfutils/libdw1_0.188-2.1_armhf.deb [214792/214792] -> "/home/nicolas/Escritorio/T113_SAXO_OS/debian_fs/debian_bookworm//var/cache/apt/archives/partial/libdw1_0.188-2.1_armhf.deb" [1]
2026-05-21 10:14:59 URL:https://deb.debian.org/debian/pool/main/libe/libedit/libedit2_3.1-20221030-2_armhf.deb [76984/76984] -> "/home/nicolas/Escritorio/T113_SAXO_OS/debian_fs/debian_bookworm//var/cache/apt/archives/partial/libedit2_3.1-20221030-2_armhf.deb" [1]
2026-05-21 10:14:59 URL:https://deb.debian.org/debian/pool/main/e/elfutils/libelf1_0.188-2.1_armhf.deb [169520/169520] -> "/home/nicolas/Escritorio/T113_SAXO_OS/debian_fs/debian_bookworm//var/cache/apt/archives/partial/libelf1_0.188-2.1_armhf.deb" [1]
2026-05-21 10:14:59 URL:https://deb.debian.org/debian/pool/main/libe/libevent/libevent-2.1-7_2.1.12-stable-8_armhf.deb [161452/161452] -> "/home/nicolas/Escritorio/T113_SAXO_OS/debian_fs/debian_bookworm//var/cache/apt/archives/partial/libevent-2.1-7_2.1.12-stable-8_armhf.deb" [1]
2026-05-21 10:15:00 URL:https://deb.debian.org/debian/pool/main/libe/libexif/libexif12_0.6.24-1+deb12u1_armhf.deb [383820/383820] -> "/home/nicolas/Escritorio/T113_SAXO_OS/debian_fs/debian_bookworm//var/cache/apt/archives/partial/libexif12_0.6.24-1+deb12u1_armhf.deb" [1]
2026-05-21 10:15:00 URL:https://deb.debian.org/debian/pool/main/e/expat/libexpat1_2.5.0-1+deb12u2_armhf.deb [81908/81908] -> "/home/nicolas/Escritorio/T113_SAXO_OS/debian_fs/debian_bookworm//var/cache/apt/archives/partial/libexpat1_2.5.0-1+deb12u2_armhf.deb" [1]
2026-05-21 10:15:00 URL:https://deb.debian.org/debian/pool/main/e/e2fsprogs/libext2fs2_1.47.0-2+b2_armhf.deb [186208/186208] -> "/home/nicolas/Escritorio/T113_SAXO_OS/debian_fs/debian_bookworm//var/cache/apt/archives/partial/libext2fs2_1.47.0-2+b2_armhf.deb" [1]
2026-05-21 10:15:00 URL:https://deb.debian.org/debian/pool/main/f/faust/libfaust2_2.54.9+ds0-1_armhf.deb [1728016/1728016] -> "/home/nicolas/Escritorio/T113_SAXO_OS/debian_fs/debian_bookworm//var/cache/apt/archives/partial/libfaust2_2.54.9+ds0-1_armhf.deb" [1]
2026-05-21 10:15:01 URL:https://deb.debian.org/debian/pool/main/u/util-linux/libfdisk1_2.38.1-5+deb12u3_armhf.deb [177500/177500] -> "/home/nicolas/Escritorio/T113_SAXO_OS/debian_fs/debian_bookworm//var/cache/apt/archives/partial/libfdisk1_2.38.1-5+deb12u3_armhf.deb" [1]
2026-05-21 10:15:01 URL:https://deb.debian.org/debian/pool/main/libf/libffi/libffi-dev_3.4.4-1_armhf.deb [55008/55008] -> "/home/nicolas/Escritorio/T113_SAXO_OS/debian_fs/debian_bookworm//var/cache/apt/archives/partial/libffi-dev_3.4.4-1_armhf.deb" [1]
2026-05-21 10:15:01 URL:https://deb.debian.org/debian/pool/main/libf/libffi/libffi8_3.4.4-1_armhf.deb [19528/19528] -> "/home/nicolas/Escritorio/T113_SAXO_OS/debian_fs/debian_bookworm//var/cache/apt/archives/partial/libffi8_3.4.4-1_armhf.deb" [1]
2026-05-21 10:15:01 URL:https://deb.debian.org/debian/pool/main/f/fftw3/libfftw3-single3_3.3.10-1_armhf.deb [515800/515800] -> "/home/nicolas/Escritorio/T113_SAXO_OS/debian_fs/debian_bookworm//var/cache/apt/archives/partial/libfftw3-single3_3.3.10-1_armhf.deb" [1]
2026-05-21 10:15:02 URL:https://deb.debian.org/debian/pool/main/libf/libfido2/libfido2-1_1.12.0-2+b1_armhf.deb [69280/69280] -> "/home/nicolas/Escritorio/T113_SAXO_OS/debian_fs/debian_bookworm//var/cache/apt/archives/partial/libfido2-1_1.12.0-2+b1_armhf.deb" [1]
2026-05-21 10:15:02 URL:https://deb.debian.org/debian/pool/main/f/flac/libflac-dev_1.4.2+ds-2_armhf.deb [200528/200528] -> "/home/nicolas/Escritorio/T113_SAXO_OS/debian_fs/debian_bookworm//var/cache/apt/archives/partial/libflac-dev_1.4.2+ds-2_armhf.deb" [1]
2026-05-21 10:15:02 URL:https://deb.debian.org/debian/pool/main/f/flac/libflac12_1.4.2+ds-2_armhf.deb [150760/150760] -> "/home/nicolas/Escritorio/T113_SAXO_OS/debian_fs/debian_bookworm//var/cache/apt/archives/partial/libflac12_1.4.2+ds-2_armhf.deb" [1]
2026-05-21 10:15:03 URL:https://deb.debian.org/debian/pool/main/f/fontconfig/libfontconfig1_2.14.1-4_armhf.deb [367628/367628] -> "/home/nicolas/Escritorio/T113_SAXO_OS/debian_fs/debian_bookworm//var/cache/apt/archives/partial/libfontconfig1_2.14.1-4_armhf.deb" [1]
2026-05-21 10:15:03 URL:https://deb.debian.org/debian/pool/main/f/freetype/libfreetype6_2.12.1+dfsg-5+deb12u4_armhf.deb [331196/331196] -> "/home/nicolas/Escritorio/T113_SAXO_OS/debian_fs/debian_bookworm//var/cache/apt/archives/partial/libfreetype6_2.12.1+dfsg-5+deb12u4_armhf.deb" [1]
2026-05-21 10:15:03 URL:https://deb.debian.org/debian/pool/main/f/fribidi/libfribidi0_1.0.8-2.1_armhf.deb [63088/63088] -> "/home/nicolas/Escritorio/T113_SAXO_OS/debian_fs/debian_bookworm//var/cache/apt/archives/partial/libfribidi0_1.0.8-2.1_armhf.deb" [1]
2026-05-21 10:15:03 URL:https://deb.debian.org/debian/pool/main/libf/libftdi/libftdi1_0.20-4+b1_armhf.deb [17352/17352] -> "/home/nicolas/Escritorio/T113_SAXO_OS/debian_fs/debian_bookworm//var/cache/apt/archives/partial/libftdi1_0.20-4+b1_armhf.deb" [1]
2026-05-21 10:15:04 URL:https://deb.debian.org/debian/pool/main/libf/libftdi1/libftdi1-2_1.5-6+b2_armhf.deb [28616/28616] -> "/home/nicolas/Escritorio/T113_SAXO_OS/debian_fs/debian_bookworm//var/cache/apt/archives/partial/libftdi1-2_1.5-6+b2_armhf.deb" [1]
2026-05-21 10:15:04 URL:https://deb.debian.org/debian/pool/main/libf/libftdi1/libftdi1-dev_1.5-6+b2_armhf.deb [36380/36380] -> "/home/nicolas/Escritorio/T113_SAXO_OS/debian_fs/debian_bookworm//var/cache/apt/archives/partial/libftdi1-dev_1.5-6+b2_armhf.deb" [1]
2026-05-21 10:15:04 URL:https://deb.debian.org/debian/pool/main/g/gcc-12/libgcc-12-dev_12.2.0-14+deb12u1_armhf.deb [741008/741008] -> "/home/nicolas/Escritorio/T113_SAXO_OS/debian_fs/debian_bookworm//var/cache/apt/archives/partial/libgcc-12-dev_12.2.0-14+deb12u1_armhf.deb" [1]
2026-05-21 10:15:05 URL:https://deb.debian.org/debian/pool/main/g/gcc-12/libgcc-s1_12.2.0-14+deb12u1_armhf.deb [36464/36464] -> "/home/nicolas/Escritorio/T113_SAXO_OS/debian_fs/debian_bookworm//var/cache/apt/archives/partial/libgcc-s1_12.2.0-14+deb12u1_armhf.deb" [1]
2026-05-21 10:15:05 URL:https://deb.debian.org/debian/pool/main/libg/libgcrypt20/libgcrypt20_1.10.1-3_armhf.deb [619416/619416] -> "/home/nicolas/Escritorio/T113_SAXO_OS/debian_fs/debian_bookworm//var/cache/apt/archives/partial/libgcrypt20_1.10.1-3_armhf.deb" [1]
2026-05-21 10:15:05 URL:https://deb.debian.org/debian/pool/main/g/gdbm/libgdbm-compat4_1.23-3_armhf.deb [47788/47788] -> "/home/nicolas/Escritorio/T113_SAXO_OS/debian_fs/debian_bookworm//var/cache/apt/archives/partial/libgdbm-compat4_1.23-3_armhf.deb" [1]
2026-05-21 10:15:05 URL:https://deb.debian.org/debian/pool/main/g/gdbm/libgdbm6_1.23-3_armhf.deb [68472/68472] -> "/home/nicolas/Escritorio/T113_SAXO_OS/debian_fs/debian_bookworm//var/cache/apt/archives/partial/libgdbm6_1.23-3_armhf.deb" [1]
2026-05-21 10:15:05 URL:https://deb.debian.org/debian/pool/main/g/gdk-pixbuf/libgdk-pixbuf-2.0-0_2.42.10+dfsg-1+deb12u4_armhf.deb [123552/123552] -> "/home/nicolas/Escritorio/T113_SAXO_OS/debian_fs/debian_bookworm//var/cache/apt/archives/partial/libgdk-pixbuf-2.0-0_2.42.10+dfsg-1+deb12u4_armhf.deb" [1]
2026-05-21 10:15:05 URL:https://deb.debian.org/debian/pool/main/g/gdk-pixbuf/libgdk-pixbuf2.0-common_2.42.10+dfsg-1+deb12u4_all.deb [306756/306756] -> "/home/nicolas/Escritorio/T113_SAXO_OS/debian_fs/debian_bookworm//var/cache/apt/archives/partial/libgdk-pixbuf2.0-common_2.42.10+dfsg-1+deb12u4_all.deb" [1]
2026-05-21 10:15:05 URL:https://deb.debian.org/debian/pool/main/g/giflib/libgif7_5.2.1-2.5_armhf.deb [44436/44436] -> "/home/nicolas/Escritorio/T113_SAXO_OS/debian_fs/debian_bookworm//var/cache/apt/archives/partial/libgif7_5.2.1-2.5_armhf.deb" [1]
2026-05-21 10:15:06 URL:https://deb.debian.org/debian/pool/main/g/glib2.0/libglib2.0-0_2.74.6-2+deb12u9_armhf.deb [1232412/1232412] -> "/home/nicolas/Escritorio/T113_SAXO_OS/debian_fs/debian_bookworm//var/cache/apt/archives/partial/libglib2.0-0_2.74.6-2+deb12u9_armhf.deb" [1]
2026-05-21 10:15:06 URL:https://deb.debian.org/debian/pool/main/g/glib2.0/libglib2.0-bin_2.74.6-2+deb12u9_armhf.deb [105176/105176] -> "/home/nicolas/Escritorio/T113_SAXO_OS/debian_fs/debian_bookworm//var/cache/apt/archives/partial/libglib2.0-bin_2.74.6-2+deb12u9_armhf.deb" [1]
2026-05-21 10:15:06 URL:https://deb.debian.org/debian/pool/main/g/glib2.0/libglib2.0-data_2.74.6-2+deb12u9_all.deb [1211164/1211164] -> "/home/nicolas/Escritorio/T113_SAXO_OS/debian_fs/debian_bookworm//var/cache/apt/archives/partial/libglib2.0-data_2.74.6-2+deb12u9_all.deb" [1]
2026-05-21 10:15:06 URL:https://deb.debian.org/debian/pool/main/g/glib2.0/libglib2.0-dev_2.74.6-2+deb12u9_armhf.deb [1484220/1484220] -> "/home/nicolas/Escritorio/T113_SAXO_OS/debian_fs/debian_bookworm//var/cache/apt/archives/partial/libglib2.0-dev_2.74.6-2+deb12u9_armhf.deb" [1]
2026-05-21 10:15:07 URL:https://deb.debian.org/debian/pool/main/g/glib2.0/libglib2.0-dev-bin_2.74.6-2+deb12u9_armhf.deb [149552/149552] -> "/home/nicolas/Escritorio/T113_SAXO_OS/debian_fs/debian_bookworm//var/cache/apt/archives/partial/libglib2.0-dev-bin_2.74.6-2+deb12u9_armhf.deb" [1]
2026-05-21 10:15:07 URL:https://deb.debian.org/debian/pool/main/g/gmp/libgmp-dev_6.2.1+dfsg1-1.1_armhf.deb [592996/592996] -> "/home/nicolas/Escritorio/T113_SAXO_OS/debian_fs/debian_bookworm//var/cache/apt/archives/partial/libgmp-dev_2%3a6.2.1+dfsg1-1.1_armhf.deb" [1]
2026-05-21 10:15:07 URL:https://deb.debian.org/debian/pool/main/g/gmp/libgmp10_6.2.1+dfsg1-1.1_armhf.deb [514280/514280] -> "/home/nicolas/Escritorio/T113_SAXO_OS/debian_fs/debian_bookworm//var/cache/apt/archives/partial/libgmp10_2%3a6.2.1+dfsg1-1.1_armhf.deb" [1]
2026-05-21 10:15:08 URL:https://deb.debian.org/debian/pool/main/g/gmp/libgmpxx4ldbl_6.2.1+dfsg1-1.1_armhf.deb [337528/337528] -> "/home/nicolas/Escritorio/T113_SAXO_OS/debian_fs/debian_bookworm//var/cache/apt/archives/partial/libgmpxx4ldbl_2%3a6.2.1+dfsg1-1.1_armhf.deb" [1]
2026-05-21 10:15:08 URL:https://deb.debian.org/debian/pool/main/g/gnutls28/libgnutls-dane0_3.7.9-2+deb12u6_armhf.deb [400512/400512] -> "/home/nicolas/Escritorio/T113_SAXO_OS/debian_fs/debian_bookworm//var/cache/apt/archives/partial/libgnutls-dane0_3.7.9-2+deb12u6_armhf.deb" [1]
2026-05-21 10:15:08 URL:https://deb.debian.org/debian/pool/main/g/gnutls28/libgnutls-openssl27_3.7.9-2+deb12u6_armhf.deb [400324/400324] -> "/home/nicolas/Escritorio/T113_SAXO_OS/debian_fs/debian_bookworm//var/cache/apt/archives/partial/libgnutls-openssl27_3.7.9-2+deb12u6_armhf.deb" [1]
2026-05-21 10:15:09 URL:https://deb.debian.org/debian/pool/main/g/gnutls28/libgnutls28-dev_3.7.9-2+deb12u6_armhf.deb [1289864/1289864] -> "/home/nicolas/Escritorio/T113_SAXO_OS/debian_fs/debian_bookworm//var/cache/apt/archives/partial/libgnutls28-dev_3.7.9-2+deb12u6_armhf.deb" [1]
2026-05-21 10:15:09 URL:https://deb.debian.org/debian/pool/main/g/gnutls28/libgnutls30_3.7.9-2+deb12u6_armhf.deb [1323160/1323160] -> "/home/nicolas/Escritorio/T113_SAXO_OS/debian_fs/debian_bookworm//var/cache/apt/archives/partial/libgnutls30_3.7.9-2+deb12u6_armhf.deb" [1]
2026-05-21 10:15:09 URL:https://deb.debian.org/debian/pool/main/g/gnutls28/libgnutlsxx30_3.7.9-2+deb12u6_armhf.deb [12224/12224] -> "/home/nicolas/Escritorio/T113_SAXO_OS/debian_fs/debian_bookworm//var/cache/apt/archives/partial/libgnutlsxx30_3.7.9-2+deb12u6_armhf.deb" [1]
2026-05-21 10:15:09 URL:https://deb.debian.org/debian/pool/main/g/gcc-12/libgomp1_12.2.0-14+deb12u1_armhf.deb [96820/96820] -> "/home/nicolas/Escritorio/T113_SAXO_OS/debian_fs/debian_bookworm//var/cache/apt/archives/partial/libgomp1_12.2.0-14+deb12u1_armhf.deb" [1]
2026-05-21 10:15:10 URL:https://deb.debian.org/debian/pool/main/libg/libgpg-error/libgpg-error0_1.46-1_armhf.deb [66712/66712] -> "/home/nicolas/Escritorio/T113_SAXO_OS/debian_fs/debian_bookworm//var/cache/apt/archives/partial/libgpg-error0_1.46-1_armhf.deb" [1]
2026-05-21 10:15:10 URL:https://deb.debian.org/debian/pool/main/libg/libgpiod/libgpiod2_1.6.3-1+b3_armhf.deb [34268/34268] -> "/home/nicolas/Escritorio/T113_SAXO_OS/debian_fs/debian_bookworm//var/cache/apt/archives/partial/libgpiod2_1.6.3-1+b3_armhf.deb" [1]
2026-05-21 10:15:10 URL:https://deb.debian.org/debian/pool/main/g/gpm/libgpm2_1.20.7-10+b1_armhf.deb [13396/13396] -> "/home/nicolas/Escritorio/T113_SAXO_OS/debian_fs/debian_bookworm//var/cache/apt/archives/partial/libgpm2_1.20.7-10+b1_armhf.deb" [1]
2026-05-21 10:15:10 URL:https://deb.debian.org/debian/pool/main/g/graphite2/libgraphite2-3_1.3.14-1_armhf.deb [70460/70460] -> "/home/nicolas/Escritorio/T113_SAXO_OS/debian_fs/debian_bookworm//var/cache/apt/archives/partial/libgraphite2-3_1.3.14-1_armhf.deb" [1]
2026-05-21 10:15:10 URL:https://deb.debian.org/debian/pool/main/libg/libgsm/libgsm1_1.0.22-1_armhf.deb [27876/27876] -> "/home/nicolas/Escritorio/T113_SAXO_OS/debian_fs/debian_bookworm//var/cache/apt/archives/partial/libgsm1_1.0.22-1_armhf.deb" [1]
2026-05-21 10:15:11 URL:https://deb.debian.org/debian/pool/main/k/krb5/libgssapi-krb5-2_1.20.1-2+deb12u4_armhf.deb [111768/111768] -> "/home/nicolas/Escritorio/T113_SAXO_OS/debian_fs/debian_bookworm//var/cache/apt/archives/partial/libgssapi-krb5-2_1.20.1-2+deb12u4_armhf.deb" [1]
2026-05-21 10:15:11 URL:https://deb.debian.org/debian/pool/main/g/gst-plugins-base1.0/libgstreamer-plugins-base1.0-0_1.22.0-3+deb12u6_armhf.deb [856472/856472] -> "/home/nicolas/Escritorio/T113_SAXO_OS/debian_fs/debian_bookworm//var/cache/apt/archives/partial/libgstreamer-plugins-base1.0-0_1.22.0-3+deb12u6_armhf.deb" [1]
2026-05-21 10:15:11 URL:https://deb.debian.org/debian/pool/main/g/gstreamer1.0/libgstreamer1.0-0_1.22.0-2+deb12u1_armhf.deb [1097328/1097328] -> "/home/nicolas/Escritorio/T113_SAXO_OS/debian_fs/debian_bookworm//var/cache/apt/archives/partial/libgstreamer1.0-0_1.22.0-2+deb12u1_armhf.deb" [1]
2026-05-21 10:15:11 URL:https://deb.debian.org/debian/pool/main/h/harfbuzz/libharfbuzz0b_6.0.0+dfsg-3_armhf.deb [1893356/1893356] -> "/home/nicolas/Escritorio/T113_SAXO_OS/debian_fs/debian_bookworm//var/cache/apt/archives/partial/libharfbuzz0b_6.0.0+dfsg-3_armhf.deb" [1]
2026-05-21 10:15:12 URL:https://deb.debian.org/debian/pool/main/h/haveged/libhavege2_1.9.14-1+b1_armhf.deb [23128/23128] -> "/home/nicolas/Escritorio/T113_SAXO_OS/debian_fs/debian_bookworm//var/cache/apt/archives/partial/libhavege2_1.9.14-1+b1_armhf.deb" [1]
2026-05-21 10:15:12 URL:https://deb.debian.org/debian/pool/main/n/nettle/libhogweed6_3.8.1-2_armhf.deb [315344/315344] -> "/home/nicolas/Escritorio/T113_SAXO_OS/debian_fs/debian_bookworm//var/cache/apt/archives/partial/libhogweed6_3.8.1-2_armhf.deb" [1]
2026-05-21 10:15:12 URL:https://deb.debian.org/debian/pool/main/h/highway/libhwy1_1.0.3-3+deb12u1_armhf.deb [97108/97108] -> "/home/nicolas/Escritorio/T113_SAXO_OS/debian_fs/debian_bookworm//var/cache/apt/archives/partial/libhwy1_1.0.3-3+deb12u1_armhf.deb" [1]
2026-05-21 10:15:12 URL:https://deb.debian.org/debian/pool/main/i/i2c-tools/libi2c0_4.3-2+b3_armhf.deb [9072/9072] -> "/home/nicolas/Escritorio/T113_SAXO_OS/debian_fs/debian_bookworm//var/cache/apt/archives/partial/libi2c0_4.3-2+b3_armhf.deb" [1]
2026-05-21 10:15:13 URL:https://deb.debian.org/debian/pool/main/libi/libice/libice6_1.0.10-1_armhf.deb [51864/51864] -> "/home/nicolas/Escritorio/T113_SAXO_OS/debian_fs/debian_bookworm//var/cache/apt/archives/partial/libice6_2%3a1.0.10-1_armhf.deb" [1]
2026-05-21 10:15:13 URL:https://deb.debian.org/debian/pool/main/i/icu/libicu72_72.1-3+deb12u1_armhf.deb [9043672/9043672] -> "/home/nicolas/Escritorio/T113_SAXO_OS/debian_fs/debian_bookworm//var/cache/apt/archives/partial/libicu72_72.1-3+deb12u1_armhf.deb" [1]
2026-05-21 10:15:13 URL:https://deb.debian.org/debian/pool/main/libi/libidn2/libidn2-0_2.3.3-1+b1_armhf.deb [119764/119764] -> "/home/nicolas/Escritorio/T113_SAXO_OS/debian_fs/debian_bookworm//var/cache/apt/archives/partial/libidn2-0_2.3.3-1+b1_armhf.deb" [1]
2026-05-21 10:15:14 URL:https://deb.debian.org/debian/pool/main/libi/libidn2/libidn2-dev_2.3.3-1+b1_armhf.deb [117928/117928] -> "/home/nicolas/Escritorio/T113_SAXO_OS/debian_fs/debian_bookworm//var/cache/apt/archives/partial/libidn2-dev_2.3.3-1+b1_armhf.deb" [1]
2026-05-21 10:15:14 URL:https://deb.debian.org/debian/pool/main/libi/libiio/libiio-utils_0.24-4_armhf.deb [70004/70004] -> "/home/nicolas/Escritorio/T113_SAXO_OS/debian_fs/debian_bookworm//var/cache/apt/archives/partial/libiio-utils_0.24-4_armhf.deb" [1]
2026-05-21 10:15:14 URL:https://deb.debian.org/debian/pool/main/libi/libiio/libiio0_0.24-4_armhf.deb [40436/40436] -> "/home/nicolas/Escritorio/T113_SAXO_OS/debian_fs/debian_bookworm//var/cache/apt/archives/partial/libiio0_0.24-4_armhf.deb" [1]
2026-05-21 10:15:14 URL:https://deb.debian.org/debian/pool/main/libi/libinih/libinih1_55-1_armhf.deb [6228/6228] -> "/home/nicolas/Escritorio/T113_SAXO_OS/debian_fs/debian_bookworm//var/cache/apt/archives/partial/libinih1_55-1_armhf.deb" [1]
2026-05-21 10:15:14 URL:https://deb.debian.org/debian/pool/main/i/iptables/libip4tc2_1.8.9-2_armhf.deb [16932/16932] -> "/home/nicolas/Escritorio/T113_SAXO_OS/debian_fs/debian_bookworm//var/cache/apt/archives/partial/libip4tc2_1.8.9-2_armhf.deb" [1]
2026-05-21 10:15:15 URL:https://deb.debian.org/debian/pool/main/i/isl/libisl23_0.25-1.1_armhf.deb [536352/536352] -> "/home/nicolas/Escritorio/T113_SAXO_OS/debian_fs/debian_bookworm//var/cache/apt/archives/partial/libisl23_0.25-1.1_armhf.deb" [1]
2026-05-21 10:15:15 URL:https://deb.debian.org/debian/pool/main/j/jackd2/libjack-jackd2-0_1.9.21~dfsg-3_armhf.deb [235088/235088] -> "/home/nicolas/Escritorio/T113_SAXO_OS/debian_fs/debian_bookworm//var/cache/apt/archives/partial/libjack-jackd2-0_1.9.21~dfsg-3_armhf.deb" [1]
2026-05-21 10:15:15 URL:https://deb.debian.org/debian/pool/main/j/jackd2/libjack-jackd2-dev_1.9.21~dfsg-3_armhf.deb [59680/59680] -> "/home/nicolas/Escritorio/T113_SAXO_OS/debian_fs/debian_bookworm//var/cache/apt/archives/partial/libjack-jackd2-dev_1.9.21~dfsg-3_armhf.deb" [1]
2026-05-21 10:15:15 URL:https://deb.debian.org/debian/pool/main/j/jansson/libjansson4_2.14-2_armhf.deb [36708/36708] -> "/home/nicolas/Escritorio/T113_SAXO_OS/debian_fs/debian_bookworm//var/cache/apt/archives/partial/libjansson4_2.14-2_armhf.deb" [1]
2026-05-21 10:15:15 URL:https://deb.debian.org/debian/pool/main/j/jbigkit/libjbig0_2.1-6.1_armhf.deb [27084/27084] -> "/home/nicolas/Escritorio/T113_SAXO_OS/debian_fs/debian_bookworm//var/cache/apt/archives/partial/libjbig0_2.1-6.1_armhf.deb" [1]
2026-05-21 10:15:15 URL:https://deb.debian.org/debian/pool/main/libj/libjpeg-turbo/libjpeg62-turbo_2.1.5-2_armhf.deb [143396/143396] -> "/home/nicolas/Escritorio/T113_SAXO_OS/debian_fs/debian_bookworm//var/cache/apt/archives/partial/libjpeg62-turbo_1%3a2.1.5-2_armhf.deb" [1]
2026-05-21 10:15:15 URL:https://deb.debian.org/debian/pool/main/j/json-c/libjson-c5_0.16-2_armhf.deb [40384/40384] -> "/home/nicolas/Escritorio/T113_SAXO_OS/debian_fs/debian_bookworm//var/cache/apt/archives/partial/libjson-c5_0.16-2_armhf.deb" [1]
2026-05-21 10:15:16 URL:https://deb.debian.org/debian/pool/main/j/jpeg-xl/libjxl0.7_0.7.0-10+deb12u1_armhf.deb [796524/796524] -> "/home/nicolas/Escritorio/T113_SAXO_OS/debian_fs/debian_bookworm//var/cache/apt/archives/partial/libjxl0.7_0.7.0-10+deb12u1_armhf.deb" [1]
2026-05-21 10:15:16 URL:https://deb.debian.org/debian/pool/main/k/krb5/libk5crypto3_1.20.1-2+deb12u4_armhf.deb [75268/75268] -> "/home/nicolas/Escritorio/T113_SAXO_OS/debian_fs/debian_bookworm//var/cache/apt/archives/partial/libk5crypto3_1.20.1-2+deb12u4_armhf.deb" [1]
2026-05-21 10:15:16 URL:https://deb.debian.org/debian/pool/main/k/keyutils/libkeyutils1_1.6.3-2_armhf.deb [7832/7832] -> "/home/nicolas/Escritorio/T113_SAXO_OS/debian_fs/debian_bookworm//var/cache/apt/archives/partial/libkeyutils1_1.6.3-2_armhf.deb" [1]
2026-05-21 10:15:16 URL:https://deb.debian.org/debian/pool/main/k/klibc/libklibc_2.0.12-1_armhf.deb [41232/41232] -> "/home/nicolas/Escritorio/T113_SAXO_OS/debian_fs/debian_bookworm//var/cache/apt/archives/partial/libklibc_2.0.12-1_armhf.deb" [1]
2026-05-21 10:15:16 URL:https://deb.debian.org/debian/pool/main/k/kmod/libkmod2_30+20221128-1_armhf.deb [50044/50044] -> "/home/nicolas/Escritorio/T113_SAXO_OS/debian_fs/debian_bookworm//var/cache/apt/archives/partial/libkmod2_30+20221128-1_armhf.deb" [1]
2026-05-21 10:15:17 URL:https://deb.debian.org/debian/pool/main/k/krb5/libkrb5-3_1.20.1-2+deb12u4_armhf.deb [287936/287936] -> "/home/nicolas/Escritorio/T113_SAXO_OS/debian_fs/debian_bookworm//var/cache/apt/archives/partial/libkrb5-3_1.20.1-2+deb12u4_armhf.deb" [1]
2026-05-21 10:15:17 URL:https://deb.debian.org/debian/pool/main/k/krb5/libkrb5support0_1.20.1-2+deb12u4_armhf.deb [30100/30100] -> "/home/nicolas/Escritorio/T113_SAXO_OS/debian_fs/debian_bookworm//var/cache/apt/archives/partial/libkrb5support0_1.20.1-2+deb12u4_armhf.deb" [1]
2026-05-21 10:15:17 URL:https://deb.debian.org/debian/pool/main/l/lcms2/liblcms2-2_2.14-2+deb12u1_armhf.deb [125592/125592] -> "/home/nicolas/Escritorio/T113_SAXO_OS/debian_fs/debian_bookworm//var/cache/apt/archives/partial/liblcms2-2_2.14-2+deb12u1_armhf.deb" [1]
2026-05-21 10:15:17 URL:https://deb.debian.org/debian/pool/main/o/openldap/libldap-2.5-0_2.5.13+dfsg-5_armhf.deb [157644/157644] -> "/home/nicolas/Escritorio/T113_SAXO_OS/debian_fs/debian_bookworm//var/cache/apt/archives/partial/libldap-2.5-0_2.5.13+dfsg-5_armhf.deb" [1]
2026-05-21 10:15:18 URL:https://deb.debian.org/debian/pool/main/l/lerc/liblerc4_4.0.0+ds-2_armhf.deb [137372/137372] -> "/home/nicolas/Escritorio/T113_SAXO_OS/debian_fs/debian_bookworm//var/cache/apt/archives/partial/liblerc4_4.0.0+ds-2_armhf.deb" [1]
2026-05-21 10:15:19 URL:https://deb.debian.org/debian/pool/main/l/llvm-toolchain-14/libllvm14_14.0.6-12_armhf.deb [19402528/19402528] -> "/home/nicolas/Escritorio/T113_SAXO_OS/debian_fs/debian_bookworm//var/cache/apt/archives/partial/libllvm14_1%3a14.0.6-12_armhf.deb" [1]
2026-05-21 10:15:19 URL:https://deb.debian.org/debian/pool/main/libt/libtool/libltdl7_2.4.7-7~deb12u1_armhf.deb [389960/389960] -> "/home/nicolas/Escritorio/T113_SAXO_OS/debian_fs/debian_bookworm//var/cache/apt/archives/partial/libltdl7_2.4.7-7~deb12u1_armhf.deb" [1]
2026-05-21 10:15:20 URL:https://deb.debian.org/debian/pool/main/l/lua5.3/liblua5.3-0_5.3.6-2_armhf.deb [100944/100944] -> "/home/nicolas/Escritorio/T113_SAXO_OS/debian_fs/debian_bookworm//var/cache/apt/archives/partial/liblua5.3-0_5.3.6-2_armhf.deb" [1]
2026-05-21 10:15:20 URL:https://deb.debian.org/debian/pool/main/l/lz4/liblz4-1_1.9.4-1_armhf.deb [55004/55004] -> "/home/nicolas/Escritorio/T113_SAXO_OS/debian_fs/debian_bookworm//var/cache/apt/archives/partial/liblz4-1_1.9.4-1_armhf.deb" [1]
2026-05-21 10:15:20 URL:https://deb.debian.org/debian/pool/main/x/xz-utils/liblzma5_5.4.1-1_armhf.deb [192876/192876] -> "/home/nicolas/Escritorio/T113_SAXO_OS/debian_fs/debian_bookworm//var/cache/apt/archives/partial/liblzma5_5.4.1-1_armhf.deb" [1]
2026-05-21 10:15:20 URL:https://deb.debian.org/debian/pool/main/libm/libmd/libmd0_1.0.4-2_armhf.deb [28932/28932] -> "/home/nicolas/Escritorio/T113_SAXO_OS/debian_fs/debian_bookworm//var/cache/apt/archives/partial/libmd0_1.0.4-2_armhf.deb" [1]
2026-05-21 10:15:20 URL:https://deb.debian.org/debian/pool/main/libm/libmicrohttpd/libmicrohttpd-dev_0.9.75-6_armhf.deb [282120/282120] -> "/home/nicolas/Escritorio/T113_SAXO_OS/debian_fs/debian_bookworm//var/cache/apt/archives/partial/libmicrohttpd-dev_0.9.75-6_armhf.deb" [1]
2026-05-21 10:15:20 URL:https://deb.debian.org/debian/pool/main/libm/libmicrohttpd/libmicrohttpd12_0.9.75-6_armhf.deb [108824/108824] -> "/home/nicolas/Escritorio/T113_SAXO_OS/debian_fs/debian_bookworm//var/cache/apt/archives/partial/libmicrohttpd12_0.9.75-6_armhf.deb" [1]
2026-05-21 10:15:20 URL:https://deb.debian.org/debian/pool/main/libm/libmnl/libmnl0_1.0.4-3_armhf.deb [10860/10860] -> "/home/nicolas/Escritorio/T113_SAXO_OS/debian_fs/debian_bookworm//var/cache/apt/archives/partial/libmnl0_1.0.4-3_armhf.deb" [1]
2026-05-21 10:15:21 URL:https://deb.debian.org/debian/pool/main/u/util-linux/libmount-dev_2.38.1-5+deb12u3_armhf.deb [22568/22568] -> "/home/nicolas/Escritorio/T113_SAXO_OS/debian_fs/debian_bookworm//var/cache/apt/archives/partial/libmount-dev_2.38.1-5+deb12u3_armhf.deb" [1]
2026-05-21 10:15:21 URL:https://deb.debian.org/debian/pool/main/u/util-linux/libmount1_2.38.1-5+deb12u3_armhf.deb [148036/148036] -> "/home/nicolas/Escritorio/T113_SAXO_OS/debian_fs/debian_bookworm//var/cache/apt/archives/partial/libmount1_2.38.1-5+deb12u3_armhf.deb" [1]
2026-05-21 10:15:21 URL:https://deb.debian.org/debian/pool/main/l/lame/libmp3lame0_3.100-6_armhf.deb [347560/347560] -> "/home/nicolas/Escritorio/T113_SAXO_OS/debian_fs/debian_bookworm//var/cache/apt/archives/partial/libmp3lame0_3.100-6_armhf.deb" [1]
2026-05-21 10:15:21 URL:https://deb.debian.org/debian/pool/main/m/mpclib3/libmpc3_1.3.1-1_armhf.deb [42948/42948] -> "/home/nicolas/Escritorio/T113_SAXO_OS/debian_fs/debian_bookworm//var/cache/apt/archives/partial/libmpc3_1.3.1-1_armhf.deb" [1]
2026-05-21 10:15:22 URL:https://deb.debian.org/debian/pool/main/m/mpfr4/libmpfr6_4.2.0-1_armhf.deb [581860/581860] -> "/home/nicolas/Escritorio/T113_SAXO_OS/debian_fs/debian_bookworm//var/cache/apt/archives/partial/libmpfr6_4.2.0-1_armhf.deb" [1]
2026-05-21 10:15:22 URL:https://deb.debian.org/debian/pool/main/m/mpg123/libmpg123-0_1.31.2-1+deb12u1_armhf.deb [126704/126704] -> "/home/nicolas/Escritorio/T113_SAXO_OS/debian_fs/debian_bookworm//var/cache/apt/archives/partial/libmpg123-0_1.31.2-1+deb12u1_armhf.deb" [1]
2026-05-21 10:15:22 URL:https://deb.debian.org/debian/pool/main/m/mpg123/libmpg123-dev_1.31.2-1+deb12u1_armhf.deb [57568/57568] -> "/home/nicolas/Escritorio/T113_SAXO_OS/debian_fs/debian_bookworm//var/cache/apt/archives/partial/libmpg123-dev_1.31.2-1+deb12u1_armhf.deb" [1]
2026-05-21 10:15:22 URL:https://deb.debian.org/debian/pool/main/n/ncurses/libncurses6_6.4-4_armhf.deb [81076/81076] -> "/home/nicolas/Escritorio/T113_SAXO_OS/debian_fs/debian_bookworm//var/cache/apt/archives/partial/libncurses6_6.4-4_armhf.deb" [1]
2026-05-21 10:15:22 URL:https://deb.debian.org/debian/pool/main/n/ncurses/libncursesw6_6.4-4_armhf.deb [107928/107928] -> "/home/nicolas/Escritorio/T113_SAXO_OS/debian_fs/debian_bookworm//var/cache/apt/archives/partial/libncursesw6_6.4-4_armhf.deb" [1]
2026-05-21 10:15:23 URL:https://deb.debian.org/debian/pool/main/n/nettle/libnettle8_3.8.1-2_armhf.deb [295808/295808] -> "/home/nicolas/Escritorio/T113_SAXO_OS/debian_fs/debian_bookworm//var/cache/apt/archives/partial/libnettle8_3.8.1-2_armhf.deb" [1]
2026-05-21 10:15:23 URL:https://deb.debian.org/debian/pool/main/n/nghttp2/libnghttp2-14_1.52.0-1+deb12u2_armhf.deb [62340/62340] -> "/home/nicolas/Escritorio/T113_SAXO_OS/debian_fs/debian_bookworm//var/cache/apt/archives/partial/libnghttp2-14_1.52.0-1+deb12u2_armhf.deb" [1]
2026-05-21 10:15:23 URL:https://deb.debian.org/debian/pool/main/libn/libnl3/libnl-3-200_3.7.0-0.2+b1_armhf.deb [55752/55752] -> "/home/nicolas/Escritorio/T113_SAXO_OS/debian_fs/debian_bookworm//var/cache/apt/archives/partial/libnl-3-200_3.7.0-0.2+b1_armhf.deb" [1]
2026-05-21 10:15:24 URL:https://deb.debian.org/debian/pool/main/libn/libnl3/libnl-genl-3-200_3.7.0-0.2+b1_armhf.deb [19996/19996] -> "/home/nicolas/Escritorio/T113_SAXO_OS/debian_fs/debian_bookworm//var/cache/apt/archives/partial/libnl-genl-3-200_3.7.0-0.2+b1_armhf.deb" [1]
2026-05-21 10:15:24 URL:https://deb.debian.org/debian/pool/main/libn/libnl3/libnl-route-3-200_3.7.0-0.2+b1_armhf.deb [156048/156048] -> "/home/nicolas/Escritorio/T113_SAXO_OS/debian_fs/debian_bookworm//var/cache/apt/archives/partial/libnl-route-3-200_3.7.0-0.2+b1_armhf.deb" [1]
2026-05-21 10:15:24 URL:https://deb.debian.org/debian/pool/main/libn/libnsl/libnsl-dev_1.3.0-2_armhf.deb [62080/62080] -> "/home/nicolas/Escritorio/T113_SAXO_OS/debian_fs/debian_bookworm//var/cache/apt/archives/partial/libnsl-dev_1.3.0-2_armhf.deb" [1]
2026-05-21 10:15:24 URL:https://deb.debian.org/debian/pool/main/libn/libnsl/libnsl2_1.3.0-2_armhf.deb [33868/33868] -> "/home/nicolas/Escritorio/T113_SAXO_OS/debian_fs/debian_bookworm//var/cache/apt/archives/partial/libnsl2_1.3.0-2_armhf.deb" [1]
2026-05-21 10:15:24 URL:https://deb.debian.org/debian/pool/main/libo/libogg/libogg-dev_1.3.5-3_armhf.deb [198172/198172] -> "/home/nicolas/Escritorio/T113_SAXO_OS/debian_fs/debian_bookworm//var/cache/apt/archives/partial/libogg-dev_1.3.5-3_armhf.deb" [1]
2026-05-21 10:15:24 URL:https://deb.debian.org/debian/pool/main/libo/libogg/libogg0_1.3.5-3_armhf.deb [21584/21584] -> "/home/nicolas/Escritorio/T113_SAXO_OS/debian_fs/debian_bookworm//var/cache/apt/archives/partial/libogg0_1.3.5-3_armhf.deb" [1]
2026-05-21 10:15:25 URL:https://deb.debian.org/debian/pool/main/o/openjpeg2/libopenjp2-7_2.5.0-2+deb12u2_armhf.deb [169344/169344] -> "/home/nicolas/Escritorio/T113_SAXO_OS/debian_fs/debian_bookworm//var/cache/apt/archives/partial/libopenjp2-7_2.5.0-2+deb12u2_armhf.deb" [1]
2026-05-21 10:15:25 URL:https://deb.debian.org/debian/pool/main/o/opus/libopus-dev_1.3.1-3_armhf.deb [218452/218452] -> "/home/nicolas/Escritorio/T113_SAXO_OS/debian_fs/debian_bookworm//var/cache/apt/archives/partial/libopus-dev_1.3.1-3_armhf.deb" [1]
2026-05-21 10:15:25 URL:https://deb.debian.org/debian/pool/main/o/opus/libopus0_1.3.1-3_armhf.deb [171216/171216] -> "/home/nicolas/Escritorio/T113_SAXO_OS/debian_fs/debian_bookworm//var/cache/apt/archives/partial/libopus0_1.3.1-3_armhf.deb" [1]
2026-05-21 10:15:25 URL:https://deb.debian.org/debian/pool/main/o/orc/liborc-0.4-0_0.4.33-2_armhf.deb [140132/140132] -> "/home/nicolas/Escritorio/T113_SAXO_OS/debian_fs/debian_bookworm//var/cache/apt/archives/partial/liborc-0.4-0_1%3a0.4.33-2_armhf.deb" [1]
2026-05-21 10:15:25 URL:https://deb.debian.org/debian/pool/main/m/mpg123/libout123-0_1.31.2-1+deb12u1_armhf.deb [24020/24020] -> "/home/nicolas/Escritorio/T113_SAXO_OS/debian_fs/debian_bookworm//var/cache/apt/archives/partial/libout123-0_1.31.2-1+deb12u1_armhf.deb" [1]
2026-05-21 10:15:26 URL:https://deb.debian.org/debian/pool/main/p/p11-kit/libp11-kit-dev_0.24.1-2_armhf.deb [171756/171756] -> "/home/nicolas/Escritorio/T113_SAXO_OS/debian_fs/debian_bookworm//var/cache/apt/archives/partial/libp11-kit-dev_0.24.1-2_armhf.deb" [1]
2026-05-21 10:15:26 URL:https://deb.debian.org/debian/pool/main/p/p11-kit/libp11-kit0_0.24.1-2_armhf.deb [321064/321064] -> "/home/nicolas/Escritorio/T113_SAXO_OS/debian_fs/debian_bookworm//var/cache/apt/archives/partial/libp11-kit0_0.24.1-2_armhf.deb" [1]
2026-05-21 10:15:26 URL:https://deb.debian.org/debian/pool/main/p/pam/libpam-modules_1.5.2-6+deb12u2_armhf.deb [273816/273816] -> "/home/nicolas/Escritorio/T113_SAXO_OS/debian_fs/debian_bookworm//var/cache/apt/archives/partial/libpam-modules_1.5.2-6+deb12u2_armhf.deb" [1]
2026-05-21 10:15:26 URL:https://deb.debian.org/debian/pool/main/p/pam/libpam-modules-bin_1.5.2-6+deb12u2_armhf.deb [71724/71724] -> "/home/nicolas/Escritorio/T113_SAXO_OS/debian_fs/debian_bookworm//var/cache/apt/archives/partial/libpam-modules-bin_1.5.2-6+deb12u2_armhf.deb" [1]
2026-05-21 10:15:27 URL:https://deb.debian.org/debian/pool/main/p/pam/libpam-runtime_1.5.2-6+deb12u2_all.deb [160936/160936] -> "/home/nicolas/Escritorio/T113_SAXO_OS/debian_fs/debian_bookworm//var/cache/apt/archives/partial/libpam-runtime_1.5.2-6+deb12u2_all.deb" [1]
2026-05-21 10:15:27 URL:https://deb.debian.org/debian/pool/main/p/pam/libpam0g_1.5.2-6+deb12u2_armhf.deb [86572/86572] -> "/home/nicolas/Escritorio/T113_SAXO_OS/debian_fs/debian_bookworm//var/cache/apt/archives/partial/libpam0g_1.5.2-6+deb12u2_armhf.deb" [1]
2026-05-21 10:15:27 URL:https://deb.debian.org/debian/pool/main/p/pango1.0/libpango-1.0-0_1.50.12+ds-1_armhf.deb [188192/188192] -> "/home/nicolas/Escritorio/T113_SAXO_OS/debian_fs/debian_bookworm//var/cache/apt/archives/partial/libpango-1.0-0_1.50.12+ds-1_armhf.deb" [1]
2026-05-21 10:15:27 URL:https://deb.debian.org/debian/pool/main/p/pango1.0/libpangocairo-1.0-0_1.50.12+ds-1_armhf.deb [30336/30336] -> "/home/nicolas/Escritorio/T113_SAXO_OS/debian_fs/debian_bookworm//var/cache/apt/archives/partial/libpangocairo-1.0-0_1.50.12+ds-1_armhf.deb" [1]
2026-05-21 10:15:28 URL:https://deb.debian.org/debian/pool/main/p/pango1.0/libpangoft2-1.0-0_1.50.12+ds-1_armhf.deb [40864/40864] -> "/home/nicolas/Escritorio/T113_SAXO_OS/debian_fs/debian_bookworm//var/cache/apt/archives/partial/libpangoft2-1.0-0_1.50.12+ds-1_armhf.deb" [1]
2026-05-21 10:15:28 URL:https://deb.debian.org/debian/pool/main/p/pcre2/libpcre2-16-0_10.42-1_armhf.deb [210876/210876] -> "/home/nicolas/Escritorio/T113_SAXO_OS/debian_fs/debian_bookworm//var/cache/apt/archives/partial/libpcre2-16-0_10.42-1_armhf.deb" [1]
2026-05-21 10:15:28 URL:https://deb.debian.org/debian/pool/main/p/pcre2/libpcre2-32-0_10.42-1_armhf.deb [202608/202608] -> "/home/nicolas/Escritorio/T113_SAXO_OS/debian_fs/debian_bookworm//var/cache/apt/archives/partial/libpcre2-32-0_10.42-1_armhf.deb" [1]
2026-05-21 10:15:28 URL:https://deb.debian.org/debian/pool/main/p/pcre2/libpcre2-8-0_10.42-1_armhf.deb [226716/226716] -> "/home/nicolas/Escritorio/T113_SAXO_OS/debian_fs/debian_bookworm//var/cache/apt/archives/partial/libpcre2-8-0_10.42-1_armhf.deb" [1]
2026-05-21 10:15:28 URL:https://deb.debian.org/debian/pool/main/p/pcre2/libpcre2-dev_10.42-1_armhf.deb [665852/665852] -> "/home/nicolas/Escritorio/T113_SAXO_OS/debian_fs/debian_bookworm//var/cache/apt/archives/partial/libpcre2-dev_10.42-1_armhf.deb" [1]
2026-05-21 10:15:29 URL:https://deb.debian.org/debian/pool/main/p/pcre2/libpcre2-posix3_10.42-1_armhf.deb [55028/55028] -> "/home/nicolas/Escritorio/T113_SAXO_OS/debian_fs/debian_bookworm//var/cache/apt/archives/partial/libpcre2-posix3_10.42-1_armhf.deb" [1]
2026-05-21 10:15:29 URL:https://deb.debian.org/debian/pool/main/p/pcsc-lite/libpcsclite1_1.9.9-2_armhf.deb [46800/46800] -> "/home/nicolas/Escritorio/T113_SAXO_OS/debian_fs/debian_bookworm//var/cache/apt/archives/partial/libpcsclite1_1.9.9-2_armhf.deb" [1]
2026-05-21 10:15:29 URL:https://deb.debian.org/debian/pool/main/p/perl/libperl5.36_5.36.0-7+deb12u3_armhf.deb [3493972/3493972] -> "/home/nicolas/Escritorio/T113_SAXO_OS/debian_fs/debian_bookworm//var/cache/apt/archives/partial/libperl5.36_5.36.0-7+deb12u3_armhf.deb" [1]
2026-05-21 10:15:30 URL:https://deb.debian.org/debian/pool/main/p/pixman/libpixman-1-0_0.42.2-1_armhf.deb [465024/465024] -> "/home/nicolas/Escritorio/T113_SAXO_OS/debian_fs/debian_bookworm//var/cache/apt/archives/partial/libpixman-1-0_0.42.2-1_armhf.deb" [1]
2026-05-21 10:15:30 URL:https://deb.debian.org/debian/pool/main/p/pkgconf/libpkgconf3_1.8.1-1_armhf.deb [31324/31324] -> "/home/nicolas/Escritorio/T113_SAXO_OS/debian_fs/debian_bookworm//var/cache/apt/archives/partial/libpkgconf3_1.8.1-1_armhf.deb" [1]
2026-05-21 10:15:30 URL:https://deb.debian.org/debian/pool/main/libp/libpng1.6/libpng16-16_1.6.39-2+deb12u5_armhf.deb [260480/260480] -> "/home/nicolas/Escritorio/T113_SAXO_OS/debian_fs/debian_bookworm//var/cache/apt/archives/partial/libpng16-16_1.6.39-2+deb12u5_armhf.deb" [1]
2026-05-21 10:15:30 URL:https://deb.debian.org/debian/pool/main/p/procps/libproc2-0_4.0.2-3_armhf.deb [54164/54164] -> "/home/nicolas/Escritorio/T113_SAXO_OS/debian_fs/debian_bookworm//var/cache/apt/archives/partial/libproc2-0_2%3a4.0.2-3_armhf.deb" [1]
2026-05-21 10:15:30 URL:https://deb.debian.org/debian/pool/main/libp/libpsl/libpsl5_0.21.2-1_armhf.deb [57476/57476] -> "/home/nicolas/Escritorio/T113_SAXO_OS/debian_fs/debian_bookworm//var/cache/apt/archives/partial/libpsl5_0.21.2-1_armhf.deb" [1]
2026-05-21 10:15:31 URL:https://deb.debian.org/debian/pool/main/p/pulseaudio/libpulse-dev_16.1+dfsg1-2+b1_armhf.deb [89456/89456] -> "/home/nicolas/Escritorio/T113_SAXO_OS/debian_fs/debian_bookworm//var/cache/apt/archives/partial/libpulse-dev_16.1+dfsg1-2+b1_armhf.deb" [1]
2026-05-21 10:15:31 URL:https://deb.debian.org/debian/pool/main/p/pulseaudio/libpulse-mainloop-glib0_16.1+dfsg1-2+b1_armhf.deb [26984/26984] -> "/home/nicolas/Escritorio/T113_SAXO_OS/debian_fs/debian_bookworm//var/cache/apt/archives/partial/libpulse-mainloop-glib0_16.1+dfsg1-2+b1_armhf.deb" [1]
2026-05-21 10:15:31 URL:https://deb.debian.org/debian/pool/main/p/pulseaudio/libpulse0_16.1+dfsg1-2+b1_armhf.deb [243064/243064] -> "/home/nicolas/Escritorio/T113_SAXO_OS/debian_fs/debian_bookworm//var/cache/apt/archives/partial/libpulse0_16.1+dfsg1-2+b1_armhf.deb" [1]
2026-05-21 10:15:31 URL:https://deb.debian.org/debian/pool/main/p/pulseaudio/libpulsedsp_16.1+dfsg1-2+b1_armhf.deb [35192/35192] -> "/home/nicolas/Escritorio/T113_SAXO_OS/debian_fs/debian_bookworm//var/cache/apt/archives/partial/libpulsedsp_16.1+dfsg1-2+b1_armhf.deb" [1]
2026-05-21 10:15:32 URL:https://deb.debian.org/debian/pool/main/p/python3-defaults/libpython3-stdlib_3.11.2-1+b1_armhf.deb [9296/9296] -> "/home/nicolas/Escritorio/T113_SAXO_OS/debian_fs/debian_bookworm//var/cache/apt/archives/partial/libpython3-stdlib_3.11.2-1+b1_armhf.deb" [1]
2026-05-21 10:15:32 URL:https://deb.debian.org/debian/pool/main/p/python3.11/libpython3.11-minimal_3.11.2-6+deb12u7_armhf.deb [802504/802504] -> "/home/nicolas/Escritorio/T113_SAXO_OS/debian_fs/debian_bookworm//var/cache/apt/archives/partial/libpython3.11-minimal_3.11.2-6+deb12u7_armhf.deb" [1]
2026-05-21 10:15:32 URL:https://deb.debian.org/debian/pool/main/p/python3.11/libpython3.11-stdlib_3.11.2-6+deb12u7_armhf.deb [1680460/1680460] -> "/home/nicolas/Escritorio/T113_SAXO_OS/debian_fs/debian_bookworm//var/cache/apt/archives/partial/libpython3.11-stdlib_3.11.2-6+deb12u7_armhf.deb" [1]
2026-05-21 10:15:33 URL:https://deb.debian.org/debian/pool/main/r/rust-rav1e/librav1e0_0.5.1-6_armhf.deb [514192/514192] -> "/home/nicolas/Escritorio/T113_SAXO_OS/debian_fs/debian_bookworm//var/cache/apt/archives/partial/librav1e0_0.5.1-6_armhf.deb" [1]
2026-05-21 10:15:33 URL:https://deb.debian.org/debian/pool/main/r/readline/libreadline8_8.2-1.3_armhf.deb [143640/143640] -> "/home/nicolas/Escritorio/T113_SAXO_OS/debian_fs/debian_bookworm//var/cache/apt/archives/partial/libreadline8_8.2-1.3_armhf.deb" [1]
2026-05-21 10:15:33 URL:https://deb.debian.org/debian/pool/main/libr/libregexp-assemble-perl/libregexp-assemble-perl_0.38-2_all.deb [77788/77788] -> "/home/nicolas/Escritorio/T113_SAXO_OS/debian_fs/debian_bookworm//var/cache/apt/archives/partial/libregexp-assemble-perl_0.38-2_all.deb" [1]
2026-05-21 10:15:34 URL:https://deb.debian.org/debian/pool/main/libr/librsvg/librsvg2-2_2.54.7+dfsg-1~deb12u1_armhf.deb [2184128/2184128] -> "/home/nicolas/Escritorio/T113_SAXO_OS/debian_fs/debian_bookworm//var/cache/apt/archives/partial/librsvg2-2_2.54.7+dfsg-1~deb12u1_armhf.deb" [1]
2026-05-21 10:15:34 URL:https://deb.debian.org/debian/pool/main/r/rtmpdump/librtmp1_2.4+20151223.gitfa8646d.1-2+b2_armhf.deb [55220/55220] -> "/home/nicolas/Escritorio/T113_SAXO_OS/debian_fs/debian_bookworm//var/cache/apt/archives/partial/librtmp1_2.4+20151223.gitfa8646d.1-2+b2_armhf.deb" [1]
2026-05-21 10:15:34 URL:https://deb.debian.org/debian/pool/main/libs/libsamplerate/libsamplerate0_0.2.2-3_armhf.deb [947796/947796] -> "/home/nicolas/Escritorio/T113_SAXO_OS/debian_fs/debian_bookworm//var/cache/apt/archives/partial/libsamplerate0_0.2.2-3_armhf.deb" [1]
2026-05-21 10:15:34 URL:https://deb.debian.org/debian/pool/main/c/cyrus-sasl2/libsasl2-2_2.1.28+dfsg-10_armhf.deb [52304/52304] -> "/home/nicolas/Escritorio/T113_SAXO_OS/debian_fs/debian_bookworm//var/cache/apt/archives/partial/libsasl2-2_2.1.28+dfsg-10_armhf.deb" [1]
2026-05-21 10:15:35 URL:https://deb.debian.org/debian/pool/main/c/cyrus-sasl2/libsasl2-modules-db_2.1.28+dfsg-10_armhf.deb [18960/18960] -> "/home/nicolas/Escritorio/T113_SAXO_OS/debian_fs/debian_bookworm//var/cache/apt/archives/partial/libsasl2-modules-db_2.1.28+dfsg-10_armhf.deb" [1]
2026-05-21 10:15:35 URL:https://deb.debian.org/debian/pool/main/libs/libsdl1.2/libsdl1.2debian_1.2.15+dfsg2-8_armhf.deb [169760/169760] -> "/home/nicolas/Escritorio/T113_SAXO_OS/debian_fs/debian_bookworm//var/cache/apt/archives/partial/libsdl1.2debian_1.2.15+dfsg2-8_armhf.deb" [1]
2026-05-21 10:15:35 URL:https://deb.debian.org/debian/pool/main/libs/libseccomp/libseccomp2_2.5.4-1+deb12u1_armhf.deb [44936/44936] -> "/home/nicolas/Escritorio/T113_SAXO_OS/debian_fs/debian_bookworm//var/cache/apt/archives/partial/libseccomp2_2.5.4-1+deb12u1_armhf.deb" [1]
2026-05-21 10:15:35 URL:https://deb.debian.org/debian/pool/main/libs/libselinux/libselinux1_3.4-1+b6_armhf.deb [64384/64384] -> "/home/nicolas/Escritorio/T113_SAXO_OS/debian_fs/debian_bookworm//var/cache/apt/archives/partial/libselinux1_3.4-1+b6_armhf.deb" [1]
2026-05-21 10:15:36 URL:https://deb.debian.org/debian/pool/main/libs/libselinux/libselinux1-dev_3.4-1+b6_armhf.deb [150368/150368] -> "/home/nicolas/Escritorio/T113_SAXO_OS/debian_fs/debian_bookworm//var/cache/apt/archives/partial/libselinux1-dev_3.4-1+b6_armhf.deb" [1]
2026-05-21 10:15:36 URL:https://deb.debian.org/debian/pool/main/libs/libsemanage/libsemanage-common_3.4-1_all.deb [21632/21632] -> "/home/nicolas/Escritorio/T113_SAXO_OS/debian_fs/debian_bookworm//var/cache/apt/archives/partial/libsemanage-common_3.4-1_all.deb" [1]
2026-05-21 10:15:36 URL:https://deb.debian.org/debian/pool/main/libs/libsemanage/libsemanage2_3.4-1+b5_armhf.deb [76564/76564] -> "/home/nicolas/Escritorio/T113_SAXO_OS/debian_fs/debian_bookworm//var/cache/apt/archives/partial/libsemanage2_3.4-1+b5_armhf.deb" [1]
2026-05-21 10:15:36 URL:https://deb.debian.org/debian/pool/main/l/lm-sensors/libsensors-config_3.6.0-7.1_all.deb [14252/14252] -> "/home/nicolas/Escritorio/T113_SAXO_OS/debian_fs/debian_bookworm//var/cache/apt/archives/partial/libsensors-config_1%3a3.6.0-7.1_all.deb" [1]
2026-05-21 10:15:36 URL:https://deb.debian.org/debian/pool/main/l/lm-sensors/libsensors5_3.6.0-7.1_armhf.deb [31584/31584] -> "/home/nicolas/Escritorio/T113_SAXO_OS/debian_fs/debian_bookworm//var/cache/apt/archives/partial/libsensors5_1%3a3.6.0-7.1_armhf.deb" [1]
2026-05-21 10:15:37 URL:https://deb.debian.org/debian/pool/main/libs/libsepol/libsepol-dev_3.4-2.1_armhf.deb [317272/317272] -> "/home/nicolas/Escritorio/T113_SAXO_OS/debian_fs/debian_bookworm//var/cache/apt/archives/partial/libsepol-dev_3.4-2.1_armhf.deb" [1]
2026-05-21 10:15:37 URL:https://deb.debian.org/debian/pool/main/libs/libsepol/libsepol2_3.4-2.1_armhf.deb [236112/236112] -> "/home/nicolas/Escritorio/T113_SAXO_OS/debian_fs/debian_bookworm//var/cache/apt/archives/partial/libsepol2_3.4-2.1_armhf.deb" [1]
2026-05-21 10:15:37 URL:https://deb.debian.org/debian/pool/main/s/shine/libshine3_3.1.1-2_armhf.deb [21956/21956] -> "/home/nicolas/Escritorio/T113_SAXO_OS/debian_fs/debian_bookworm//var/cache/apt/archives/partial/libshine3_3.1.1-2_armhf.deb" [1]
2026-05-21 10:15:37 URL:https://deb.debian.org/debian/pool/main/s/slang2/libslang2_2.3.3-3_armhf.deb [510396/510396] -> "/home/nicolas/Escritorio/T113_SAXO_OS/debian_fs/debian_bookworm//var/cache/apt/archives/partial/libslang2_2.3.3-3_armhf.deb" [1]
2026-05-21 10:15:37 URL:https://deb.debian.org/debian/pool/main/libs/libsm/libsm6_1.2.3-1_armhf.deb [33036/33036] -> "/home/nicolas/Escritorio/T113_SAXO_OS/debian_fs/debian_bookworm//var/cache/apt/archives/partial/libsm6_2%3a1.2.3-1_armhf.deb" [1]
2026-05-21 10:15:37 URL:https://deb.debian.org/debian/pool/main/u/util-linux/libsmartcols1_2.38.1-5+deb12u3_armhf.deb [93496/93496] -> "/home/nicolas/Escritorio/T113_SAXO_OS/debian_fs/debian_bookworm//var/cache/apt/archives/partial/libsmartcols1_2.38.1-5+deb12u3_armhf.deb" [1]
2026-05-21 10:15:38 URL:https://deb.debian.org/debian/pool/main/s/snappy/libsnappy1v5_1.1.9-3_armhf.deb [23772/23772] -> "/home/nicolas/Escritorio/T113_SAXO_OS/debian_fs/debian_bookworm//var/cache/apt/archives/partial/libsnappy1v5_1.1.9-3_armhf.deb" [1]
2026-05-21 10:15:38 URL:https://deb.debian.org/debian/pool/main/libs/libsndfile/libsndfile1_1.2.0-1+deb12u1_armhf.deb [180628/180628] -> "/home/nicolas/Escritorio/T113_SAXO_OS/debian_fs/debian_bookworm//var/cache/apt/archives/partial/libsndfile1_1.2.0-1+deb12u1_armhf.deb" [1]
2026-05-21 10:15:38 URL:https://deb.debian.org/debian/pool/main/libs/libsndfile/libsndfile1-dev_1.2.0-1+deb12u1_armhf.deb [322140/322140] -> "/home/nicolas/Escritorio/T113_SAXO_OS/debian_fs/debian_bookworm//var/cache/apt/archives/partial/libsndfile1-dev_1.2.0-1+deb12u1_armhf.deb" [1]
2026-05-21 10:15:38 URL:https://deb.debian.org/debian/pool/main/libs/libsodium/libsodium23_1.0.18-1+deb12u1_armhf.deb [136992/136992] -> "/home/nicolas/Escritorio/T113_SAXO_OS/debian_fs/debian_bookworm//var/cache/apt/archives/partial/libsodium23_1.0.18-1+deb12u1_armhf.deb" [1]
2026-05-21 10:15:38 URL:https://deb.debian.org/debian/pool/main/libs/libsoxr/libsoxr0_0.1.3-4_armhf.deb [67012/67012] -> "/home/nicolas/Escritorio/T113_SAXO_OS/debian_fs/debian_bookworm//var/cache/apt/archives/partial/libsoxr0_0.1.3-4_armhf.deb" [1]
2026-05-21 10:15:39 URL:https://deb.debian.org/debian/pool/main/s/speex/libspeex1_1.2.1-2_armhf.deb [45824/45824] -> "/home/nicolas/Escritorio/T113_SAXO_OS/debian_fs/debian_bookworm//var/cache/apt/archives/partial/libspeex1_1.2.1-2_armhf.deb" [1]
2026-05-21 10:15:39 URL:https://deb.debian.org/debian/pool/main/s/speexdsp/libspeexdsp1_1.2.1-1_armhf.deb [34084/34084] -> "/home/nicolas/Escritorio/T113_SAXO_OS/debian_fs/debian_bookworm//var/cache/apt/archives/partial/libspeexdsp1_1.2.1-1_armhf.deb" [1]
2026-05-21 10:15:39 URL:https://deb.debian.org/debian/pool/main/s/sqlite3/libsqlite3-0_3.40.1-2+deb12u2_armhf.deb [735568/735568] -> "/home/nicolas/Escritorio/T113_SAXO_OS/debian_fs/debian_bookworm//var/cache/apt/archives/partial/libsqlite3-0_3.40.1-2+deb12u2_armhf.deb" [1]
2026-05-21 10:15:39 URL:https://deb.debian.org/debian/pool/main/e/e2fsprogs/libss2_1.47.0-2+b2_armhf.deb [22844/22844] -> "/home/nicolas/Escritorio/T113_SAXO_OS/debian_fs/debian_bookworm//var/cache/apt/archives/partial/libss2_1.47.0-2+b2_armhf.deb" [1]
2026-05-21 10:15:39 URL:https://deb.debian.org/debian/pool/main/libs/libssh2/libssh2-1_1.10.0-3+b1_armhf.deb [163224/163224] -> "/home/nicolas/Escritorio/T113_SAXO_OS/debian_fs/debian_bookworm//var/cache/apt/archives/partial/libssh2-1_1.10.0-3+b1_armhf.deb" [1]
2026-05-21 10:15:40 URL:https://deb.debian.org/debian/pool/main/o/openssl/libssl3_3.0.20-1~deb12u1_armhf.deb [1678544/1678544] -> "/home/nicolas/Escritorio/T113_SAXO_OS/debian_fs/debian_bookworm//var/cache/apt/archives/partial/libssl3_3.0.20-1~deb12u1_armhf.deb" [1]
2026-05-21 10:15:40 URL:https://deb.debian.org/debian/pool/main/g/gcc-12/libstdc++-12-dev_12.2.0-14+deb12u1_armhf.deb [2084908/2084908] -> "/home/nicolas/Escritorio/T113_SAXO_OS/debian_fs/debian_bookworm//var/cache/apt/archives/partial/libstdc++-12-dev_12.2.0-14+deb12u1_armhf.deb" [1]
2026-05-21 10:15:41 URL:https://deb.debian.org/debian/pool/main/g/gcc-12/libstdc++6_12.2.0-14+deb12u1_armhf.deb [519216/519216] -> "/home/nicolas/Escritorio/T113_SAXO_OS/debian_fs/debian_bookworm//var/cache/apt/archives/partial/libstdc++6_12.2.0-14+deb12u1_armhf.deb" [1]
2026-05-21 10:15:41 URL:https://deb.debian.org/debian/pool/main/s/svt-av1/libsvtav1enc1_1.4.1+dfsg-1_armhf.deb [893376/893376] -> "/home/nicolas/Escritorio/T113_SAXO_OS/debian_fs/debian_bookworm//var/cache/apt/archives/partial/libsvtav1enc1_1.4.1+dfsg-1_armhf.deb" [1]
2026-05-21 10:15:41 URL:https://deb.debian.org/debian/pool/main/f/ffmpeg/libswresample4_5.1.8-0+deb12u1_armhf.deb [97288/97288] -> "/home/nicolas/Escritorio/T113_SAXO_OS/debian_fs/debian_bookworm//var/cache/apt/archives/partial/libswresample4_7%3a5.1.8-0+deb12u1_armhf.deb" [1]
2026-05-21 10:15:41 URL:https://deb.debian.org/debian/pool/main/m/mpg123/libsyn123-0_1.31.2-1+deb12u1_armhf.deb [72288/72288] -> "/home/nicolas/Escritorio/T113_SAXO_OS/debian_fs/debian_bookworm//var/cache/apt/archives/partial/libsyn123-0_1.31.2-1+deb12u1_armhf.deb" [1]
2026-05-21 10:15:42 URL:https://deb.debian.org/debian/pool/main/s/systemd/libsystemd-shared_252.39-1~deb12u2_armhf.deb [1549996/1549996] -> "/home/nicolas/Escritorio/T113_SAXO_OS/debian_fs/debian_bookworm//var/cache/apt/archives/partial/libsystemd-shared_252.39-1~deb12u2_armhf.deb" [1]
2026-05-21 10:15:42 URL:https://deb.debian.org/debian/pool/main/s/systemd/libsystemd0_252.39-1~deb12u2_armhf.deb [303672/303672] -> "/home/nicolas/Escritorio/T113_SAXO_OS/debian_fs/debian_bookworm//var/cache/apt/archives/partial/libsystemd0_252.39-1~deb12u2_armhf.deb" [1]
2026-05-21 10:15:42 URL:https://deb.debian.org/debian/pool/main/libt/libtasn1-6/libtasn1-6_4.19.0-2+deb12u1_armhf.deb [42972/42972] -> "/home/nicolas/Escritorio/T113_SAXO_OS/debian_fs/debian_bookworm//var/cache/apt/archives/partial/libtasn1-6_4.19.0-2+deb12u1_armhf.deb" [1]
2026-05-21 10:15:43 URL:https://deb.debian.org/debian/pool/main/libt/libtasn1-6/libtasn1-6-dev_4.19.0-2+deb12u1_armhf.deb [92408/92408] -> "/home/nicolas/Escritorio/T113_SAXO_OS/debian_fs/debian_bookworm//var/cache/apt/archives/partial/libtasn1-6-dev_4.19.0-2+deb12u1_armhf.deb" [1]
2026-05-21 10:15:43 URL:https://deb.debian.org/debian/pool/main/t/tdb/libtdb1_1.4.8-2_armhf.deb [39700/39700] -> "/home/nicolas/Escritorio/T113_SAXO_OS/debian_fs/debian_bookworm//var/cache/apt/archives/partial/libtdb1_1.4.8-2_armhf.deb" [1]
2026-05-21 10:15:43 URL:https://deb.debian.org/debian/pool/main/libt/libthai/libthai-data_0.1.29-1_all.deb [176200/176200] -> "/home/nicolas/Escritorio/T113_SAXO_OS/debian_fs/debian_bookworm//var/cache/apt/archives/partial/libthai-data_0.1.29-1_all.deb" [1]
2026-05-21 10:15:43 URL:https://deb.debian.org/debian/pool/main/libt/libthai/libthai0_0.1.29-1_armhf.deb [54320/54320] -> "/home/nicolas/Escritorio/T113_SAXO_OS/debian_fs/debian_bookworm//var/cache/apt/archives/partial/libthai0_0.1.29-1_armhf.deb" [1]
2026-05-21 10:15:44 URL:https://deb.debian.org/debian/pool/main/libt/libtheora/libtheora0_1.1.1+dfsg.1-16.1+deb12u1_armhf.deb [128692/128692] -> "/home/nicolas/Escritorio/T113_SAXO_OS/debian_fs/debian_bookworm//var/cache/apt/archives/partial/libtheora0_1.1.1+dfsg.1-16.1+deb12u1_armhf.deb" [1]
2026-05-21 10:15:44 URL:https://deb.debian.org/debian/pool/main/t/tiff/libtiff6_4.5.0-6+deb12u4_armhf.deb [295120/295120] -> "/home/nicolas/Escritorio/T113_SAXO_OS/debian_fs/debian_bookworm//var/cache/apt/archives/partial/libtiff6_4.5.0-6+deb12u4_armhf.deb" [1]
2026-05-21 10:15:44 URL:https://deb.debian.org/debian/pool/main/n/ncurses/libtinfo6_6.4-4_armhf.deb [317144/317144] -> "/home/nicolas/Escritorio/T113_SAXO_OS/debian_fs/debian_bookworm//var/cache/apt/archives/partial/libtinfo6_6.4-4_armhf.deb" [1]
2026-05-21 10:15:44 URL:https://deb.debian.org/debian/pool/main/libt/libtirpc/libtirpc-common_1.3.3+ds-1_all.deb [14048/14048] -> "/home/nicolas/Escritorio/T113_SAXO_OS/debian_fs/debian_bookworm//var/cache/apt/archives/partial/libtirpc-common_1.3.3+ds-1_all.deb" [1]
2026-05-21 10:15:45 URL:https://deb.debian.org/debian/pool/main/libt/libtirpc/libtirpc-dev_1.3.3+ds-1_armhf.deb [181884/181884] -> "/home/nicolas/Escritorio/T113_SAXO_OS/debian_fs/debian_bookworm//var/cache/apt/archives/partial/libtirpc-dev_1.3.3+ds-1_armhf.deb" [1]
2026-05-21 10:15:45 URL:https://deb.debian.org/debian/pool/main/libt/libtirpc/libtirpc3_1.3.3+ds-1_armhf.deb [72944/72944] -> "/home/nicolas/Escritorio/T113_SAXO_OS/debian_fs/debian_bookworm//var/cache/apt/archives/partial/libtirpc3_1.3.3+ds-1_armhf.deb" [1]
2026-05-21 10:15:45 URL:https://deb.debian.org/debian/pool/main/t/twolame/libtwolame0_0.4.0-2_armhf.deb [47140/47140] -> "/home/nicolas/Escritorio/T113_SAXO_OS/debian_fs/debian_bookworm//var/cache/apt/archives/partial/libtwolame0_0.4.0-2_armhf.deb" [1]
2026-05-21 10:15:45 URL:https://deb.debian.org/debian/pool/main/g/gcc-12/libubsan1_12.2.0-14+deb12u1_armhf.deb [855236/855236] -> "/home/nicolas/Escritorio/T113_SAXO_OS/debian_fs/debian_bookworm//var/cache/apt/archives/partial/libubsan1_12.2.0-14+deb12u1_armhf.deb" [1]
2026-05-21 10:15:46 URL:https://deb.debian.org/debian/pool/main/s/systemd/libudev1_252.39-1~deb12u2_armhf.deb [100640/100640] -> "/home/nicolas/Escritorio/T113_SAXO_OS/debian_fs/debian_bookworm//var/cache/apt/archives/partial/libudev1_252.39-1~deb12u2_armhf.deb" [1]
2026-05-21 10:15:46 URL:https://deb.debian.org/debian/pool/main/u/unbound/libunbound8_1.17.1-2+deb12u4_armhf.deb [493108/493108] -> "/home/nicolas/Escritorio/T113_SAXO_OS/debian_fs/debian_bookworm//var/cache/apt/archives/partial/libunbound8_1.17.1-2+deb12u4_armhf.deb" [1]
2026-05-21 10:15:46 URL:https://deb.debian.org/debian/pool/main/libu/libunistring/libunistring2_1.0-2_armhf.deb [409300/409300] -> "/home/nicolas/Escritorio/T113_SAXO_OS/debian_fs/debian_bookworm//var/cache/apt/archives/partial/libunistring2_1.0-2_armhf.deb" [1]
2026-05-21 10:15:46 URL:https://deb.debian.org/debian/pool/main/libu/libunwind/libunwind8_1.6.2-3_armhf.deb [43320/43320] -> "/home/nicolas/Escritorio/T113_SAXO_OS/debian_fs/debian_bookworm//var/cache/apt/archives/partial/libunwind8_1.6.2-3_armhf.deb" [1]
2026-05-21 10:15:46 URL:https://deb.debian.org/debian/pool/main/libu/libusb/libusb-0.1-4_0.1.12-32_armhf.deb [21656/21656] -> "/home/nicolas/Escritorio/T113_SAXO_OS/debian_fs/debian_bookworm//var/cache/apt/archives/partial/libusb-0.1-4_2%3a0.1.12-32_armhf.deb" [1]
2026-05-21 10:15:47 URL:https://deb.debian.org/debian/pool/main/libu/libusb-1.0/libusb-1.0-0_1.0.26-1_armhf.deb [56304/56304] -> "/home/nicolas/Escritorio/T113_SAXO_OS/debian_fs/debian_bookworm//var/cache/apt/archives/partial/libusb-1.0-0_2%3a1.0.26-1_armhf.deb" [1]
2026-05-21 10:15:47 URL:https://deb.debian.org/debian/pool/main/libu/libusb-1.0/libusb-1.0-0-dev_1.0.26-1_armhf.deb [78516/78516] -> "/home/nicolas/Escritorio/T113_SAXO_OS/debian_fs/debian_bookworm//var/cache/apt/archives/partial/libusb-1.0-0-dev_2%3a1.0.26-1_armhf.deb" [1]
2026-05-21 10:15:47 URL:https://deb.debian.org/debian/pool/main/libu/libutempter/libutempter0_1.2.1-3_armhf.deb [8320/8320] -> "/home/nicolas/Escritorio/T113_SAXO_OS/debian_fs/debian_bookworm//var/cache/apt/archives/partial/libutempter0_1.2.1-3_armhf.deb" [1]
2026-05-21 10:15:47 URL:https://deb.debian.org/debian/pool/main/u/util-linux/libuuid1_2.38.1-5+deb12u3_armhf.deb [27580/27580] -> "/home/nicolas/Escritorio/T113_SAXO_OS/debian_fs/debian_bookworm//var/cache/apt/archives/partial/libuuid1_2.38.1-5+deb12u3_armhf.deb" [1]
2026-05-21 10:15:48 URL:https://deb.debian.org/debian/pool/main/libv/libva/libva-drm2_2.17.0-1_armhf.deb [15872/15872] -> "/home/nicolas/Escritorio/T113_SAXO_OS/debian_fs/debian_bookworm//var/cache/apt/archives/partial/libva-drm2_2.17.0-1_armhf.deb" [1]
2026-05-21 10:15:48 URL:https://deb.debian.org/debian/pool/main/libv/libva/libva-x11-2_2.17.0-1_armhf.deb [19456/19456] -> "/home/nicolas/Escritorio/T113_SAXO_OS/debian_fs/debian_bookworm//var/cache/apt/archives/partial/libva-x11-2_2.17.0-1_armhf.deb" [1]
2026-05-21 10:15:48 URL:https://deb.debian.org/debian/pool/main/libv/libva/libva2_2.17.0-1_armhf.deb [63240/63240] -> "/home/nicolas/Escritorio/T113_SAXO_OS/debian_fs/debian_bookworm//var/cache/apt/archives/partial/libva2_2.17.0-1_armhf.deb" [1]
2026-05-21 10:15:48 URL:https://deb.debian.org/debian/pool/main/libv/libvdpau/libvdpau1_1.5-2_armhf.deb [24404/24404] -> "/home/nicolas/Escritorio/T113_SAXO_OS/debian_fs/debian_bookworm//var/cache/apt/archives/partial/libvdpau1_1.5-2_armhf.deb" [1]
2026-05-21 10:15:48 URL:https://deb.debian.org/debian/pool/main/libv/libvorbis/libvorbis-dev_1.3.7-1_armhf.deb [316296/316296] -> "/home/nicolas/Escritorio/T113_SAXO_OS/debian_fs/debian_bookworm//var/cache/apt/archives/partial/libvorbis-dev_1.3.7-1_armhf.deb" [1]
2026-05-21 10:15:48 URL:https://deb.debian.org/debian/pool/main/libv/libvorbis/libvorbis0a_1.3.7-1_armhf.deb [82964/82964] -> "/home/nicolas/Escritorio/T113_SAXO_OS/debian_fs/debian_bookworm//var/cache/apt/archives/partial/libvorbis0a_1.3.7-1_armhf.deb" [1]
2026-05-21 10:15:48 URL:https://deb.debian.org/debian/pool/main/libv/libvorbis/libvorbisenc2_1.3.7-1_armhf.deb [74360/74360] -> "/home/nicolas/Escritorio/T113_SAXO_OS/debian_fs/debian_bookworm//var/cache/apt/archives/partial/libvorbisenc2_1.3.7-1_armhf.deb" [1]
2026-05-21 10:15:48 URL:https://deb.debian.org/debian/pool/main/libv/libvorbis/libvorbisfile3_1.3.7-1_armhf.deb [25384/25384] -> "/home/nicolas/Escritorio/T113_SAXO_OS/debian_fs/debian_bookworm//var/cache/apt/archives/partial/libvorbisfile3_1.3.7-1_armhf.deb" [1]
2026-05-21 10:15:49 URL:https://deb.debian.org/debian/pool/main/libv/libvpx/libvpx7_1.12.0-1+deb12u5_armhf.deb [1260928/1260928] -> "/home/nicolas/Escritorio/T113_SAXO_OS/debian_fs/debian_bookworm//var/cache/apt/archives/partial/libvpx7_1.12.0-1+deb12u5_armhf.deb" [1]
2026-05-21 10:15:49 URL:https://deb.debian.org/debian/pool/main/libw/libwebp/libwebp7_1.2.4-0.2+deb12u1_armhf.deb [242116/242116] -> "/home/nicolas/Escritorio/T113_SAXO_OS/debian_fs/debian_bookworm//var/cache/apt/archives/partial/libwebp7_1.2.4-0.2+deb12u1_armhf.deb" [1]
2026-05-21 10:15:49 URL:https://deb.debian.org/debian/pool/main/libw/libwebp/libwebpmux3_1.2.4-0.2+deb12u1_armhf.deb [105592/105592] -> "/home/nicolas/Escritorio/T113_SAXO_OS/debian_fs/debian_bookworm//var/cache/apt/archives/partial/libwebpmux3_1.2.4-0.2+deb12u1_armhf.deb" [1]
2026-05-21 10:15:50 URL:https://deb.debian.org/debian/pool/main/w/webrtc-audio-processing/libwebrtc-audio-processing1_0.3-1+b1_armhf.deb [231784/231784] -> "/home/nicolas/Escritorio/T113_SAXO_OS/debian_fs/debian_bookworm//var/cache/apt/archives/partial/libwebrtc-audio-processing1_0.3-1+b1_armhf.deb" [1]
2026-05-21 10:15:50 URL:https://deb.debian.org/debian/pool/main/t/tcp-wrappers/libwrap0_7.6.q-32_armhf.deb [52580/52580] -> "/home/nicolas/Escritorio/T113_SAXO_OS/debian_fs/debian_bookworm//var/cache/apt/archives/partial/libwrap0_7.6.q-32_armhf.deb" [1]
2026-05-21 10:15:50 URL:https://deb.debian.org/debian/pool/main/libx/libx11/libx11-6_1.8.4-2+deb12u2_armhf.deb [694996/694996] -> "/home/nicolas/Escritorio/T113_SAXO_OS/debian_fs/debian_bookworm//var/cache/apt/archives/partial/libx11-6_2%3a1.8.4-2+deb12u2_armhf.deb" [1]
2026-05-21 10:15:50 URL:https://deb.debian.org/debian/pool/main/libx/libx11/libx11-data_1.8.4-2+deb12u2_all.deb [291884/291884] -> "/home/nicolas/Escritorio/T113_SAXO_OS/debian_fs/debian_bookworm//var/cache/apt/archives/partial/libx11-data_2%3a1.8.4-2+deb12u2_all.deb" [1]
2026-05-21 10:15:50 URL:https://deb.debian.org/debian/pool/main/libx/libx11/libx11-xcb1_1.8.4-2+deb12u2_armhf.deb [192304/192304] -> "/home/nicolas/Escritorio/T113_SAXO_OS/debian_fs/debian_bookworm//var/cache/apt/archives/partial/libx11-xcb1_2%3a1.8.4-2+deb12u2_armhf.deb" [1]
2026-05-21 10:15:51 URL:https://deb.debian.org/debian/pool/main/x/x264/libx264-164_0.164.3095+gitbaee400-3_armhf.deb [427628/427628] -> "/home/nicolas/Escritorio/T113_SAXO_OS/debian_fs/debian_bookworm//var/cache/apt/archives/partial/libx264-164_2%3a0.164.3095+gitbaee400-3_armhf.deb" [1]
2026-05-21 10:15:51 URL:https://deb.debian.org/debian/pool/main/x/x265/libx265-199_3.5-2+b1_armhf.deb [579896/579896] -> "/home/nicolas/Escritorio/T113_SAXO_OS/debian_fs/debian_bookworm//var/cache/apt/archives/partial/libx265-199_3.5-2+b1_armhf.deb" [1]
2026-05-21 10:15:51 URL:https://deb.debian.org/debian/pool/main/libx/libxau/libxau6_1.0.9-1_armhf.deb [18964/18964] -> "/home/nicolas/Escritorio/T113_SAXO_OS/debian_fs/debian_bookworm//var/cache/apt/archives/partial/libxau6_1%3a1.0.9-1_armhf.deb" [1]
2026-05-21 10:15:51 URL:https://deb.debian.org/debian/pool/main/libx/libxaw/libxaw7_1.0.14-1_armhf.deb [166760/166760] -> "/home/nicolas/Escritorio/T113_SAXO_OS/debian_fs/debian_bookworm//var/cache/apt/archives/partial/libxaw7_2%3a1.0.14-1_armhf.deb" [1]
2026-05-21 10:15:52 URL:https://deb.debian.org/debian/pool/main/libx/libxcb/libxcb-dri3-0_1.15-1_armhf.deb [106560/106560] -> "/home/nicolas/Escritorio/T113_SAXO_OS/debian_fs/debian_bookworm//var/cache/apt/archives/partial/libxcb-dri3-0_1.15-1_armhf.deb" [1]
2026-05-21 10:15:52 URL:https://deb.debian.org/debian/pool/main/libx/libxcb/libxcb-render0_1.15-1_armhf.deb [114252/114252] -> "/home/nicolas/Escritorio/T113_SAXO_OS/debian_fs/debian_bookworm//var/cache/apt/archives/partial/libxcb-render0_1.15-1_armhf.deb" [1]
2026-05-21 10:15:52 URL:https://deb.debian.org/debian/pool/main/libx/libxcb/libxcb-shm0_1.15-1_armhf.deb [105672/105672] -> "/home/nicolas/Escritorio/T113_SAXO_OS/debian_fs/debian_bookworm//var/cache/apt/archives/partial/libxcb-shm0_1.15-1_armhf.deb" [1]
2026-05-21 10:15:52 URL:https://deb.debian.org/debian/pool/main/libx/libxcb/libxcb1_1.15-1_armhf.deb [140372/140372] -> "/home/nicolas/Escritorio/T113_SAXO_OS/debian_fs/debian_bookworm//var/cache/apt/archives/partial/libxcb1_1.15-1_armhf.deb" [1]
2026-05-21 10:15:52 URL:https://deb.debian.org/debian/pool/main/libx/libxdmcp/libxdmcp6_1.1.2-3_armhf.deb [24872/24872] -> "/home/nicolas/Escritorio/T113_SAXO_OS/debian_fs/debian_bookworm//var/cache/apt/archives/partial/libxdmcp6_1%3a1.1.2-3_armhf.deb" [1]
2026-05-21 10:15:53 URL:https://deb.debian.org/debian/pool/main/libx/libxext/libxext6_1.3.4-1+b1_armhf.deb [47836/47836] -> "/home/nicolas/Escritorio/T113_SAXO_OS/debian_fs/debian_bookworm//var/cache/apt/archives/partial/libxext6_2%3a1.3.4-1+b1_armhf.deb" [1]
2026-05-21 10:15:53 URL:https://deb.debian.org/debian/pool/main/libx/libxfixes/libxfixes3_6.0.0-2_armhf.deb [21088/21088] -> "/home/nicolas/Escritorio/T113_SAXO_OS/debian_fs/debian_bookworm//var/cache/apt/archives/partial/libxfixes3_1%3a6.0.0-2_armhf.deb" [1]
2026-05-21 10:15:53 URL:https://deb.debian.org/debian/pool/main/x/xft/libxft2_2.3.6-1_armhf.deb [53796/53796] -> "/home/nicolas/Escritorio/T113_SAXO_OS/debian_fs/debian_bookworm//var/cache/apt/archives/partial/libxft2_2.3.6-1_armhf.deb" [1]
2026-05-21 10:15:53 URL:https://deb.debian.org/debian/pool/main/libx/libxinerama/libxinerama1_1.1.4-3_armhf.deb [17392/17392] -> "/home/nicolas/Escritorio/T113_SAXO_OS/debian_fs/debian_bookworm//var/cache/apt/archives/partial/libxinerama1_2%3a1.1.4-3_armhf.deb" [1]
2026-05-21 10:15:53 URL:https://deb.debian.org/debian/pool/main/libx/libxml2/libxml2_2.9.14+dfsg-1.3~deb12u5_armhf.deb [592120/592120] -> "/home/nicolas/Escritorio/T113_SAXO_OS/debian_fs/debian_bookworm//var/cache/apt/archives/partial/libxml2_2.9.14+dfsg-1.3~deb12u5_armhf.deb" [1]
2026-05-21 10:15:53 URL:https://deb.debian.org/debian/pool/main/libx/libxmu/libxmu6_1.1.3-3_armhf.deb [52644/52644] -> "/home/nicolas/Escritorio/T113_SAXO_OS/debian_fs/debian_bookworm//var/cache/apt/archives/partial/libxmu6_2%3a1.1.3-3_armhf.deb" [1]
2026-05-21 10:15:53 URL:https://deb.debian.org/debian/pool/main/libx/libxpm/libxpm4_3.5.12-1.1+deb12u1_armhf.deb [42444/42444] -> "/home/nicolas/Escritorio/T113_SAXO_OS/debian_fs/debian_bookworm//var/cache/apt/archives/partial/libxpm4_1%3a3.5.12-1.1+deb12u1_armhf.deb" [1]
2026-05-21 10:15:54 URL:https://deb.debian.org/debian/pool/main/libx/libxrender/libxrender1_0.9.10-1.1_armhf.deb [30096/30096] -> "/home/nicolas/Escritorio/T113_SAXO_OS/debian_fs/debian_bookworm//var/cache/apt/archives/partial/libxrender1_1%3a0.9.10-1.1_armhf.deb" [1]
2026-05-21 10:15:54 URL:https://deb.debian.org/debian/pool/main/libx/libxt/libxt6_1.2.1-1.1_armhf.deb [157260/157260] -> "/home/nicolas/Escritorio/T113_SAXO_OS/debian_fs/debian_bookworm//var/cache/apt/archives/partial/libxt6_1%3a1.2.1-1.1_armhf.deb" [1]
2026-05-21 10:15:54 URL:https://deb.debian.org/debian/pool/main/i/iptables/libxtables12_1.8.9-2_armhf.deb [27756/27756] -> "/home/nicolas/Escritorio/T113_SAXO_OS/debian_fs/debian_bookworm//var/cache/apt/archives/partial/libxtables12_1.8.9-2_armhf.deb" [1]
2026-05-21 10:15:54 URL:https://deb.debian.org/debian/pool/main/libx/libxtst/libxtst6_1.2.3-1.1_armhf.deb [26212/26212] -> "/home/nicolas/Escritorio/T113_SAXO_OS/debian_fs/debian_bookworm//var/cache/apt/archives/partial/libxtst6_2%3a1.2.3-1.1_armhf.deb" [1]
2026-05-21 10:15:54 URL:https://deb.debian.org/debian/pool/main/x/xvidcore/libxvidcore4_1.3.7-1_armhf.deb [203240/203240] -> "/home/nicolas/Escritorio/T113_SAXO_OS/debian_fs/debian_bookworm//var/cache/apt/archives/partial/libxvidcore4_2%3a1.3.7-1_armhf.deb" [1]
2026-05-21 10:15:54 URL:https://deb.debian.org/debian/pool/main/x/xxhash/libxxhash0_0.8.1-1_armhf.deb [26632/26632] -> "/home/nicolas/Escritorio/T113_SAXO_OS/debian_fs/debian_bookworm//var/cache/apt/archives/partial/libxxhash0_0.8.1-1_armhf.deb" [1]
2026-05-21 10:15:54 URL:https://deb.debian.org/debian/pool/main/z/z3/libz3-4_4.8.12-3.1_armhf.deb [6060724/6060724] -> "/home/nicolas/Escritorio/T113_SAXO_OS/debian_fs/debian_bookworm//var/cache/apt/archives/partial/libz3-4_4.8.12-3.1_armhf.deb" [1]
2026-05-21 10:15:55 URL:https://deb.debian.org/debian/pool/main/z/zita-alsa-pcmi/libzita-alsa-pcmi0_0.6.1-1_armhf.deb [12320/12320] -> "/home/nicolas/Escritorio/T113_SAXO_OS/debian_fs/debian_bookworm//var/cache/apt/archives/partial/libzita-alsa-pcmi0_0.6.1-1_armhf.deb" [1]
2026-05-21 10:15:55 URL:https://deb.debian.org/debian/pool/main/z/zita-resampler/libzita-resampler1_1.8.0-2_armhf.deb [11024/11024] -> "/home/nicolas/Escritorio/T113_SAXO_OS/debian_fs/debian_bookworm//var/cache/apt/archives/partial/libzita-resampler1_1.8.0-2_armhf.deb" [1]
2026-05-21 10:15:55 URL:https://deb.debian.org/debian/pool/main/libz/libzstd/libzstd1_1.5.4+dfsg2-5_armhf.deb [248800/248800] -> "/home/nicolas/Escritorio/T113_SAXO_OS/debian_fs/debian_bookworm//var/cache/apt/archives/partial/libzstd1_1.5.4+dfsg2-5_armhf.deb" [1]
2026-05-21 10:15:56 URL:https://deb.debian.org/debian/pool/main/z/zvbi/libzvbi-common_0.2.41-1+deb12u1_all.deb [69944/69944] -> "/home/nicolas/Escritorio/T113_SAXO_OS/debian_fs/debian_bookworm//var/cache/apt/archives/partial/libzvbi-common_0.2.41-1+deb12u1_all.deb" [1]
2026-05-21 10:15:56 URL:https://deb.debian.org/debian/pool/main/z/zvbi/libzvbi0_0.2.41-1+deb12u1_armhf.deb [243152/243152] -> "/home/nicolas/Escritorio/T113_SAXO_OS/debian_fs/debian_bookworm//var/cache/apt/archives/partial/libzvbi0_0.2.41-1+deb12u1_armhf.deb" [1]
2026-05-21 10:15:56 URL:https://deb.debian.org/debian/pool/main/l/linux-base/linux-base_4.9_all.deb [31784/31784] -> "/home/nicolas/Escritorio/T113_SAXO_OS/debian_fs/debian_bookworm//var/cache/apt/archives/partial/linux-base_4.9_all.deb" [1]
2026-05-21 10:15:56 URL:https://deb.debian.org/debian/pool/main/l/linux/linux-libc-dev_6.1.170-3_armhf.deb [2232396/2232396] -> "/home/nicolas/Escritorio/T113_SAXO_OS/debian_fs/debian_bookworm//var/cache/apt/archives/partial/linux-libc-dev_6.1.170-3_armhf.deb" [1]
2026-05-21 10:15:56 URL:https://deb.debian.org/debian/pool/main/l/lm-sensors/lm-sensors_3.6.0-7.1_armhf.deb [87712/87712] -> "/home/nicolas/Escritorio/T113_SAXO_OS/debian_fs/debian_bookworm//var/cache/apt/archives/partial/lm-sensors_1%3a3.6.0-7.1_armhf.deb" [1]
2026-05-21 10:15:57 URL:https://deb.debian.org/debian/pool/main/g/glibc/locales_2.36-9+deb12u14_all.deb [3906316/3906316] -> "/home/nicolas/Escritorio/T113_SAXO_OS/debian_fs/debian_bookworm//var/cache/apt/archives/partial/locales_2.36-9+deb12u14_all.deb" [1]
2026-05-21 10:15:57 URL:https://deb.debian.org/debian/pool/main/s/shadow/login_4.13+dfsg1-1+deb12u2_armhf.deb [612656/612656] -> "/home/nicolas/Escritorio/T113_SAXO_OS/debian_fs/debian_bookworm//var/cache/apt/archives/partial/login_1%3a4.13+dfsg1-1+deb12u2_armhf.deb" [1]
2026-05-21 10:15:57 URL:https://deb.debian.org/debian/pool/main/e/e2fsprogs/logsave_1.47.0-2+b2_armhf.deb [19356/19356] -> "/home/nicolas/Escritorio/T113_SAXO_OS/debian_fs/debian_bookworm//var/cache/apt/archives/partial/logsave_1.47.0-2+b2_armhf.deb" [1]
2026-05-21 10:15:57 URL:https://deb.debian.org/debian/pool/main/l/lrzsz/lrzsz_0.12.21-10_armhf.deb [85048/85048] -> "/home/nicolas/Escritorio/T113_SAXO_OS/debian_fs/debian_bookworm//var/cache/apt/archives/partial/lrzsz_0.12.21-10_armhf.deb" [1]
2026-05-21 10:15:58 URL:https://deb.debian.org/debian/pool/main/l/lsb/lsb-base_11.6_all.deb [4584/4584] -> "/home/nicolas/Escritorio/T113_SAXO_OS/debian_fs/debian_bookworm//var/cache/apt/archives/partial/lsb-base_11.6_all.deb" [1]
2026-05-21 10:15:58 URL:https://deb.debian.org/debian/pool/main/l/lsb-release-minimal/lsb-release_12.0-1_all.deb [6416/6416] -> "/home/nicolas/Escritorio/T113_SAXO_OS/debian_fs/debian_bookworm//var/cache/apt/archives/partial/lsb-release_12.0-1_all.deb" [1]
2026-05-21 10:15:58 URL:https://deb.debian.org/debian/pool/main/m/m4/m4_1.4.19-3_armhf.deb [265000/265000] -> "/home/nicolas/Escritorio/T113_SAXO_OS/debian_fs/debian_bookworm//var/cache/apt/archives/partial/m4_1.4.19-3_armhf.deb" [1]
2026-05-21 10:15:58 URL:https://deb.debian.org/debian/pool/main/m/make-dfsg/make_4.3-4.1_armhf.deb [384408/384408] -> "/home/nicolas/Escritorio/T113_SAXO_OS/debian_fs/debian_bookworm//var/cache/apt/archives/partial/make_4.3-4.1_armhf.deb" [1]
2026-05-21 10:15:58 URL:https://deb.debian.org/debian/pool/main/m/mawk/mawk_1.3.4.20200120-3.1_armhf.deb [108508/108508] -> "/home/nicolas/Escritorio/T113_SAXO_OS/debian_fs/debian_bookworm//var/cache/apt/archives/partial/mawk_1.3.4.20200120-3.1_armhf.deb" [1]
2026-05-21 10:15:58 URL:https://deb.debian.org/debian/pool/main/m/media-types/media-types_10.0.0_all.deb [26136/26136] -> "/home/nicolas/Escritorio/T113_SAXO_OS/debian_fs/debian_bookworm//var/cache/apt/archives/partial/media-types_10.0.0_all.deb" [1]
2026-05-21 10:15:59 URL:https://deb.debian.org/debian/pool/main/u/util-linux/mount_2.38.1-5+deb12u3_armhf.deb [125592/125592] -> "/home/nicolas/Escritorio/T113_SAXO_OS/debian_fs/debian_bookworm//var/cache/apt/archives/partial/mount_2.38.1-5+deb12u3_armhf.deb" [1]
2026-05-21 10:15:59 URL:https://deb.debian.org/debian/pool/main/n/nano/nano_7.2-1+deb12u1_armhf.deb [675808/675808] -> "/home/nicolas/Escritorio/T113_SAXO_OS/debian_fs/debian_bookworm//var/cache/apt/archives/partial/nano_7.2-1+deb12u1_armhf.deb" [1]
2026-05-21 10:15:59 URL:https://deb.debian.org/debian/pool/main/n/ncurses/ncurses-base_6.4-4_all.deb [261308/261308] -> "/home/nicolas/Escritorio/T113_SAXO_OS/debian_fs/debian_bookworm//var/cache/apt/archives/partial/ncurses-base_6.4-4_all.deb" [1]
2026-05-21 10:15:59 URL:https://deb.debian.org/debian/pool/main/n/ncurses/ncurses-bin_6.4-4_armhf.deb [413340/413340] -> "/home/nicolas/Escritorio/T113_SAXO_OS/debian_fs/debian_bookworm//var/cache/apt/archives/partial/ncurses-bin_6.4-4_armhf.deb" [1]
2026-05-21 10:16:00 URL:https://deb.debian.org/debian/pool/main/n/net-tools/net-tools_2.10-0.1+deb12u2_armhf.deb [229364/229364] -> "/home/nicolas/Escritorio/T113_SAXO_OS/debian_fs/debian_bookworm//var/cache/apt/archives/partial/net-tools_2.10-0.1+deb12u2_armhf.deb" [1]
2026-05-21 10:16:00 URL:https://deb.debian.org/debian/pool/main/n/netbase/netbase_6.4_all.deb [12800/12800] -> "/home/nicolas/Escritorio/T113_SAXO_OS/debian_fs/debian_bookworm//var/cache/apt/archives/partial/netbase_6.4_all.deb" [1]
2026-05-21 10:16:00 URL:https://deb.debian.org/debian/pool/main/n/nettle/nettle-dev_3.8.1-2_armhf.deb [1237444/1237444] -> "/home/nicolas/Escritorio/T113_SAXO_OS/debian_fs/debian_bookworm//var/cache/apt/archives/partial/nettle-dev_3.8.1-2_armhf.deb" [1]
2026-05-21 10:16:00 URL:https://deb.debian.org/debian/pool/main/n/ntpsec/ntpdate_4.2.8p15+dfsg-2~1.2.2+dfsg1-1+deb12u1_all.deb [22000/22000] -> "/home/nicolas/Escritorio/T113_SAXO_OS/debian_fs/debian_bookworm//var/cache/apt/archives/partial/ntpdate_1%3a4.2.8p15+dfsg-2~1.2.2+dfsg1-1+deb12u1_all.deb" [1]
2026-05-21 10:16:00 URL:https://deb.debian.org/debian/pool/main/n/ntpsec/ntpsec-ntpdate_1.2.2+dfsg1-1+deb12u1_armhf.deb [29008/29008] -> "/home/nicolas/Escritorio/T113_SAXO_OS/debian_fs/debian_bookworm//var/cache/apt/archives/partial/ntpsec-ntpdate_1.2.2+dfsg1-1+deb12u1_armhf.deb" [1]
2026-05-21 10:16:01 URL:https://deb.debian.org/debian/pool/main/n/ntpsec/ntpsec-ntpdig_1.2.2+dfsg1-1+deb12u1_armhf.deb [31912/31912] -> "/home/nicolas/Escritorio/T113_SAXO_OS/debian_fs/debian_bookworm//var/cache/apt/archives/partial/ntpsec-ntpdig_1.2.2+dfsg1-1+deb12u1_armhf.deb" [1]
2026-05-21 10:16:01 URL:https://deb.debian.org/debian/pool/main/o/ocl-icd/ocl-icd-libopencl1_2.3.1-1_armhf.deb [40144/40144] -> "/home/nicolas/Escritorio/T113_SAXO_OS/debian_fs/debian_bookworm//var/cache/apt/archives/partial/ocl-icd-libopencl1_2.3.1-1_armhf.deb" [1]
2026-05-21 10:16:01 URL:https://deb.debian.org/debian/pool/main/o/openssh/openssh-client_9.2p1-2+deb12u10_armhf.deb [900936/900936] -> "/home/nicolas/Escritorio/T113_SAXO_OS/debian_fs/debian_bookworm//var/cache/apt/archives/partial/openssh-client_1%3a9.2p1-2+deb12u10_armhf.deb" [1]
2026-05-21 10:16:01 URL:https://deb.debian.org/debian/pool/main/o/openssh/openssh-server_9.2p1-2+deb12u10_armhf.deb [418324/418324] -> "/home/nicolas/Escritorio/T113_SAXO_OS/debian_fs/debian_bookworm//var/cache/apt/archives/partial/openssh-server_1%3a9.2p1-2+deb12u10_armhf.deb" [1]
2026-05-21 10:16:02 URL:https://deb.debian.org/debian/pool/main/o/openssh/openssh-sftp-server_9.2p1-2+deb12u10_armhf.deb [60560/60560] -> "/home/nicolas/Escritorio/T113_SAXO_OS/debian_fs/debian_bookworm//var/cache/apt/archives/partial/openssh-sftp-server_1%3a9.2p1-2+deb12u10_armhf.deb" [1]
2026-05-21 10:16:02 URL:https://deb.debian.org/debian/pool/main/o/openssl/openssl_3.0.20-1~deb12u1_armhf.deb [1405612/1405612] -> "/home/nicolas/Escritorio/T113_SAXO_OS/debian_fs/debian_bookworm//var/cache/apt/archives/partial/openssl_3.0.20-1~deb12u1_armhf.deb" [1]
2026-05-21 10:16:02 URL:https://deb.debian.org/debian/pool/main/s/shadow/passwd_4.13+dfsg1-1+deb12u2_armhf.deb [922364/922364] -> "/home/nicolas/Escritorio/T113_SAXO_OS/debian_fs/debian_bookworm//var/cache/apt/archives/partial/passwd_1%3a4.13+dfsg1-1+deb12u2_armhf.deb" [1]
2026-05-21 10:16:03 URL:https://deb.debian.org/debian/pool/main/p/patch/patch_2.7.6-7_armhf.deb [124528/124528] -> "/home/nicolas/Escritorio/T113_SAXO_OS/debian_fs/debian_bookworm//var/cache/apt/archives/partial/patch_2.7.6-7_armhf.deb" [1]
2026-05-21 10:16:03 URL:https://deb.debian.org/debian/pool/main/p/perl/perl_5.36.0-7+deb12u3_armhf.deb [238900/238900] -> "/home/nicolas/Escritorio/T113_SAXO_OS/debian_fs/debian_bookworm//var/cache/apt/archives/partial/perl_5.36.0-7+deb12u3_armhf.deb" [1]
2026-05-21 10:16:03 URL:https://deb.debian.org/debian/pool/main/p/perl/perl-base_5.36.0-7+deb12u3_armhf.deb [1464120/1464120] -> "/home/nicolas/Escritorio/T113_SAXO_OS/debian_fs/debian_bookworm//var/cache/apt/archives/partial/perl-base_5.36.0-7+deb12u3_armhf.deb" [1]
2026-05-21 10:16:03 URL:https://deb.debian.org/debian/pool/main/p/perl/perl-modules-5.36_5.36.0-7+deb12u3_all.deb [2815332/2815332] -> "/home/nicolas/Escritorio/T113_SAXO_OS/debian_fs/debian_bookworm//var/cache/apt/archives/partial/perl-modules-5.36_5.36.0-7+deb12u3_all.deb" [1]
2026-05-21 10:16:04 URL:https://deb.debian.org/debian/pool/main/p/pkgconf/pkg-config_1.8.1-1_armhf.deb [13688/13688] -> "/home/nicolas/Escritorio/T113_SAXO_OS/debian_fs/debian_bookworm//var/cache/apt/archives/partial/pkg-config_1.8.1-1_armhf.deb" [1]
2026-05-21 10:16:04 URL:https://deb.debian.org/debian/pool/main/p/pkgconf/pkgconf_1.8.1-1_armhf.deb [25864/25864] -> "/home/nicolas/Escritorio/T113_SAXO_OS/debian_fs/debian_bookworm//var/cache/apt/archives/partial/pkgconf_1.8.1-1_armhf.deb" [1]
2026-05-21 10:16:04 URL:https://deb.debian.org/debian/pool/main/p/pkgconf/pkgconf-bin_1.8.1-1_armhf.deb [28464/28464] -> "/home/nicolas/Escritorio/T113_SAXO_OS/debian_fs/debian_bookworm//var/cache/apt/archives/partial/pkgconf-bin_1.8.1-1_armhf.deb" [1]
2026-05-21 10:16:04 URL:https://deb.debian.org/debian/pool/main/p/procps/procps_4.0.2-3_armhf.deb [695136/695136] -> "/home/nicolas/Escritorio/T113_SAXO_OS/debian_fs/debian_bookworm//var/cache/apt/archives/partial/procps_2%3a4.0.2-3_armhf.deb" [1]
2026-05-21 10:16:05 URL:https://deb.debian.org/debian/pool/main/p/psmisc/psmisc_23.6-1_armhf.deb [255476/255476] -> "/home/nicolas/Escritorio/T113_SAXO_OS/debian_fs/debian_bookworm//var/cache/apt/archives/partial/psmisc_23.6-1_armhf.deb" [1]
2026-05-21 10:16:05 URL:https://deb.debian.org/debian/pool/main/p/pulseaudio/pulseaudio_16.1+dfsg1-2+b1_armhf.deb [1104288/1104288] -> "/home/nicolas/Escritorio/T113_SAXO_OS/debian_fs/debian_bookworm//var/cache/apt/archives/partial/pulseaudio_16.1+dfsg1-2+b1_armhf.deb" [1]
2026-05-21 10:16:05 URL:https://deb.debian.org/debian/pool/main/p/pulseaudio/pulseaudio-utils_16.1+dfsg1-2+b1_armhf.deb [87380/87380] -> "/home/nicolas/Escritorio/T113_SAXO_OS/debian_fs/debian_bookworm//var/cache/apt/archives/partial/pulseaudio-utils_16.1+dfsg1-2+b1_armhf.deb" [1]
2026-05-21 10:16:05 URL:https://deb.debian.org/debian/pool/main/p/python-apt/python-apt-common_2.6.0_all.deb [64296/64296] -> "/home/nicolas/Escritorio/T113_SAXO_OS/debian_fs/debian_bookworm//var/cache/apt/archives/partial/python-apt-common_2.6.0_all.deb" [1]
2026-05-21 10:16:05 URL:https://deb.debian.org/debian/pool/main/p/python3-defaults/python3_3.11.2-1+b1_armhf.deb [26296/26296] -> "/home/nicolas/Escritorio/T113_SAXO_OS/debian_fs/debian_bookworm//var/cache/apt/archives/partial/python3_3.11.2-1+b1_armhf.deb" [1]
2026-05-21 10:16:06 URL:https://deb.debian.org/debian/pool/main/p/python-apt/python3-apt_2.6.0_armhf.deb [143728/143728] -> "/home/nicolas/Escritorio/T113_SAXO_OS/debian_fs/debian_bookworm//var/cache/apt/archives/partial/python3-apt_2.6.0_armhf.deb" [1]
2026-05-21 10:16:06 URL:https://deb.debian.org/debian/pool/main/d/dbus-python/python3-dbus_1.3.2-4+b1_armhf.deb [89112/89112] -> "/home/nicolas/Escritorio/T113_SAXO_OS/debian_fs/debian_bookworm//var/cache/apt/archives/partial/python3-dbus_1.3.2-4+b1_armhf.deb" [1]
2026-05-21 10:16:06 URL:https://deb.debian.org/debian/pool/main/p/python3-stdlib-extensions/python3-distutils_3.11.2-3_all.deb [130936/130936] -> "/home/nicolas/Escritorio/T113_SAXO_OS/debian_fs/debian_bookworm//var/cache/apt/archives/partial/python3-distutils_3.11.2-3_all.deb" [1]
2026-05-21 10:16:06 URL:https://deb.debian.org/debian/pool/main/p/python3-stdlib-extensions/python3-lib2to3_3.11.2-3_all.deb [76284/76284] -> "/home/nicolas/Escritorio/T113_SAXO_OS/debian_fs/debian_bookworm//var/cache/apt/archives/partial/python3-lib2to3_3.11.2-3_all.deb" [1]
2026-05-21 10:16:06 URL:https://deb.debian.org/debian/pool/main/p/python3-defaults/python3-minimal_3.11.2-1+b1_armhf.deb [26300/26300] -> "/home/nicolas/Escritorio/T113_SAXO_OS/debian_fs/debian_bookworm//var/cache/apt/archives/partial/python3-minimal_3.11.2-1+b1_armhf.deb" [1]
2026-05-21 10:16:07 URL:https://deb.debian.org/debian/pool/main/n/ntpsec/python3-ntp_1.2.2+dfsg1-1+deb12u1_armhf.deb [87604/87604] -> "/home/nicolas/Escritorio/T113_SAXO_OS/debian_fs/debian_bookworm//var/cache/apt/archives/partial/python3-ntp_1.2.2+dfsg1-1+deb12u1_armhf.deb" [1]
2026-05-21 10:16:07 URL:https://deb.debian.org/debian/pool/main/p/python3.11/python3.11_3.11.2-6+deb12u7_armhf.deb [573816/573816] -> "/home/nicolas/Escritorio/T113_SAXO_OS/debian_fs/debian_bookworm//var/cache/apt/archives/partial/python3.11_3.11.2-6+deb12u7_armhf.deb" [1]
2026-05-21 10:16:07 URL:https://deb.debian.org/debian/pool/main/p/python3.11/python3.11-minimal_3.11.2-6+deb12u7_armhf.deb [1716856/1716856] -> "/home/nicolas/Escritorio/T113_SAXO_OS/debian_fs/debian_bookworm//var/cache/apt/archives/partial/python3.11-minimal_3.11.2-6+deb12u7_armhf.deb" [1]
2026-05-21 10:16:07 URL:https://deb.debian.org/debian/pool/main/r/readline/readline-common_8.2-1.3_all.deb [68988/68988] -> "/home/nicolas/Escritorio/T113_SAXO_OS/debian_fs/debian_bookworm//var/cache/apt/archives/partial/readline-common_8.2-1.3_all.deb" [1]
2026-05-21 10:16:08 URL:https://deb.debian.org/debian/pool/main/u/util-linux/rfkill_2.38.1-5+deb12u3_armhf.deb [32308/32308] -> "/home/nicolas/Escritorio/T113_SAXO_OS/debian_fs/debian_bookworm//var/cache/apt/archives/partial/rfkill_2.38.1-5+deb12u3_armhf.deb" [1]
2026-05-21 10:16:08 URL:https://deb.debian.org/debian/pool/main/r/rpcsvc-proto/rpcsvc-proto_1.4.3-1_armhf.deb [58744/58744] -> "/home/nicolas/Escritorio/T113_SAXO_OS/debian_fs/debian_bookworm//var/cache/apt/archives/partial/rpcsvc-proto_1.4.3-1_armhf.deb" [1]
2026-05-21 10:16:08 URL:https://deb.debian.org/debian/pool/main/d/dh-runit/runit-helper_2.15.2_all.deb [6520/6520] -> "/home/nicolas/Escritorio/T113_SAXO_OS/debian_fs/debian_bookworm//var/cache/apt/archives/partial/runit-helper_2.15.2_all.deb" [1]
2026-05-21 10:16:08 URL:https://deb.debian.org/debian/pool/main/s/sed/sed_4.9-1+deb12u1_armhf.deb [321060/321060] -> "/home/nicolas/Escritorio/T113_SAXO_OS/debian_fs/debian_bookworm//var/cache/apt/archives/partial/sed_4.9-1+deb12u1_armhf.deb" [1]
2026-05-21 10:16:08 URL:https://deb.debian.org/debian/pool/main/s/sensible-utils/sensible-utils_0.0.17+nmu1_all.deb [19020/19020] -> "/home/nicolas/Escritorio/T113_SAXO_OS/debian_fs/debian_bookworm//var/cache/apt/archives/partial/sensible-utils_0.0.17+nmu1_all.deb" [1]
2026-05-21 10:16:08 URL:https://deb.debian.org/debian/pool/main/s/shared-mime-info/shared-mime-info_2.2-1_armhf.deb [726236/726236] -> "/home/nicolas/Escritorio/T113_SAXO_OS/debian_fs/debian_bookworm//var/cache/apt/archives/partial/shared-mime-info_2.2-1_armhf.deb" [1]
2026-05-21 10:16:09 URL:https://deb.debian.org/debian/pool/main/s/sudo/sudo_1.9.13p3-1+deb12u4_armhf.deb [1832716/1832716] -> "/home/nicolas/Escritorio/T113_SAXO_OS/debian_fs/debian_bookworm//var/cache/apt/archives/partial/sudo_1.9.13p3-1+deb12u4_armhf.deb" [1]
2026-05-21 10:16:09 URL:https://deb.debian.org/debian/pool/main/s/systemd/systemd_252.39-1~deb12u2_armhf.deb [2947768/2947768] -> "/home/nicolas/Escritorio/T113_SAXO_OS/debian_fs/debian_bookworm//var/cache/apt/archives/partial/systemd_252.39-1~deb12u2_armhf.deb" [1]
2026-05-21 10:16:09 URL:https://deb.debian.org/debian/pool/main/s/systemd/systemd-sysv_252.39-1~deb12u2_armhf.deb [42888/42888] -> "/home/nicolas/Escritorio/T113_SAXO_OS/debian_fs/debian_bookworm//var/cache/apt/archives/partial/systemd-sysv_252.39-1~deb12u2_armhf.deb" [1]
2026-05-21 10:16:09 URL:https://deb.debian.org/debian/pool/main/s/sysvinit/sysvinit-utils_3.06-4_armhf.deb [29548/29548] -> "/home/nicolas/Escritorio/T113_SAXO_OS/debian_fs/debian_bookworm//var/cache/apt/archives/partial/sysvinit-utils_3.06-4_armhf.deb" [1]
2026-05-21 10:16:10 URL:https://deb.debian.org/debian/pool/main/t/tar/tar_1.34+dfsg-1.2+deb12u1_armhf.deb [806876/806876] -> "/home/nicolas/Escritorio/T113_SAXO_OS/debian_fs/debian_bookworm//var/cache/apt/archives/partial/tar_1.34+dfsg-1.2+deb12u1_armhf.deb" [1]
2026-05-21 10:16:10 URL:https://deb.debian.org/debian/pool/main/n/netkit-tftp/tftp_0.17-25_all.deb [6500/6500] -> "/home/nicolas/Escritorio/T113_SAXO_OS/debian_fs/debian_bookworm//var/cache/apt/archives/partial/tftp_0.17-25_all.deb" [1]
2026-05-21 10:16:10 URL:https://deb.debian.org/debian/pool/main/t/tftp-hpa/tftp-hpa_5.2+20150808-1.4_armhf.deb [20928/20928] -> "/home/nicolas/Escritorio/T113_SAXO_OS/debian_fs/debian_bookworm//var/cache/apt/archives/partial/tftp-hpa_5.2+20150808-1.4_armhf.deb" [1]
2026-05-21 10:16:10 URL:https://deb.debian.org/debian/pool/main/t/tio/tio_2.5-1_armhf.deb [50736/50736] -> "/home/nicolas/Escritorio/T113_SAXO_OS/debian_fs/debian_bookworm//var/cache/apt/archives/partial/tio_2.5-1_armhf.deb" [1]
2026-05-21 10:16:10 URL:https://deb.debian.org/debian/pool/main/t/tzdata/tzdata_2026b-0+deb12u1_all.deb [304148/304148] -> "/home/nicolas/Escritorio/T113_SAXO_OS/debian_fs/debian_bookworm//var/cache/apt/archives/partial/tzdata_2026b-0+deb12u1_all.deb" [1]
2026-05-21 10:16:11 URL:https://deb.debian.org/debian/pool/main/u/ucf/ucf_3.0043+nmu1+deb12u1_all.deb [55312/55312] -> "/home/nicolas/Escritorio/T113_SAXO_OS/debian_fs/debian_bookworm//var/cache/apt/archives/partial/ucf_3.0043+nmu1+deb12u1_all.deb" [1]
2026-05-21 10:16:11 URL:https://deb.debian.org/debian/pool/main/s/systemd/udev_252.39-1~deb12u2_armhf.deb [1675308/1675308] -> "/home/nicolas/Escritorio/T113_SAXO_OS/debian_fs/debian_bookworm//var/cache/apt/archives/partial/udev_252.39-1~deb12u2_armhf.deb" [1]
2026-05-21 10:16:11 URL:https://deb.debian.org/debian/pool/main/u/usbutils/usbutils_014-1+deb12u1_armhf.deb [66048/66048] -> "/home/nicolas/Escritorio/T113_SAXO_OS/debian_fs/debian_bookworm//var/cache/apt/archives/partial/usbutils_1%3a014-1+deb12u1_armhf.deb" [1]
2026-05-21 10:16:12 URL:https://deb.debian.org/debian/pool/main/u/usrmerge/usr-is-merged_37~deb12u1_all.deb [5616/5616] -> "/home/nicolas/Escritorio/T113_SAXO_OS/debian_fs/debian_bookworm//var/cache/apt/archives/partial/usr-is-merged_37~deb12u1_all.deb" [1]
2026-05-21 10:16:12 URL:https://deb.debian.org/debian/pool/main/u/util-linux/util-linux_2.38.1-5+deb12u3_armhf.deb [1095340/1095340] -> "/home/nicolas/Escritorio/T113_SAXO_OS/debian_fs/debian_bookworm//var/cache/apt/archives/partial/util-linux_2.38.1-5+deb12u3_armhf.deb" [1]
2026-05-21 10:16:12 URL:https://deb.debian.org/debian/pool/main/u/util-linux/util-linux-extra_2.38.1-5+deb12u3_armhf.deb [99356/99356] -> "/home/nicolas/Escritorio/T113_SAXO_OS/debian_fs/debian_bookworm//var/cache/apt/archives/partial/util-linux-extra_2.38.1-5+deb12u3_armhf.deb" [1]
2026-05-21 10:16:12 URL:https://deb.debian.org/debian/pool/main/u/util-linux/uuid-dev_2.38.1-5+deb12u3_armhf.deb [38548/38548] -> "/home/nicolas/Escritorio/T113_SAXO_OS/debian_fs/debian_bookworm//var/cache/apt/archives/partial/uuid-dev_2.38.1-5+deb12u3_armhf.deb" [1]
2026-05-21 10:16:13 URL:https://deb.debian.org/debian/pool/main/v/vim/vim_9.0.1378-2+deb12u2_armhf.deb [1340856/1340856] -> "/home/nicolas/Escritorio/T113_SAXO_OS/debian_fs/debian_bookworm//var/cache/apt/archives/partial/vim_2%3a9.0.1378-2+deb12u2_armhf.deb" [1]
2026-05-21 10:16:13 URL:https://deb.debian.org/debian/pool/main/v/vim/vim-common_9.0.1378-2+deb12u2_all.deb [124836/124836] -> "/home/nicolas/Escritorio/T113_SAXO_OS/debian_fs/debian_bookworm//var/cache/apt/archives/partial/vim-common_2%3a9.0.1378-2+deb12u2_all.deb" [1]
2026-05-21 10:16:13 URL:https://deb.debian.org/debian/pool/main/v/vim/vim-runtime_9.0.1378-2+deb12u2_all.deb [7026844/7026844] -> "/home/nicolas/Escritorio/T113_SAXO_OS/debian_fs/debian_bookworm//var/cache/apt/archives/partial/vim-runtime_2%3a9.0.1378-2+deb12u2_all.deb" [1]
2026-05-21 10:16:13 URL:https://deb.debian.org/debian/pool/main/w/wget/wget_1.21.3-1+deb12u1_armhf.deb [915136/915136] -> "/home/nicolas/Escritorio/T113_SAXO_OS/debian_fs/debian_bookworm//var/cache/apt/archives/partial/wget_1.21.3-1+deb12u1_armhf.deb" [1]
2026-05-21 10:16:13 URL:https://deb.debian.org/debian/pool/main/w/wireless-regdb/wireless-regdb_2026.02.04-1~deb12u1_all.deb [12320/12320] -> "/home/nicolas/Escritorio/T113_SAXO_OS/debian_fs/debian_bookworm//var/cache/apt/archives/partial/wireless-regdb_2026.02.04-1~deb12u1_all.deb" [1]
2026-05-21 10:16:14 URL:https://deb.debian.org/debian/pool/main/w/wpa/wpasupplicant_2.10-12+deb12u3_armhf.deb [1210976/1210976] -> "/home/nicolas/Escritorio/T113_SAXO_OS/debian_fs/debian_bookworm//var/cache/apt/archives/partial/wpasupplicant_2%3a2.10-12+deb12u3_armhf.deb" [1]
2026-05-21 10:16:14 URL:https://deb.debian.org/debian/pool/main/x/xorg/x11-common_7.7+23_all.deb [252272/252272] -> "/home/nicolas/Escritorio/T113_SAXO_OS/debian_fs/debian_bookworm//var/cache/apt/archives/partial/x11-common_1%3a7.7+23_all.deb" [1]
2026-05-21 10:16:14 URL:https://deb.debian.org/debian/pool/main/x/xbitmaps/xbitmaps_1.1.1-2.2_all.deb [25096/25096] -> "/home/nicolas/Escritorio/T113_SAXO_OS/debian_fs/debian_bookworm//var/cache/apt/archives/partial/xbitmaps_1.1.1-2.2_all.deb" [1]
2026-05-21 10:16:15 URL:https://deb.debian.org/debian/pool/main/x/xterm/xterm_379-1_armhf.deb [798276/798276] -> "/home/nicolas/Escritorio/T113_SAXO_OS/debian_fs/debian_bookworm//var/cache/apt/archives/partial/xterm_379-1_armhf.deb" [1]
2026-05-21 10:16:15 URL:https://deb.debian.org/debian/pool/main/x/xz-utils/xz-utils_5.4.1-1_armhf.deb [468976/468976] -> "/home/nicolas/Escritorio/T113_SAXO_OS/debian_fs/debian_bookworm//var/cache/apt/archives/partial/xz-utils_5.4.1-1_armhf.deb" [1]
2026-05-21 10:16:15 URL:https://deb.debian.org/debian/pool/main/z/zlib/zlib1g_1.2.13.dfsg-1_armhf.deb [73844/73844] -> "/home/nicolas/Escritorio/T113_SAXO_OS/debian_fs/debian_bookworm//var/cache/apt/archives/partial/zlib1g_1%3a1.2.13.dfsg-1_armhf.deb" [1]
2026-05-21 10:16:15 URL:https://deb.debian.org/debian/pool/main/z/zlib/zlib1g-dev_1.2.13.dfsg-1_armhf.deb [902156/902156] -> "/home/nicolas/Escritorio/T113_SAXO_OS/debian_fs/debian_bookworm//var/cache/apt/archives/partial/zlib1g-dev_1%3a1.2.13.dfsg-1_armhf.deb" [1]
dpkg: warning: parsing file '/var/lib/dpkg/status' near line 5 package 'dpkg':
 missing 'Description' field
dpkg: warning: parsing file '/var/lib/dpkg/status' near line 5 package 'dpkg':
 missing 'Architecture' field
Selecting previously unselected package base-passwd.
(Reading database ... 0 files and directories currently installed.)
Preparing to unpack .../base-passwd_3.6.1_armhf.deb ...
Unpacking base-passwd (3.6.1) ...
dpkg: base-passwd: dependency problems, but configuring anyway as you requested:
 base-passwd depends on libc6 (>= 2.34); however:
  Package libc6 is not installed.
 base-passwd depends on libdebconfclient0 (>= 0.145); however:
  Package libdebconfclient0 is not installed.
 base-passwd depends on libselinux1 (>= 3.1~); however:
  Package libselinux1 is not installed.

Setting up base-passwd (3.6.1) ...
dpkg: warning: parsing file '/var/lib/dpkg/status' near line 24 package 'dpkg':
 missing 'Description' field
dpkg: warning: parsing file '/var/lib/dpkg/status' near line 24 package 'dpkg':
 missing 'Architecture' field
Selecting previously unselected package base-files.
dpkg: regarding .../base-files_12.4+deb12u14_armhf.deb containing base-files, pre-dependency problem:
 base-files pre-depends on awk
  awk is not installed.

dpkg: warning: ignoring pre-dependency problem!
(Reading database ... 41 files and directories currently installed.)
Preparing to unpack .../base-files_12.4+deb12u14_armhf.deb ...
Unpacking base-files (12.4+deb12u14) ...
dpkg: base-files: dependency problems, but configuring anyway as you requested:
 base-files depends on awk; however:
  Package awk is not installed.

Setting up base-files (12.4+deb12u14) ...
dpkg: warning: parsing file '/var/lib/dpkg/status' near line 51 package 'dpkg':
 missing 'Description' field
dpkg: warning: parsing file '/var/lib/dpkg/status' near line 51 package 'dpkg':
 missing 'Architecture' field
dpkg: regarding .../dpkg_1.21.23_armhf.deb containing dpkg, pre-dependency problem:
 dpkg pre-depends on libbz2-1.0
  libbz2-1.0 is not installed.

dpkg: warning: ignoring pre-dependency problem!
dpkg: regarding .../dpkg_1.21.23_armhf.deb containing dpkg, pre-dependency problem:
 dpkg pre-depends on libc6 (>= 2.34)
  libc6 is not installed.

dpkg: warning: ignoring pre-dependency problem!
dpkg: regarding .../dpkg_1.21.23_armhf.deb containing dpkg, pre-dependency problem:
 dpkg pre-depends on liblzma5 (>= 5.4.0)
  liblzma5 is not installed.

dpkg: warning: ignoring pre-dependency problem!
dpkg: regarding .../dpkg_1.21.23_armhf.deb containing dpkg, pre-dependency problem:
 dpkg pre-depends on libmd0 (>= 0.0.0)
  libmd0 is not installed.

dpkg: warning: ignoring pre-dependency problem!
dpkg: regarding .../dpkg_1.21.23_armhf.deb containing dpkg, pre-dependency problem:
 dpkg pre-depends on libselinux1 (>= 3.1~)
  libselinux1 is not installed.

dpkg: warning: ignoring pre-dependency problem!
dpkg: regarding .../dpkg_1.21.23_armhf.deb containing dpkg, pre-dependency problem:
 dpkg pre-depends on libzstd1 (>= 1.5.2)
  libzstd1 is not installed.

dpkg: warning: ignoring pre-dependency problem!
dpkg: regarding .../dpkg_1.21.23_armhf.deb containing dpkg, pre-dependency problem:
 dpkg pre-depends on zlib1g (>= 1:1.1.4)
  zlib1g is not installed.

dpkg: warning: ignoring pre-dependency problem!
(Reading database ... 121 files and directories currently installed.)
Preparing to unpack .../dpkg_1.21.23_armhf.deb ...
Unpacking dpkg (1.21.23) over (1.21.23) ...
dpkg: dpkg: dependency problems, but configuring anyway as you requested:
 dpkg depends on libbz2-1.0; however:
  Package libbz2-1.0 is not installed.
 dpkg depends on libc6 (>= 2.34); however:
  Package libc6 is not installed.
 dpkg depends on liblzma5 (>= 5.4.0); however:
  Package liblzma5 is not installed.
 dpkg depends on libmd0 (>= 0.0.0); however:
  Package libmd0 is not installed.
 dpkg depends on libselinux1 (>= 3.1~); however:
  Package libselinux1 is not installed.
 dpkg depends on libzstd1 (>= 1.5.2); however:
  Package libzstd1 is not installed.
 dpkg depends on zlib1g (>= 1:1.1.4); however:
  Package zlib1g is not installed.
 dpkg depends on tar (>= 1.28-1); however:
  Package tar is not installed.

Setting up dpkg (1.21.23) ...
Selecting previously unselected package libc6:armhf.
(Reading database ... 420 files and directories currently installed.)
Preparing to unpack .../libc6_2.36-9+deb12u14_armhf.deb ...
Unpacking libc6:armhf (2.36-9+deb12u14) ...
dpkg: libc6:armhf: dependency problems, but configuring anyway as you requested:
 libc6:armhf depends on libgcc-s1; however:
  Package libgcc-s1 is not installed.

Setting up libc6:armhf (2.36-9+deb12u14) ...
Selecting previously unselected package perl-base.
dpkg: regarding .../perl-base_5.36.0-7+deb12u3_armhf.deb containing perl-base, pre-dependency problem:
 perl-base pre-depends on libcrypt1 (>= 1:4.1.0)
  libcrypt1 is not installed.

dpkg: warning: ignoring pre-dependency problem!
(Reading database ... 711 files and directories currently installed.)
Preparing to unpack .../perl-base_5.36.0-7+deb12u3_armhf.deb ...
Unpacking perl-base (5.36.0-7+deb12u3) ...
dpkg: perl-base: dependency problems, but configuring anyway as you requested:
 perl-base depends on libcrypt1 (>= 1:4.1.0); however:
  Package libcrypt1 is not installed.

Setting up perl-base (5.36.0-7+deb12u3) ...
Selecting previously unselected package mawk.
(Reading database ... 1439 files and directories currently installed.)
Preparing to unpack .../mawk_1.3.4.20200120-3.1_armhf.deb ...
Unpacking mawk (1.3.4.20200120-3.1) ...
Setting up mawk (1.3.4.20200120-3.1) ...
update-alternatives: using /usr/bin/mawk to provide /usr/bin/awk (awk) in auto mode
Selecting previously unselected package adduser.
(Reading database ... 1458 files and directories currently installed.)
Preparing to unpack .../archives/adduser_3.134_all.deb ...
Unpacking adduser (3.134) ...
Selecting previously unselected package apt.
Preparing to unpack .../archives/apt_2.6.1_armhf.deb ...
Unpacking apt (2.6.1) ...
Preparing to unpack .../base-files_12.4+deb12u14_armhf.deb ...
Unpacking base-files (12.4+deb12u14) over (12.4+deb12u14) ...
Preparing to unpack .../base-passwd_3.6.1_armhf.deb ...
Unpacking base-passwd (3.6.1) over (3.6.1) ...
Selecting previously unselected package bash.
dpkg: regarding .../bash_5.2.15-2+b13_armhf.deb containing bash, pre-dependency problem:
 bash pre-depends on libtinfo6 (>= 6)
  libtinfo6 is not installed.

dpkg: warning: ignoring pre-dependency problem!
Preparing to unpack .../bash_5.2.15-2+b13_armhf.deb ...
Unpacking bash (5.2.15-2+b13) ...
Selecting previously unselected package bsdutils.
dpkg: regarding .../bsdutils_1%3a2.38.1-5+deb12u3_armhf.deb containing bsdutils, pre-dependency problem:
 bsdutils pre-depends on libsystemd0
  libsystemd0 is not installed.

dpkg: warning: ignoring pre-dependency problem!
Preparing to unpack .../bsdutils_1%3a2.38.1-5+deb12u3_armhf.deb ...
Unpacking bsdutils (1:2.38.1-5+deb12u3) ...
Selecting previously unselected package coreutils.
dpkg: regarding .../coreutils_9.1-1_armhf.deb containing coreutils, pre-dependency problem:
 coreutils pre-depends on libacl1 (>= 2.2.23)
  libacl1 is not installed.

dpkg: warning: ignoring pre-dependency problem!
dpkg: regarding .../coreutils_9.1-1_armhf.deb containing coreutils, pre-dependency problem:
 coreutils pre-depends on libattr1 (>= 1:2.4.44)
  libattr1 is not installed.

dpkg: warning: ignoring pre-dependency problem!
dpkg: regarding .../coreutils_9.1-1_armhf.deb containing coreutils, pre-dependency problem:
 coreutils pre-depends on libgmp10 (>= 2:6.2.1+dfsg1)
  libgmp10 is not installed.

dpkg: warning: ignoring pre-dependency problem!
dpkg: regarding .../coreutils_9.1-1_armhf.deb containing coreutils, pre-dependency problem:
 coreutils pre-depends on libselinux1 (>= 3.1~)
  libselinux1 is not installed.

dpkg: warning: ignoring pre-dependency problem!
Preparing to unpack .../coreutils_9.1-1_armhf.deb ...
Unpacking coreutils (9.1-1) ...
Selecting previously unselected package dash.
Preparing to unpack .../dash_0.5.12-2_armhf.deb ...
Unpacking dash (0.5.12-2) ...
Selecting previously unselected package debconf.
Preparing to unpack .../debconf_1.5.82_all.deb ...
Unpacking debconf (1.5.82) ...
Selecting previously unselected package debian-archive-keyring.
Preparing to unpack .../debian-archive-keyring_2023.3+deb12u2_all.deb ...
Unpacking debian-archive-keyring (2023.3+deb12u2) ...
Selecting previously unselected package debianutils.
Preparing to unpack .../debianutils_5.7-0.5~deb12u1_armhf.deb ...
Unpacking debianutils (5.7-0.5~deb12u1) ...
Selecting previously unselected package diffutils.
Preparing to unpack .../diffutils_1%3a3.8-4_armhf.deb ...
Unpacking diffutils (1:3.8-4) ...
dpkg: regarding .../dpkg_1.21.23_armhf.deb containing dpkg, pre-dependency problem:
 dpkg pre-depends on libbz2-1.0
  libbz2-1.0 is not installed.

dpkg: warning: ignoring pre-dependency problem!
dpkg: regarding .../dpkg_1.21.23_armhf.deb containing dpkg, pre-dependency problem:
 dpkg pre-depends on liblzma5 (>= 5.4.0)
  liblzma5 is not installed.

dpkg: warning: ignoring pre-dependency problem!
dpkg: regarding .../dpkg_1.21.23_armhf.deb containing dpkg, pre-dependency problem:
 dpkg pre-depends on libmd0 (>= 0.0.0)
  libmd0 is not installed.

dpkg: warning: ignoring pre-dependency problem!
dpkg: regarding .../dpkg_1.21.23_armhf.deb containing dpkg, pre-dependency problem:
 dpkg pre-depends on libselinux1 (>= 3.1~)
  libselinux1 is not installed.

dpkg: warning: ignoring pre-dependency problem!
dpkg: regarding .../dpkg_1.21.23_armhf.deb containing dpkg, pre-dependency problem:
 dpkg pre-depends on libzstd1 (>= 1.5.2)
  libzstd1 is not installed.

dpkg: warning: ignoring pre-dependency problem!
dpkg: regarding .../dpkg_1.21.23_armhf.deb containing dpkg, pre-dependency problem:
 dpkg pre-depends on zlib1g (>= 1:1.1.4)
  zlib1g is not installed.

dpkg: warning: ignoring pre-dependency problem!
Preparing to unpack .../dpkg_1.21.23_armhf.deb ...
Unpacking dpkg (1.21.23) over (1.21.23) ...
Selecting previously unselected package e2fsprogs.
dpkg: regarding .../e2fsprogs_1.47.0-2+b2_armhf.deb containing e2fsprogs, pre-dependency problem:
 e2fsprogs pre-depends on libblkid1 (>= 2.36)
  libblkid1 is not installed.

dpkg: warning: ignoring pre-dependency problem!
dpkg: regarding .../e2fsprogs_1.47.0-2+b2_armhf.deb containing e2fsprogs, pre-dependency problem:
 e2fsprogs pre-depends on libcom-err2 (>= 1.43.9)
  libcom-err2 is not installed.

dpkg: warning: ignoring pre-dependency problem!
dpkg: regarding .../e2fsprogs_1.47.0-2+b2_armhf.deb containing e2fsprogs, pre-dependency problem:
 e2fsprogs pre-depends on libext2fs2 (= 1.47.0-2+b2)
  libext2fs2 is not installed.

dpkg: warning: ignoring pre-dependency problem!
dpkg: regarding .../e2fsprogs_1.47.0-2+b2_armhf.deb containing e2fsprogs, pre-dependency problem:
 e2fsprogs pre-depends on libss2 (>= 1.38)
  libss2 is not installed.

dpkg: warning: ignoring pre-dependency problem!
dpkg: regarding .../e2fsprogs_1.47.0-2+b2_armhf.deb containing e2fsprogs, pre-dependency problem:
 e2fsprogs pre-depends on libuuid1 (>= 2.16)
  libuuid1 is not installed.

dpkg: warning: ignoring pre-dependency problem!
Preparing to unpack .../e2fsprogs_1.47.0-2+b2_armhf.deb ...
Unpacking e2fsprogs (1.47.0-2+b2) ...
Selecting previously unselected package findutils.
dpkg: regarding .../findutils_4.9.0-4_armhf.deb containing findutils, pre-dependency problem:
 findutils pre-depends on libselinux1 (>= 3.1~)
  libselinux1 is not installed.

dpkg: warning: ignoring pre-dependency problem!
Preparing to unpack .../findutils_4.9.0-4_armhf.deb ...
Unpacking findutils (4.9.0-4) ...
Selecting previously unselected package gcc-12-base:armhf.
Preparing to unpack .../gcc-12-base_12.2.0-14+deb12u1_armhf.deb ...
Unpacking gcc-12-base:armhf (12.2.0-14+deb12u1) ...
Selecting previously unselected package gpgv.
Preparing to unpack .../gpgv_2.2.40-1.1+deb12u2_armhf.deb ...
Unpacking gpgv (2.2.40-1.1+deb12u2) ...
Selecting previously unselected package grep.
dpkg: regarding .../archives/grep_3.8-5_armhf.deb containing grep, pre-dependency problem:
 grep pre-depends on libpcre2-8-0 (>= 10.32)
  libpcre2-8-0 is not installed.

dpkg: warning: ignoring pre-dependency problem!
Preparing to unpack .../archives/grep_3.8-5_armhf.deb ...
Unpacking grep (3.8-5) ...
Selecting previously unselected package gzip.
Preparing to unpack .../archives/gzip_1.12-1_armhf.deb ...
Unpacking gzip (1.12-1) ...
Selecting previously unselected package hostname.
Preparing to unpack .../hostname_3.23+nmu1_armhf.deb ...
Unpacking hostname (3.23+nmu1) ...
Selecting previously unselected package init-system-helpers.
Preparing to unpack .../init-system-helpers_1.65.2+deb12u1_all.deb ...
Unpacking init-system-helpers (1.65.2+deb12u1) ...
Selecting previously unselected package libacl1:armhf.
Preparing to unpack .../libacl1_2.3.1-3_armhf.deb ...
Unpacking libacl1:armhf (2.3.1-3) ...
Selecting previously unselected package libapt-pkg6.0:armhf.
Preparing to unpack .../libapt-pkg6.0_2.6.1_armhf.deb ...
Unpacking libapt-pkg6.0:armhf (2.6.1) ...
Selecting previously unselected package libattr1:armhf.
Preparing to unpack .../libattr1_1%3a2.5.1-4_armhf.deb ...
Unpacking libattr1:armhf (1:2.5.1-4) ...
Selecting previously unselected package libaudit-common.
Preparing to unpack .../libaudit-common_1%3a3.0.9-1_all.deb ...
Unpacking libaudit-common (1:3.0.9-1) ...
Selecting previously unselected package libaudit1:armhf.
Preparing to unpack .../libaudit1_1%3a3.0.9-1_armhf.deb ...
Unpacking libaudit1:armhf (1:3.0.9-1) ...
Selecting previously unselected package libblkid1:armhf.
Preparing to unpack .../libblkid1_2.38.1-5+deb12u3_armhf.deb ...
Unpacking libblkid1:armhf (2.38.1-5+deb12u3) ...
Selecting previously unselected package libbz2-1.0:armhf.
Preparing to unpack .../libbz2-1.0_1.0.8-5+b1_armhf.deb ...
Unpacking libbz2-1.0:armhf (1.0.8-5+b1) ...
Selecting previously unselected package libc-bin.
Preparing to unpack .../libc-bin_2.36-9+deb12u14_armhf.deb ...
Unpacking libc-bin (2.36-9+deb12u14) ...
Preparing to unpack .../libc6_2.36-9+deb12u14_armhf.deb ...
Unpacking libc6:armhf (2.36-9+deb12u14) over (2.36-9+deb12u14) ...
Selecting previously unselected package libcap-ng0:armhf.
Preparing to unpack .../libcap-ng0_0.8.3-1+b3_armhf.deb ...
Unpacking libcap-ng0:armhf (0.8.3-1+b3) ...
Selecting previously unselected package libcap2:armhf.
Preparing to unpack .../libcap2_1%3a2.66-4+deb12u3+b1_armhf.deb ...
Unpacking libcap2:armhf (1:2.66-4+deb12u3+b1) ...
Selecting previously unselected package libcom-err2:armhf.
Preparing to unpack .../libcom-err2_1.47.0-2+b2_armhf.deb ...
Unpacking libcom-err2:armhf (1.47.0-2+b2) ...
Selecting previously unselected package libcrypt1:armhf.
Preparing to unpack .../libcrypt1_1%3a4.4.33-2_armhf.deb ...
Unpacking libcrypt1:armhf (1:4.4.33-2) ...
Selecting previously unselected package libdb5.3:armhf.
Preparing to unpack .../libdb5.3_5.3.28+dfsg2-1_armhf.deb ...
Unpacking libdb5.3:armhf (5.3.28+dfsg2-1) ...
Selecting previously unselected package libdebconfclient0:armhf.
Preparing to unpack .../libdebconfclient0_0.270_armhf.deb ...
Unpacking libdebconfclient0:armhf (0.270) ...
Selecting previously unselected package libext2fs2:armhf.
Preparing to unpack .../libext2fs2_1.47.0-2+b2_armhf.deb ...
Unpacking libext2fs2:armhf (1.47.0-2+b2) ...
Selecting previously unselected package libffi8:armhf.
Preparing to unpack .../libffi8_3.4.4-1_armhf.deb ...
Unpacking libffi8:armhf (3.4.4-1) ...
Selecting previously unselected package libgcc-s1:armhf.
Preparing to unpack .../libgcc-s1_12.2.0-14+deb12u1_armhf.deb ...
Unpacking libgcc-s1:armhf (12.2.0-14+deb12u1) ...
Selecting previously unselected package libgcrypt20:armhf.
Preparing to unpack .../libgcrypt20_1.10.1-3_armhf.deb ...
Unpacking libgcrypt20:armhf (1.10.1-3) ...
Selecting previously unselected package libgmp10:armhf.
Preparing to unpack .../libgmp10_2%3a6.2.1+dfsg1-1.1_armhf.deb ...
Unpacking libgmp10:armhf (2:6.2.1+dfsg1-1.1) ...
Selecting previously unselected package libgnutls30:armhf.
Preparing to unpack .../libgnutls30_3.7.9-2+deb12u6_armhf.deb ...
Unpacking libgnutls30:armhf (3.7.9-2+deb12u6) ...
Selecting previously unselected package libgpg-error0:armhf.
Preparing to unpack .../libgpg-error0_1.46-1_armhf.deb ...
Unpacking libgpg-error0:armhf (1.46-1) ...
Selecting previously unselected package libhogweed6:armhf.
Preparing to unpack .../libhogweed6_3.8.1-2_armhf.deb ...
Unpacking libhogweed6:armhf (3.8.1-2) ...
Selecting previously unselected package libidn2-0:armhf.
Preparing to unpack .../libidn2-0_2.3.3-1+b1_armhf.deb ...
Unpacking libidn2-0:armhf (2.3.3-1+b1) ...
Selecting previously unselected package liblz4-1:armhf.
Preparing to unpack .../liblz4-1_1.9.4-1_armhf.deb ...
Unpacking liblz4-1:armhf (1.9.4-1) ...
Selecting previously unselected package liblzma5:armhf.
Preparing to unpack .../liblzma5_5.4.1-1_armhf.deb ...
Unpacking liblzma5:armhf (5.4.1-1) ...
Selecting previously unselected package libmd0:armhf.
Preparing to unpack .../libmd0_1.0.4-2_armhf.deb ...
Unpacking libmd0:armhf (1.0.4-2) ...
Selecting previously unselected package libmount1:armhf.
Preparing to unpack .../libmount1_2.38.1-5+deb12u3_armhf.deb ...
Unpacking libmount1:armhf (2.38.1-5+deb12u3) ...
Selecting previously unselected package libnettle8:armhf.
Preparing to unpack .../libnettle8_3.8.1-2_armhf.deb ...
Unpacking libnettle8:armhf (3.8.1-2) ...
Selecting previously unselected package libp11-kit0:armhf.
Preparing to unpack .../libp11-kit0_0.24.1-2_armhf.deb ...
Unpacking libp11-kit0:armhf (0.24.1-2) ...
Selecting previously unselected package libpam-modules:armhf.
dpkg: regarding .../libpam-modules_1.5.2-6+deb12u2_armhf.deb containing libpam-modules:armhf, pre-dependency problem:
 libpam-modules pre-depends on libaudit1 (>= 1:2.2.1)
  libaudit1:armhf is unpacked, but has never been configured.

dpkg: warning: ignoring pre-dependency problem!
dpkg: regarding .../libpam-modules_1.5.2-6+deb12u2_armhf.deb containing libpam-modules:armhf, pre-dependency problem:
 libpam-modules pre-depends on libcrypt1 (>= 1:4.3.0)
  libcrypt1:armhf is unpacked, but has never been configured.

dpkg: warning: ignoring pre-dependency problem!
dpkg: regarding .../libpam-modules_1.5.2-6+deb12u2_armhf.deb containing libpam-modules:armhf, pre-dependency problem:
 libpam-modules pre-depends on libdb5.3
  libdb5.3:armhf is unpacked, but has never been configured.

dpkg: warning: ignoring pre-dependency problem!
dpkg: regarding .../libpam-modules_1.5.2-6+deb12u2_armhf.deb containing libpam-modules:armhf, pre-dependency problem:
 libpam-modules pre-depends on libpam0g (>= 1.4.1)
  libpam0g is not installed.

dpkg: warning: ignoring pre-dependency problem!
dpkg: regarding .../libpam-modules_1.5.2-6+deb12u2_armhf.deb containing libpam-modules:armhf, pre-dependency problem:
 libpam-modules pre-depends on libselinux1 (>= 3.1~)
  libselinux1 is not installed.

dpkg: warning: ignoring pre-dependency problem!
dpkg: regarding .../libpam-modules_1.5.2-6+deb12u2_armhf.deb containing libpam-modules:armhf, pre-dependency problem:
 libpam-modules pre-depends on debconf (>= 0.5) | debconf-2.0
  debconf is unpacked, but has never been configured.
  debconf provides debconf-2.0 but is unpacked but not configured.

dpkg: warning: ignoring pre-dependency problem!
dpkg: regarding .../libpam-modules_1.5.2-6+deb12u2_armhf.deb containing libpam-modules:armhf, pre-dependency problem:
 libpam-modules pre-depends on libpam-modules-bin (= 1.5.2-6+deb12u2)
  libpam-modules-bin is not installed.

dpkg: warning: ignoring pre-dependency problem!
Preparing to unpack .../libpam-modules_1.5.2-6+deb12u2_armhf.deb ...
Unpacking libpam-modules:armhf (1.5.2-6+deb12u2) ...
Selecting previously unselected package libpam-modules-bin.
Preparing to unpack .../libpam-modules-bin_1.5.2-6+deb12u2_armhf.deb ...
Unpacking libpam-modules-bin (1.5.2-6+deb12u2) ...
Selecting previously unselected package libpam-runtime.
Preparing to unpack .../libpam-runtime_1.5.2-6+deb12u2_all.deb ...
Unpacking libpam-runtime (1.5.2-6+deb12u2) ...
Selecting previously unselected package libpam0g:armhf.
Preparing to unpack .../libpam0g_1.5.2-6+deb12u2_armhf.deb ...
Unpacking libpam0g:armhf (1.5.2-6+deb12u2) ...
Selecting previously unselected package libpcre2-8-0:armhf.
Preparing to unpack .../libpcre2-8-0_10.42-1_armhf.deb ...
Unpacking libpcre2-8-0:armhf (10.42-1) ...
Selecting previously unselected package libseccomp2:armhf.
Preparing to unpack .../libseccomp2_2.5.4-1+deb12u1_armhf.deb ...
Unpacking libseccomp2:armhf (2.5.4-1+deb12u1) ...
Selecting previously unselected package libselinux1:armhf.
Preparing to unpack .../libselinux1_3.4-1+b6_armhf.deb ...
Unpacking libselinux1:armhf (3.4-1+b6) ...
Selecting previously unselected package libsemanage-common.
Preparing to unpack .../libsemanage-common_3.4-1_all.deb ...
Unpacking libsemanage-common (3.4-1) ...
Selecting previously unselected package libsemanage2:armhf.
Preparing to unpack .../libsemanage2_3.4-1+b5_armhf.deb ...
Unpacking libsemanage2:armhf (3.4-1+b5) ...
Selecting previously unselected package libsepol2:armhf.
Preparing to unpack .../libsepol2_3.4-2.1_armhf.deb ...
Unpacking libsepol2:armhf (3.4-2.1) ...
Selecting previously unselected package libsmartcols1:armhf.
Preparing to unpack .../libsmartcols1_2.38.1-5+deb12u3_armhf.deb ...
Unpacking libsmartcols1:armhf (2.38.1-5+deb12u3) ...
Selecting previously unselected package libss2:armhf.
Preparing to unpack .../libss2_1.47.0-2+b2_armhf.deb ...
Unpacking libss2:armhf (1.47.0-2+b2) ...
Selecting previously unselected package libstdc++6:armhf.
Preparing to unpack .../libstdc++6_12.2.0-14+deb12u1_armhf.deb ...
Unpacking libstdc++6:armhf (12.2.0-14+deb12u1) ...
Selecting previously unselected package libsystemd0:armhf.
Preparing to unpack .../libsystemd0_252.39-1~deb12u2_armhf.deb ...
Unpacking libsystemd0:armhf (252.39-1~deb12u2) ...
Selecting previously unselected package libtasn1-6:armhf.
Preparing to unpack .../libtasn1-6_4.19.0-2+deb12u1_armhf.deb ...
Unpacking libtasn1-6:armhf (4.19.0-2+deb12u1) ...
Selecting previously unselected package libtinfo6:armhf.
Preparing to unpack .../libtinfo6_6.4-4_armhf.deb ...
Unpacking libtinfo6:armhf (6.4-4) ...
Selecting previously unselected package libudev1:armhf.
Preparing to unpack .../libudev1_252.39-1~deb12u2_armhf.deb ...
Unpacking libudev1:armhf (252.39-1~deb12u2) ...
Selecting previously unselected package libunistring2:armhf.
Preparing to unpack .../libunistring2_1.0-2_armhf.deb ...
Unpacking libunistring2:armhf (1.0-2) ...
Selecting previously unselected package libuuid1:armhf.
Preparing to unpack .../libuuid1_2.38.1-5+deb12u3_armhf.deb ...
Unpacking libuuid1:armhf (2.38.1-5+deb12u3) ...
Selecting previously unselected package libxxhash0:armhf.
Preparing to unpack .../libxxhash0_0.8.1-1_armhf.deb ...
Unpacking libxxhash0:armhf (0.8.1-1) ...
Selecting previously unselected package libzstd1:armhf.
Preparing to unpack .../libzstd1_1.5.4+dfsg2-5_armhf.deb ...
Unpacking libzstd1:armhf (1.5.4+dfsg2-5) ...
Selecting previously unselected package login.
dpkg: regarding .../login_1%3a4.13+dfsg1-1+deb12u2_armhf.deb containing login, pre-dependency problem:
 login pre-depends on libaudit1 (>= 1:2.2.1)
  libaudit1:armhf is unpacked, but has never been configured.

dpkg: warning: ignoring pre-dependency problem!
dpkg: regarding .../login_1%3a4.13+dfsg1-1+deb12u2_armhf.deb containing login, pre-dependency problem:
 login pre-depends on libcrypt1 (>= 1:4.1.0)
  libcrypt1:armhf is unpacked, but has never been configured.

dpkg: warning: ignoring pre-dependency problem!
dpkg: regarding .../login_1%3a4.13+dfsg1-1+deb12u2_armhf.deb containing login, pre-dependency problem:
 login pre-depends on libpam0g (>= 0.99.7.1)
  libpam0g:armhf is unpacked, but has never been configured.

dpkg: warning: ignoring pre-dependency problem!
dpkg: regarding .../login_1%3a4.13+dfsg1-1+deb12u2_armhf.deb containing login, pre-dependency problem:
 login pre-depends on libpam-runtime
  libpam-runtime is unpacked, but has never been configured.

dpkg: warning: ignoring pre-dependency problem!
dpkg: regarding .../login_1%3a4.13+dfsg1-1+deb12u2_armhf.deb containing login, pre-dependency problem:
 login pre-depends on libpam-modules
  libpam-modules:armhf is unpacked, but has never been configured.

dpkg: warning: ignoring pre-dependency problem!
Preparing to unpack .../login_1%3a4.13+dfsg1-1+deb12u2_armhf.deb ...
Unpacking login (1:4.13+dfsg1-1+deb12u2) ...
Selecting previously unselected package logsave.
Preparing to unpack .../logsave_1.47.0-2+b2_armhf.deb ...
Unpacking logsave (1.47.0-2+b2) ...
Preparing to unpack .../mawk_1.3.4.20200120-3.1_armhf.deb ...
Unpacking mawk (1.3.4.20200120-3.1) over (1.3.4.20200120-3.1) ...
Selecting previously unselected package mount.
dpkg: regarding .../mount_2.38.1-5+deb12u3_armhf.deb containing mount, pre-dependency problem:
 mount pre-depends on libblkid1 (>= 2.17.2)
  libblkid1:armhf is unpacked, but has never been configured.

dpkg: warning: ignoring pre-dependency problem!
dpkg: regarding .../mount_2.38.1-5+deb12u3_armhf.deb containing mount, pre-dependency problem:
 mount pre-depends on libmount1 (>= 2.38)
  libmount1:armhf is unpacked, but has never been configured.

dpkg: warning: ignoring pre-dependency problem!
dpkg: regarding .../mount_2.38.1-5+deb12u3_armhf.deb containing mount, pre-dependency problem:
 mount pre-depends on libselinux1 (>= 3.1~)
  libselinux1:armhf is unpacked, but has never been configured.

dpkg: warning: ignoring pre-dependency problem!
dpkg: regarding .../mount_2.38.1-5+deb12u3_armhf.deb containing mount, pre-dependency problem:
 mount pre-depends on libsmartcols1 (>= 2.33)
  libsmartcols1:armhf is unpacked, but has never been configured.

dpkg: warning: ignoring pre-dependency problem!
Preparing to unpack .../mount_2.38.1-5+deb12u3_armhf.deb ...
Unpacking mount (2.38.1-5+deb12u3) ...
Selecting previously unselected package ncurses-base.
Preparing to unpack .../ncurses-base_6.4-4_all.deb ...
Unpacking ncurses-base (6.4-4) ...
Selecting previously unselected package ncurses-bin.
dpkg: regarding .../ncurses-bin_6.4-4_armhf.deb containing ncurses-bin, pre-dependency problem:
 ncurses-bin pre-depends on libtinfo6 (>= 6.3)
  libtinfo6:armhf is unpacked, but has never been configured.

dpkg: warning: ignoring pre-dependency problem!
Preparing to unpack .../ncurses-bin_6.4-4_armhf.deb ...
Unpacking ncurses-bin (6.4-4) ...
Selecting previously unselected package passwd.
Preparing to unpack .../passwd_1%3a4.13+dfsg1-1+deb12u2_armhf.deb ...
Unpacking passwd (1:4.13+dfsg1-1+deb12u2) ...
dpkg: regarding .../perl-base_5.36.0-7+deb12u3_armhf.deb containing perl-base, pre-dependency problem:
 perl-base pre-depends on libcrypt1 (>= 1:4.1.0)
  libcrypt1:armhf is unpacked, but has never been configured.

dpkg: warning: ignoring pre-dependency problem!
Preparing to unpack .../perl-base_5.36.0-7+deb12u3_armhf.deb ...
Unpacking perl-base (5.36.0-7+deb12u3) over (5.36.0-7+deb12u3) ...
Selecting previously unselected package sed.
dpkg: regarding .../sed_4.9-1+deb12u1_armhf.deb containing sed, pre-dependency problem:
 sed pre-depends on libacl1 (>= 2.2.23)
  libacl1:armhf is unpacked, but has never been configured.

dpkg: warning: ignoring pre-dependency problem!
dpkg: regarding .../sed_4.9-1+deb12u1_armhf.deb containing sed, pre-dependency problem:
 sed pre-depends on libselinux1 (>= 3.1~)
  libselinux1:armhf is unpacked, but has never been configured.

dpkg: warning: ignoring pre-dependency problem!
Preparing to unpack .../sed_4.9-1+deb12u1_armhf.deb ...
Unpacking sed (4.9-1+deb12u1) ...
Selecting previously unselected package sysvinit-utils.
Preparing to unpack .../sysvinit-utils_3.06-4_armhf.deb ...
Unpacking sysvinit-utils (3.06-4) ...
Selecting previously unselected package tar.
dpkg: regarding .../tar_1.34+dfsg-1.2+deb12u1_armhf.deb containing tar, pre-dependency problem:
 tar pre-depends on libacl1 (>= 2.2.23)
  libacl1:armhf is unpacked, but has never been configured.

dpkg: warning: ignoring pre-dependency problem!
dpkg: regarding .../tar_1.34+dfsg-1.2+deb12u1_armhf.deb containing tar, pre-dependency problem:
 tar pre-depends on libselinux1 (>= 3.1~)
  libselinux1:armhf is unpacked, but has never been configured.

dpkg: warning: ignoring pre-dependency problem!
Preparing to unpack .../tar_1.34+dfsg-1.2+deb12u1_armhf.deb ...
Unpacking tar (1.34+dfsg-1.2+deb12u1) ...
Selecting previously unselected package tzdata.
Preparing to unpack .../tzdata_2026b-0+deb12u1_all.deb ...
Unpacking tzdata (2026b-0+deb12u1) ...
Selecting previously unselected package usr-is-merged.
Preparing to unpack .../usr-is-merged_37~deb12u1_all.deb ...
Unpacking usr-is-merged (37~deb12u1) ...
Selecting previously unselected package util-linux.
dpkg: regarding .../util-linux_2.38.1-5+deb12u3_armhf.deb containing util-linux, pre-dependency problem:
 util-linux pre-depends on libblkid1 (>= 2.37.2)
  libblkid1:armhf is unpacked, but has never been configured.

dpkg: warning: ignoring pre-dependency problem!
dpkg: regarding .../util-linux_2.38.1-5+deb12u3_armhf.deb containing util-linux, pre-dependency problem:
 util-linux pre-depends on libcap-ng0 (>= 0.7.9)
  libcap-ng0:armhf is unpacked, but has never been configured.

dpkg: warning: ignoring pre-dependency problem!
dpkg: regarding .../util-linux_2.38.1-5+deb12u3_armhf.deb containing util-linux, pre-dependency problem:
 util-linux pre-depends on libcrypt1 (>= 1:4.1.0)
  libcrypt1:armhf is unpacked, but has never been configured.

dpkg: warning: ignoring pre-dependency problem!
dpkg: regarding .../util-linux_2.38.1-5+deb12u3_armhf.deb containing util-linux, pre-dependency problem:
 util-linux pre-depends on libmount1 (>= 2.38)
  libmount1:armhf is unpacked, but has never been configured.

dpkg: warning: ignoring pre-dependency problem!
dpkg: regarding .../util-linux_2.38.1-5+deb12u3_armhf.deb containing util-linux, pre-dependency problem:
 util-linux pre-depends on libpam0g (>= 0.99.7.1)
  libpam0g:armhf is unpacked, but has never been configured.

dpkg: warning: ignoring pre-dependency problem!
dpkg: regarding .../util-linux_2.38.1-5+deb12u3_armhf.deb containing util-linux, pre-dependency problem:
 util-linux pre-depends on libselinux1 (>= 3.1~)
  libselinux1:armhf is unpacked, but has never been configured.

dpkg: warning: ignoring pre-dependency problem!
dpkg: regarding .../util-linux_2.38.1-5+deb12u3_armhf.deb containing util-linux, pre-dependency problem:
 util-linux pre-depends on libsmartcols1 (>= 2.38)
  libsmartcols1:armhf is unpacked, but has never been configured.

dpkg: warning: ignoring pre-dependency problem!
dpkg: regarding .../util-linux_2.38.1-5+deb12u3_armhf.deb containing util-linux, pre-dependency problem:
 util-linux pre-depends on libsystemd0
  libsystemd0:armhf is unpacked, but has never been configured.

dpkg: warning: ignoring pre-dependency problem!
dpkg: regarding .../util-linux_2.38.1-5+deb12u3_armhf.deb containing util-linux, pre-dependency problem:
 util-linux pre-depends on libtinfo6 (>= 6)
  libtinfo6:armhf is unpacked, but has never been configured.

dpkg: warning: ignoring pre-dependency problem!
dpkg: regarding .../util-linux_2.38.1-5+deb12u3_armhf.deb containing util-linux, pre-dependency problem:
 util-linux pre-depends on libudev1 (>= 183)
  libudev1:armhf is unpacked, but has never been configured.

dpkg: warning: ignoring pre-dependency problem!
dpkg: regarding .../util-linux_2.38.1-5+deb12u3_armhf.deb containing util-linux, pre-dependency problem:
 util-linux pre-depends on libuuid1 (>= 2.16)
  libuuid1:armhf is unpacked, but has never been configured.

dpkg: warning: ignoring pre-dependency problem!
dpkg: regarding .../util-linux_2.38.1-5+deb12u3_armhf.deb containing util-linux, pre-dependency problem:
 util-linux pre-depends on zlib1g (>= 1:1.1.4)
  zlib1g is not installed.

dpkg: warning: ignoring pre-dependency problem!
Preparing to unpack .../util-linux_2.38.1-5+deb12u3_armhf.deb ...
Unpacking util-linux (2.38.1-5+deb12u3) ...
Selecting previously unselected package util-linux-extra.
Preparing to unpack .../util-linux-extra_2.38.1-5+deb12u3_armhf.deb ...
Unpacking util-linux-extra (2.38.1-5+deb12u3) ...
Selecting previously unselected package zlib1g:armhf.
Preparing to unpack .../zlib1g_1%3a1.2.13.dfsg-1_armhf.deb ...
Unpacking zlib1g:armhf (1:1.2.13.dfsg-1) ...
Setting up debian-archive-keyring (2023.3+deb12u2) ...
Setting up usr-is-merged (37~deb12u1) ...
Setting up libaudit-common (1:3.0.9-1) ...
Setting up libsemanage-common (3.4-1) ...
Setting up debconf (1.5.82) ...
Setting up gcc-12-base:armhf (12.2.0-14+deb12u1) ...
Setting up tzdata (2026b-0+deb12u1) ...

Current default time zone: 'Etc/UTC'
Local time is now:      Thu May 21 15:20:35 UTC 2026.
Universal Time is now:  Thu May 21 15:20:35 UTC 2026.
Run 'dpkg-reconfigure tzdata' if you wish to change it.

Setting up ncurses-base (6.4-4) ...
Setting up init-system-helpers (1.65.2+deb12u1) ...
Setting up libgcc-s1:armhf (12.2.0-14+deb12u1) ...
Setting up libc6:armhf (2.36-9+deb12u14) ...
Setting up libudev1:armhf (252.39-1~deb12u2) ...
Setting up libffi8:armhf (3.4.4-1) ...
Setting up libmd0:armhf (1.0.4-2) ...
Setting up libxxhash0:armhf (0.8.1-1) ...
Setting up libattr1:armhf (1:2.5.1-4) ...
Setting up sysvinit-utils (3.06-4) ...
Setting up libtasn1-6:armhf (4.19.0-2+deb12u1) ...
Setting up debianutils (5.7-0.5~deb12u1) ...
update-alternatives: using /usr/bin/which.debianutils to provide /usr/bin/which (which) in auto mode
Setting up mawk (1.3.4.20200120-3.1) ...
Setting up libdebconfclient0:armhf (0.270) ...
Setting up base-files (12.4+deb12u14) ...
Setting up libbz2-1.0:armhf (1.0.8-5+b1) ...
Setting up libdb5.3:armhf (5.3.28+dfsg2-1) ...
Setting up libblkid1:armhf (2.38.1-5+deb12u3) ...
Setting up libstdc++6:armhf (12.2.0-14+deb12u1) ...
Setting up libtinfo6:armhf (6.4-4) ...
Setting up bash (5.2.15-2+b13) ...
update-alternatives: using /usr/share/man/man7/bash-builtins.7.gz to provide /usr/share/man/man7/builtins.7.gz (builtins.7.gz) in auto mode
Setting up libzstd1:armhf (1.5.4+dfsg2-5) ...
Setting up liblzma5:armhf (5.4.1-1) ...
Setting up libgpg-error0:armhf (1.46-1) ...
Setting up liblz4-1:armhf (1.9.4-1) ...
Setting up libc-bin (2.36-9+deb12u14) ...
Setting up ncurses-bin (6.4-4) ...
Setting up libacl1:armhf (2.3.1-3) ...
Setting up libunistring2:armhf (1.0-2) ...
Setting up libsmartcols1:armhf (2.38.1-5+deb12u3) ...
Setting up libgcrypt20:armhf (1.10.1-3) ...
Setting up zlib1g:armhf (1:1.2.13.dfsg-1) ...
Setting up libcrypt1:armhf (1:4.4.33-2) ...
Setting up libidn2-0:armhf (2.3.3-1+b1) ...
Setting up libcom-err2:armhf (1.47.0-2+b2) ...
Setting up diffutils (1:3.8-4) ...
Setting up libseccomp2:armhf (2.5.4-1+deb12u1) ...
Setting up libcap2:armhf (1:2.66-4+deb12u3+b1) ...
Setting up hostname (3.23+nmu1) ...
Setting up libcap-ng0:armhf (0.8.3-1+b3) ...
Setting up libext2fs2:armhf (1.47.0-2+b2) ...
Setting up libnettle8:armhf (3.8.1-2) ...
Setting up libgmp10:armhf (2:6.2.1+dfsg1-1.1) ...
Setting up libp11-kit0:armhf (0.24.1-2) ...
Setting up libaudit1:armhf (1:3.0.9-1) ...
Setting up libuuid1:armhf (2.38.1-5+deb12u3) ...
Setting up libss2:armhf (1.47.0-2+b2) ...
Setting up libsepol2:armhf (3.4-2.1) ...
Setting up libpcre2-8-0:armhf (10.42-1) ...
Setting up logsave (1.47.0-2+b2) ...
Setting up gpgv (2.2.40-1.1+deb12u2) ...
Setting up util-linux-extra (2.38.1-5+deb12u3) ...
Setting up libhogweed6:armhf (3.8.1-2) ...
Setting up e2fsprogs (1.47.0-2+b2) ...
Setting up libsystemd0:armhf (252.39-1~deb12u2) ...
Setting up libselinux1:armhf (3.4-1+b6) ...
Setting up libgnutls30:armhf (3.7.9-2+deb12u6) ...
Setting up libpam0g:armhf (1.5.2-6+deb12u2) ...
Setting up libapt-pkg6.0:armhf (2.6.1) ...
Setting up sed (4.9-1+deb12u1) ...
Setting up findutils (4.9.0-4) ...
Setting up libmount1:armhf (2.38.1-5+deb12u3) ...
Setting up libsemanage2:armhf (3.4-1+b5) ...
Setting up base-passwd (3.6.1) ...
Setting up bsdutils (1:2.38.1-5+deb12u3) ...
Setting up tar (1.34+dfsg-1.2+deb12u1) ...
update-alternatives: using /usr/sbin/rmt-tar to provide /usr/sbin/rmt (rmt) in auto mode
Setting up libpam-modules-bin (1.5.2-6+deb12u2) ...
Setting up coreutils (9.1-1) ...
Setting up util-linux (2.38.1-5+deb12u3) ...
update-alternatives: using /bin/more to provide /usr/bin/pager (pager) in auto mode
Setting up dpkg (1.21.23) ...
Setting up mount (2.38.1-5+deb12u3) ...
Setting up dash (0.5.12-2) ...
No diversion 'diversion of /bin/sh by bash', none removed.
Adding 'diversion of /bin/sh to /bin/sh.distrib by dash'
No diversion 'diversion of /usr/share/man/man1/sh.1.gz by bash', none removed.
Adding 'diversion of /usr/share/man/man1/sh.1.gz to /usr/share/man/man1/sh.distrib.1.gz by dash'
Setting up libpam-modules:armhf (1.5.2-6+deb12u2) ...
Setting up grep (3.8-5) ...
Setting up perl-base (5.36.0-7+deb12u3) ...
Setting up gzip (1.12-1) ...
Setting up passwd (1:4.13+dfsg1-1+deb12u2) ...
Shadow passwords are now on.
Setting up libpam-runtime (1.5.2-6+deb12u2) ...
Setting up login (1:4.13+dfsg1-1+deb12u2) ...
Setting up adduser (3.134) ...
Setting up apt (2.6.1) ...
Processing triggers for libc-bin (2.36-9+deb12u14) ...
/debootstrap/debootstrap: 1793: [: -eq: unexpected operator
/debootstrap/debootstrap: 1751: [: -eq: unexpected operator
(Reading database ... 6090 files and directories currently installed.)
Preparing to unpack .../libssl3_3.0.20-1~deb12u1_armhf.deb ...
Unpacking libssl3:armhf (3.0.20-1~deb12u1) ...
Setting up libssl3:armhf (3.0.20-1~deb12u1) ...
Processing triggers for libc-bin (2.36-9+deb12u14) ...
/debootstrap/debootstrap: 1751: [: -eq: unexpected operator
(Reading database ... 6102 files and directories currently installed.)
Preparing to unpack .../dmsetup_2%3a1.02.185-2_armhf.deb ...
Unpacking dmsetup (2:1.02.185-2) ...
Preparing to unpack .../libapparmor1_3.0.8-3_armhf.deb ...
Unpacking libapparmor1:armhf (3.0.8-3) ...
Preparing to unpack .../libargon2-1_0~20171227-0.3+deb12u1_armhf.deb ...
Unpacking libargon2-1:armhf (0~20171227-0.3+deb12u1) ...
Preparing to unpack .../libcryptsetup12_2%3a2.6.1-4~deb12u2_armhf.deb ...
Unpacking libcryptsetup12:armhf (2:2.6.1-4~deb12u2) ...
Preparing to unpack .../libdevmapper1.02.1_2%3a1.02.185-2_armhf.deb ...
Unpacking libdevmapper1.02.1:armhf (2:1.02.185-2) ...
Preparing to unpack .../libfdisk1_2.38.1-5+deb12u3_armhf.deb ...
Unpacking libfdisk1:armhf (2.38.1-5+deb12u3) ...
Preparing to unpack .../libip4tc2_1.8.9-2_armhf.deb ...
Unpacking libip4tc2:armhf (1.8.9-2) ...
Preparing to unpack .../libjson-c5_0.16-2_armhf.deb ...
Unpacking libjson-c5:armhf (0.16-2) ...
Preparing to unpack .../libkmod2_30+20221128-1_armhf.deb ...
Unpacking libkmod2:armhf (30+20221128-1) ...
Preparing to unpack .../libsystemd-shared_252.39-1~deb12u2_armhf.deb ...
Unpacking libsystemd-shared:armhf (252.39-1~deb12u2) ...
Preparing to unpack .../systemd_252.39-1~deb12u2_armhf.deb ...
Unpacking systemd (252.39-1~deb12u2) ...
Setting up libapparmor1:armhf (3.0.8-3) ...
Setting up libargon2-1:armhf (0~20171227-0.3+deb12u1) ...
Setting up libfdisk1:armhf (2.38.1-5+deb12u3) ...
Setting up libip4tc2:armhf (1.8.9-2) ...
Setting up libjson-c5:armhf (0.16-2) ...
Setting up libkmod2:armhf (30+20221128-1) ...
Setting up libsystemd-shared:armhf (252.39-1~deb12u2) ...
Setting up libdevmapper1.02.1:armhf (2:1.02.185-2) ...
Setting up dmsetup (2:1.02.185-2) ...
Setting up libcryptsetup12:armhf (2:2.6.1-4~deb12u2) ...
Setting up systemd (252.39-1~deb12u2) ...
Created symlink /etc/systemd/system/getty.target.wants/getty@tty1.service -> /lib/systemd/system/getty@.service.
Created symlink /etc/systemd/system/multi-user.target.wants/remote-fs.target -> /lib/systemd/system/remote-fs.target.
Created symlink /etc/systemd/system/sysinit.target.wants/systemd-pstore.service -> /lib/systemd/system/systemd-pstore.service.
Initializing machine ID from random generator.
Creating group 'systemd-journal' with GID 999.
Creating group 'systemd-network' with GID 998.
Creating user 'systemd-network' (systemd Network Management) with UID 998 and GID 998.
Detected unsafe path transition /run (owned by 1000) -> /run/lock (owned by root) during canonicalization of /run/lock.
Detected unsafe path transition /run (owned by 1000) -> /run/systemd (owned by root) during canonicalization of /run/systemd.
Detected unsafe path transition /run (owned by 1000) -> /run/systemd (owned by root) during canonicalization of /run/systemd/netif.
Detected unsafe path transition /run (owned by 1000) -> /run/systemd (owned by root) during canonicalization of /run/systemd/netif.
Detected unsafe path transition /run (owned by 1000) -> /run/systemd (owned by root) during canonicalization of /run/systemd/netif.
Detected unsafe path transition /var/lib (owned by 1000) -> /var/lib/systemd (owned by root) during canonicalization of /var/lib/systemd.
Detected unsafe path transition /run (owned by 1000) -> /run/systemd (owned by root) during canonicalization of /run/systemd.
Detected unsafe path transition /run (owned by 1000) -> /run/systemd (owned by root) during canonicalization of /run/systemd.
Detected unsafe path transition /run (owned by 1000) -> /run/systemd (owned by root) during canonicalization of /run/systemd.
Detected unsafe path transition /run (owned by 1000) -> /run/systemd (owned by root) during canonicalization of /run/systemd.
Detected unsafe path transition /run (owned by 1000) -> /run/systemd (owned by root) during canonicalization of /run/systemd.
Detected unsafe path transition /run (owned by 1000) -> /run/systemd (owned by root) during canonicalization of /run/systemd.
Detected unsafe path transition /var/lib (owned by 1000) -> /var/lib/systemd (owned by root) during canonicalization of /var/lib/systemd.
Detected unsafe path transition /var/log (owned by 1000) -> /var/log/journal (owned by root) during canonicalization of /var/log/journal.
Detected unsafe path transition /var/log (owned by 1000) -> /var/log/journal (owned by root) during canonicalization of /var/log/journal.
Detected unsafe path transition /var/log (owned by 1000) -> /var/log/journal (owned by root) during canonicalization of /var/log/journal.
Processing triggers for libc-bin (2.36-9+deb12u14) ...
/debootstrap/debootstrap: 1751: [: -eq: unexpected operator
(Reading database ... 7023 files and directories currently installed.)
Preparing to unpack .../libexpat1_2.5.0-1+deb12u2_armhf.deb ...
Unpacking libexpat1:armhf (2.5.0-1+deb12u2) ...
Preparing to unpack .../libpython3.11-minimal_3.11.2-6+deb12u7_armhf.deb ...
Unpacking libpython3.11-minimal:armhf (3.11.2-6+deb12u7) ...
Preparing to unpack .../python3.11-minimal_3.11.2-6+deb12u7_armhf.deb ...
Unpacking python3.11-minimal (3.11.2-6+deb12u7) ...
Setting up libexpat1:armhf (2.5.0-1+deb12u2) ...
Setting up libpython3.11-minimal:armhf (3.11.2-6+deb12u7) ...
Setting up python3.11-minimal (3.11.2-6+deb12u7) ...
Processing triggers for libc-bin (2.36-9+deb12u14) ...
Processing triggers for systemd (252.39-1~deb12u2) ...
/debootstrap/debootstrap: 1751: [: -eq: unexpected operator
(Reading database ... 7338 files and directories currently installed.)
Preparing to unpack .../python3-minimal_3.11.2-1+b1_armhf.deb ...
Unpacking python3-minimal (3.11.2-1+b1) ...
Setting up python3-minimal (3.11.2-1+b1) ...
(Reading database ... 7360 files and directories currently installed.)
Preparing to unpack .../alsa-utils_1.2.8-1_armhf.deb ...
Unpacking alsa-utils (1.2.8-1) ...
Preparing to unpack .../apache2_2.4.67-1~deb12u2_armhf.deb ...
Unpacking apache2 (2.4.67-1~deb12u2) ...
Preparing to unpack .../apache2-bin_2.4.67-1~deb12u2_armhf.deb ...
Unpacking apache2-bin (2.4.67-1~deb12u2) ...
Preparing to unpack .../apache2-data_2.4.67-1~deb12u2_all.deb ...
Unpacking apache2-data (2.4.67-1~deb12u2) ...
Preparing to unpack .../apache2-utils_2.4.67-1~deb12u2_armhf.deb ...
Unpacking apache2-utils (2.4.67-1~deb12u2) ...
Preparing to unpack .../archives/apt-file_3.3_all.deb ...
Unpacking apt-file (3.3) ...
Preparing to unpack .../apt-transport-https_2.6.1_all.deb ...
Unpacking apt-transport-https (2.6.1) ...
Preparing to unpack .../binutils_2.40-2_armhf.deb ...
Unpacking binutils (2.40-2) ...
Preparing to unpack .../binutils-arm-linux-gnueabihf_2.40-2_armhf.deb ...
Unpacking binutils-arm-linux-gnueabihf (2.40-2) ...
Preparing to unpack .../binutils-common_2.40-2_armhf.deb ...
Unpacking binutils-common:armhf (2.40-2) ...
Preparing to unpack .../bison_2%3a3.8.2+dfsg-1+b1_armhf.deb ...
Unpacking bison (2:3.8.2+dfsg-1+b1) ...
Preparing to unpack .../bsdextrautils_2.38.1-5+deb12u3_armhf.deb ...
Unpacking bsdextrautils (2.38.1-5+deb12u3) ...
Preparing to unpack .../build-essential_12.9_armhf.deb ...
Unpacking build-essential (12.9) ...
Preparing to unpack .../busybox_1%3a1.35.0-4+deb12u1+b1_armhf.deb ...
Unpacking busybox (1:1.35.0-4+deb12u1+b1) ...
Preparing to unpack .../bzip2_1.0.8-5+b1_armhf.deb ...
Unpacking bzip2 (1.0.8-5+b1) ...
Preparing to unpack .../ca-certificates_20230311+deb12u1_all.deb ...
Unpacking ca-certificates (20230311+deb12u1) ...
Preparing to unpack .../can-utils_2020.11.0-1_armhf.deb ...
Unpacking can-utils (2020.11.0-1) ...
Preparing to unpack .../chrony_4.3-2+deb12u2_armhf.deb ...
Unpacking chrony (4.3-2+deb12u2) ...
Preparing to unpack .../chuck_1.4.2.0-1_armhf.deb ...
Unpacking chuck (1.4.2.0-1) ...
Preparing to unpack .../chuck-data_1.4.2.0-1_all.deb ...
Unpacking chuck-data (1.4.2.0-1) ...
Preparing to unpack .../command-not-found_23.04.0-1_all.deb ...
Unpacking command-not-found (23.04.0-1) ...
Preparing to unpack .../cpio_2.13+dfsg-7.1_armhf.deb ...
Unpacking cpio (2.13+dfsg-7.1) ...
Preparing to unpack .../cpp_4%3a12.2.0-3_armhf.deb ...
Unpacking cpp (4:12.2.0-3) ...
Preparing to unpack .../cpp-12_12.2.0-14+deb12u1_armhf.deb ...
Unpacking cpp-12 (12.2.0-14+deb12u1) ...
Preparing to unpack .../curl_7.88.1-10+deb12u14_armhf.deb ...
Unpacking curl (7.88.1-10+deb12u14) ...
Preparing to unpack .../distro-info-data_0.58+deb12u7_all.deb ...
Unpacking distro-info-data (0.58+deb12u7) ...
Preparing to unpack .../dpkg-dev_1.21.23_all.deb ...
Unpacking dpkg-dev (1.21.23) ...
Preparing to unpack .../ethtool_1%3a6.1-1_armhf.deb ...
Unpacking ethtool (1:6.1-1) ...
Preparing to unpack .../faust_2.54.9+ds0-1_armhf.deb ...
Unpacking faust (2.54.9+ds0-1) ...
Preparing to unpack .../faust-common_2.54.9+ds0-1_all.deb ...
Unpacking faust-common (2.54.9+ds0-1) ...
Preparing to unpack .../fdisk_2.38.1-5+deb12u3_armhf.deb ...
Unpacking fdisk (2.38.1-5+deb12u3) ...
Preparing to unpack .../fim_0.5.3-10+b1_armhf.deb ...
Unpacking fim (0.5.3-10+b1) ...
Preparing to unpack .../flex_2.6.4-8.2_armhf.deb ...
Unpacking flex (2.6.4-8.2) ...
Preparing to unpack .../fontconfig_2.14.1-4_armhf.deb ...
Unpacking fontconfig (2.14.1-4) ...
Preparing to unpack .../fontconfig-config_2.14.1-4_armhf.deb ...
Unpacking fontconfig-config (2.14.1-4) ...
Preparing to unpack .../fonts-dejavu-core_2.37-6_all.deb ...
Unpacking fonts-dejavu-core (2.37-6) ...
Preparing to unpack .../g++_4%3a12.2.0-3_armhf.deb ...
Unpacking g++ (4:12.2.0-3) ...
Preparing to unpack .../g++-12_12.2.0-14+deb12u1_armhf.deb ...
Unpacking g++-12 (12.2.0-14+deb12u1) ...
Preparing to unpack .../gcc_4%3a12.2.0-3_armhf.deb ...
Unpacking gcc (4:12.2.0-3) ...
Preparing to unpack .../gcc-12_12.2.0-14+deb12u1_armhf.deb ...
Unpacking gcc-12 (12.2.0-14+deb12u1) ...
Preparing to unpack .../gpiod_1.6.3-1+b3_armhf.deb ...
Unpacking gpiod (1.6.3-1+b3) ...
Preparing to unpack .../haveged_1.9.14-1+b1_armhf.deb ...
Unpacking haveged (1.9.14-1+b1) ...
Preparing to unpack .../i2c-tools_4.3-2+b3_armhf.deb ...
Unpacking i2c-tools (4.3-2+b3) ...
Preparing to unpack .../ifupdown_0.8.41_armhf.deb ...
Unpacking ifupdown (0.8.41) ...
Preparing to unpack .../initramfs-tools_0.142+deb12u3_all.deb ...
Unpacking initramfs-tools (0.142+deb12u3) ...
Preparing to unpack .../initramfs-tools-core_0.142+deb12u3_all.deb ...
Unpacking initramfs-tools-core (0.142+deb12u3) ...
Preparing to unpack .../iproute2_6.1.0-3_armhf.deb ...
Unpacking iproute2 (6.1.0-3) ...
Preparing to unpack .../iputils-ping_3%3a20221126-1+deb12u1_armhf.deb ...
Unpacking iputils-ping (3:20221126-1+deb12u1) ...
Preparing to unpack .../isc-dhcp-client_4.4.3-P1-2_armhf.deb ...
Unpacking isc-dhcp-client (4.4.3-P1-2) ...
Preparing to unpack .../iso-codes_4.15.0-1_all.deb ...
Unpacking iso-codes (4.15.0-1) ...
Preparing to unpack .../archives/iw_5.19-1_armhf.deb ...
Unpacking iw (5.19-1) ...
Preparing to unpack .../jackd2_1.9.21~dfsg-3_armhf.deb ...
Unpacking jackd2 (1.9.21~dfsg-3) ...
Preparing to unpack .../klibc-utils_2.0.12-1_armhf.deb ...
Unpacking klibc-utils (2.0.12-1) ...
Preparing to unpack .../kmod_30+20221128-1_armhf.deb ...
Unpacking kmod (30+20221128-1) ...
Preparing to unpack .../libaa1_1.4p5-50_armhf.deb ...
Unpacking libaa1:armhf (1.4p5-50) ...
Preparing to unpack .../libaom3_3.6.0-1+deb12u2_armhf.deb ...
Unpacking libaom3:armhf (3.6.0-1+deb12u2) ...
Preparing to unpack .../libapr1_1.7.2-3+deb12u1_armhf.deb ...
Unpacking libapr1:armhf (1.7.2-3+deb12u1) ...
Preparing to unpack .../libaprutil1_1.6.3-1_armhf.deb ...
Unpacking libaprutil1:armhf (1.6.3-1) ...
Preparing to unpack .../libaprutil1-dbd-sqlite3_1.6.3-1_armhf.deb ...
Unpacking libaprutil1-dbd-sqlite3:armhf (1.6.3-1) ...
Preparing to unpack .../libaprutil1-ldap_1.6.3-1_armhf.deb ...
Unpacking libaprutil1-ldap:armhf (1.6.3-1) ...
Preparing to unpack .../libapt-pkg-perl_0.1.40+b2_armhf.deb ...
Unpacking libapt-pkg-perl (0.1.40+b2) ...
Preparing to unpack .../libasan8_12.2.0-14+deb12u1_armhf.deb ...
Unpacking libasan8:armhf (12.2.0-14+deb12u1) ...
Preparing to unpack .../libasound2_1.2.8-1+b1_armhf.deb ...
Unpacking libasound2:armhf (1.2.8-1+b1) ...
Preparing to unpack .../libasound2-data_1.2.8-1_all.deb ...
Unpacking libasound2-data (1.2.8-1) ...
Preparing to unpack .../libasound2-dev_1.2.8-1+b1_armhf.deb ...
Unpacking libasound2-dev:armhf (1.2.8-1+b1) ...
Preparing to unpack .../libasound2-plugins_1.2.7.1-1_armhf.deb ...
Unpacking libasound2-plugins:armhf (1.2.7.1-1) ...
Preparing to unpack .../libasyncns0_0.8-6+b3_armhf.deb ...
Unpacking libasyncns0:armhf (0.8-6+b3) ...
Preparing to unpack .../libatomic1_12.2.0-14+deb12u1_armhf.deb ...
Unpacking libatomic1:armhf (12.2.0-14+deb12u1) ...
Preparing to unpack .../libatopology2_1.2.8-1+b1_armhf.deb ...
Unpacking libatopology2:armhf (1.2.8-1+b1) ...
Preparing to unpack .../libavahi-client3_0.8-10+deb12u1_armhf.deb ...
Unpacking libavahi-client3:armhf (0.8-10+deb12u1) ...
Preparing to unpack .../libavahi-common-data_0.8-10+deb12u1_armhf.deb ...
Unpacking libavahi-common-data:armhf (0.8-10+deb12u1) ...
Preparing to unpack .../libavahi-common3_0.8-10+deb12u1_armhf.deb ...
Unpacking libavahi-common3:armhf (0.8-10+deb12u1) ...
Preparing to unpack .../libavcodec59_7%3a5.1.8-0+deb12u1_armhf.deb ...
Unpacking libavcodec59:armhf (7:5.1.8-0+deb12u1) ...
Preparing to unpack .../libavutil57_7%3a5.1.8-0+deb12u1_armhf.deb ...
Unpacking libavutil57:armhf (7:5.1.8-0+deb12u1) ...
Preparing to unpack .../libbinutils_2.40-2_armhf.deb ...
Unpacking libbinutils:armhf (2.40-2) ...
Preparing to unpack .../libblkid-dev_2.38.1-5+deb12u3_armhf.deb ...
Unpacking libblkid-dev:armhf (2.38.1-5+deb12u3) ...
Preparing to unpack .../libbpf1_1%3a1.1.2-0+deb12u1_armhf.deb ...
Unpacking libbpf1:armhf (1:1.1.2-0+deb12u1) ...
Preparing to unpack .../libbrotli1_1.0.9-2+b6_armhf.deb ...
Unpacking libbrotli1:armhf (1.0.9-2+b6) ...
Preparing to unpack .../libbsd0_0.11.7-2_armhf.deb ...
Unpacking libbsd0:armhf (0.11.7-2) ...
Preparing to unpack .../libc-dev-bin_2.36-9+deb12u14_armhf.deb ...
Unpacking libc-dev-bin (2.36-9+deb12u14) ...
Preparing to unpack .../libc-l10n_2.36-9+deb12u14_all.deb ...
Unpacking libc-l10n (2.36-9+deb12u14) ...
Preparing to unpack .../libc6-dev_2.36-9+deb12u14_armhf.deb ...
Unpacking libc6-dev:armhf (2.36-9+deb12u14) ...
Preparing to unpack .../libcaca0_0.99.beta20-3_armhf.deb ...
Unpacking libcaca0:armhf (0.99.beta20-3) ...
Preparing to unpack .../libcairo-gobject2_1.16.0-7_armhf.deb ...
Unpacking libcairo-gobject2:armhf (1.16.0-7) ...
Preparing to unpack .../libcairo2_1.16.0-7_armhf.deb ...
Unpacking libcairo2:armhf (1.16.0-7) ...
Preparing to unpack .../libcap2-bin_1%3a2.66-4+deb12u3+b1_armhf.deb ...
Unpacking libcap2-bin (1:2.66-4+deb12u3+b1) ...
Preparing to unpack .../libcbor0.8_0.8.0-2+b1_armhf.deb ...
Unpacking libcbor0.8:armhf (0.8.0-2+b1) ...
Preparing to unpack .../libcc1-0_12.2.0-14+deb12u1_armhf.deb ...
Unpacking libcc1-0:armhf (12.2.0-14+deb12u1) ...
Preparing to unpack .../libcodec2-1.0_1.0.5-1_armhf.deb ...
Unpacking libcodec2-1.0:armhf (1.0.5-1) ...
Preparing to unpack .../libcrypt-dev_1%3a4.4.33-2_armhf.deb ...
Unpacking libcrypt-dev:armhf (1:4.4.33-2) ...
Preparing to unpack .../libctf-nobfd0_2.40-2_armhf.deb ...
Unpacking libctf-nobfd0:armhf (2.40-2) ...
Preparing to unpack .../libctf0_2.40-2_armhf.deb ...
Unpacking libctf0:armhf (2.40-2) ...
Preparing to unpack .../libcurl4_7.88.1-10+deb12u14_armhf.deb ...
Unpacking libcurl4:armhf (7.88.1-10+deb12u14) ...
Preparing to unpack .../libdatrie1_0.2.13-2+b1_armhf.deb ...
Unpacking libdatrie1:armhf (0.2.13-2+b1) ...
Preparing to unpack .../libdav1d6_1.0.0-2+deb12u1_armhf.deb ...
Unpacking libdav1d6:armhf (1.0.0-2+deb12u1) ...
Preparing to unpack .../libdbus-1-3_1.14.10-1~deb12u1_armhf.deb ...
Unpacking libdbus-1-3:armhf (1.14.10-1~deb12u1) ...
Preparing to unpack .../libdeflate0_1.14-1_armhf.deb ...
Unpacking libdeflate0:armhf (1.14-1) ...
Preparing to unpack .../libdjvulibre-text_3.5.28-2.2~deb12u1_all.deb ...
Unpacking libdjvulibre-text (3.5.28-2.2~deb12u1) ...
Preparing to unpack .../libdjvulibre21_3.5.28-2.2~deb12u1_armhf.deb ...
Unpacking libdjvulibre21:armhf (3.5.28-2.2~deb12u1) ...
Preparing to unpack .../libdpkg-perl_1.21.23_all.deb ...
Unpacking libdpkg-perl (1.21.23) ...
Preparing to unpack .../libdrm-common_2.4.114-1_all.deb ...
Unpacking libdrm-common (2.4.114-1) ...
Preparing to unpack .../libdrm2_2.4.114-1+b1_armhf.deb ...
Unpacking libdrm2:armhf (2.4.114-1+b1) ...
Preparing to unpack .../libdw1_0.188-2.1_armhf.deb ...
Unpacking libdw1:armhf (0.188-2.1) ...
Preparing to unpack .../libedit2_3.1-20221030-2_armhf.deb ...
Unpacking libedit2:armhf (3.1-20221030-2) ...
Preparing to unpack .../libelf1_0.188-2.1_armhf.deb ...
Unpacking libelf1:armhf (0.188-2.1) ...
Preparing to unpack .../libevent-2.1-7_2.1.12-stable-8_armhf.deb ...
Unpacking libevent-2.1-7:armhf (2.1.12-stable-8) ...
Preparing to unpack .../libexif12_0.6.24-1+deb12u1_armhf.deb ...
Unpacking libexif12:armhf (0.6.24-1+deb12u1) ...
Preparing to unpack .../libfaust2_2.54.9+ds0-1_armhf.deb ...
Unpacking libfaust2:armhf (2.54.9+ds0-1) ...
Preparing to unpack .../libffi-dev_3.4.4-1_armhf.deb ...
Unpacking libffi-dev:armhf (3.4.4-1) ...
Preparing to unpack .../libfftw3-single3_3.3.10-1_armhf.deb ...
Unpacking libfftw3-single3:armhf (3.3.10-1) ...
Preparing to unpack .../libfido2-1_1.12.0-2+b1_armhf.deb ...
Unpacking libfido2-1:armhf (1.12.0-2+b1) ...
Preparing to unpack .../libflac-dev_1.4.2+ds-2_armhf.deb ...
Unpacking libflac-dev:armhf (1.4.2+ds-2) ...
Preparing to unpack .../libflac12_1.4.2+ds-2_armhf.deb ...
Unpacking libflac12:armhf (1.4.2+ds-2) ...
Preparing to unpack .../libfontconfig1_2.14.1-4_armhf.deb ...
Unpacking libfontconfig1:armhf (2.14.1-4) ...
Preparing to unpack .../libfreetype6_2.12.1+dfsg-5+deb12u4_armhf.deb ...
Unpacking libfreetype6:armhf (2.12.1+dfsg-5+deb12u4) ...
Preparing to unpack .../libfribidi0_1.0.8-2.1_armhf.deb ...
Unpacking libfribidi0:armhf (1.0.8-2.1) ...
Preparing to unpack .../libftdi1_0.20-4+b1_armhf.deb ...
Unpacking libftdi1:armhf (0.20-4+b1) ...
Preparing to unpack .../libftdi1-2_1.5-6+b2_armhf.deb ...
Unpacking libftdi1-2:armhf (1.5-6+b2) ...
Preparing to unpack .../libftdi1-dev_1.5-6+b2_armhf.deb ...
Unpacking libftdi1-dev (1.5-6+b2) ...
Preparing to unpack .../libgcc-12-dev_12.2.0-14+deb12u1_armhf.deb ...
Unpacking libgcc-12-dev:armhf (12.2.0-14+deb12u1) ...
Preparing to unpack .../libgdbm-compat4_1.23-3_armhf.deb ...
Unpacking libgdbm-compat4:armhf (1.23-3) ...
Preparing to unpack .../libgdbm6_1.23-3_armhf.deb ...
Unpacking libgdbm6:armhf (1.23-3) ...
Preparing to unpack .../libgdk-pixbuf-2.0-0_2.42.10+dfsg-1+deb12u4_armhf.deb ...
Unpacking libgdk-pixbuf-2.0-0:armhf (2.42.10+dfsg-1+deb12u4) ...
Preparing to unpack .../libgdk-pixbuf2.0-common_2.42.10+dfsg-1+deb12u4_all.deb ...
Unpacking libgdk-pixbuf2.0-common (2.42.10+dfsg-1+deb12u4) ...
Preparing to unpack .../libgif7_5.2.1-2.5_armhf.deb ...
Unpacking libgif7:armhf (5.2.1-2.5) ...
Preparing to unpack .../libglib2.0-0_2.74.6-2+deb12u9_armhf.deb ...
Unpacking libglib2.0-0:armhf (2.74.6-2+deb12u9) ...
Preparing to unpack .../libglib2.0-bin_2.74.6-2+deb12u9_armhf.deb ...
Unpacking libglib2.0-bin (2.74.6-2+deb12u9) ...
Preparing to unpack .../libglib2.0-data_2.74.6-2+deb12u9_all.deb ...
Unpacking libglib2.0-data (2.74.6-2+deb12u9) ...
Preparing to unpack .../libglib2.0-dev_2.74.6-2+deb12u9_armhf.deb ...
Unpacking libglib2.0-dev:armhf (2.74.6-2+deb12u9) ...
Preparing to unpack .../libglib2.0-dev-bin_2.74.6-2+deb12u9_armhf.deb ...
Unpacking libglib2.0-dev-bin (2.74.6-2+deb12u9) ...
Preparing to unpack .../libgmp-dev_2%3a6.2.1+dfsg1-1.1_armhf.deb ...
Unpacking libgmp-dev:armhf (2:6.2.1+dfsg1-1.1) ...
Preparing to unpack .../libgmpxx4ldbl_2%3a6.2.1+dfsg1-1.1_armhf.deb ...
Unpacking libgmpxx4ldbl:armhf (2:6.2.1+dfsg1-1.1) ...
Preparing to unpack .../libgnutls-dane0_3.7.9-2+deb12u6_armhf.deb ...
Unpacking libgnutls-dane0:armhf (3.7.9-2+deb12u6) ...
Preparing to unpack .../libgnutls-openssl27_3.7.9-2+deb12u6_armhf.deb ...
Unpacking libgnutls-openssl27:armhf (3.7.9-2+deb12u6) ...
Preparing to unpack .../libgnutls28-dev_3.7.9-2+deb12u6_armhf.deb ...
Unpacking libgnutls28-dev:armhf (3.7.9-2+deb12u6) ...
Preparing to unpack .../libgnutlsxx30_3.7.9-2+deb12u6_armhf.deb ...
Unpacking libgnutlsxx30:armhf (3.7.9-2+deb12u6) ...
Preparing to unpack .../libgomp1_12.2.0-14+deb12u1_armhf.deb ...
Unpacking libgomp1:armhf (12.2.0-14+deb12u1) ...
Preparing to unpack .../libgpiod2_1.6.3-1+b3_armhf.deb ...
Unpacking libgpiod2:armhf (1.6.3-1+b3) ...
Preparing to unpack .../libgpm2_1.20.7-10+b1_armhf.deb ...
Unpacking libgpm2:armhf (1.20.7-10+b1) ...
Preparing to unpack .../libgraphite2-3_1.3.14-1_armhf.deb ...
Unpacking libgraphite2-3:armhf (1.3.14-1) ...
Preparing to unpack .../libgsm1_1.0.22-1_armhf.deb ...
Unpacking libgsm1:armhf (1.0.22-1) ...
Preparing to unpack .../libgssapi-krb5-2_1.20.1-2+deb12u4_armhf.deb ...
Unpacking libgssapi-krb5-2:armhf (1.20.1-2+deb12u4) ...
Preparing to unpack .../libgstreamer-plugins-base1.0-0_1.22.0-3+deb12u6_armhf.deb ...
Unpacking libgstreamer-plugins-base1.0-0:armhf (1.22.0-3+deb12u6) ...
Preparing to unpack .../libgstreamer1.0-0_1.22.0-2+deb12u1_armhf.deb ...
Unpacking libgstreamer1.0-0:armhf (1.22.0-2+deb12u1) ...
Preparing to unpack .../libharfbuzz0b_6.0.0+dfsg-3_armhf.deb ...
Unpacking libharfbuzz0b:armhf (6.0.0+dfsg-3) ...
Preparing to unpack .../libhavege2_1.9.14-1+b1_armhf.deb ...
Unpacking libhavege2:armhf (1.9.14-1+b1) ...
Preparing to unpack .../libhwy1_1.0.3-3+deb12u1_armhf.deb ...
Unpacking libhwy1:armhf (1.0.3-3+deb12u1) ...
Preparing to unpack .../libi2c0_4.3-2+b3_armhf.deb ...
Unpacking libi2c0:armhf (4.3-2+b3) ...
Preparing to unpack .../libice6_2%3a1.0.10-1_armhf.deb ...
Unpacking libice6:armhf (2:1.0.10-1) ...
Preparing to unpack .../libicu72_72.1-3+deb12u1_armhf.deb ...
Unpacking libicu72:armhf (72.1-3+deb12u1) ...
Preparing to unpack .../libidn2-dev_2.3.3-1+b1_armhf.deb ...
Unpacking libidn2-dev:armhf (2.3.3-1+b1) ...
Preparing to unpack .../libiio-utils_0.24-4_armhf.deb ...
Unpacking libiio-utils (0.24-4) ...
Preparing to unpack .../libiio0_0.24-4_armhf.deb ...
Unpacking libiio0:armhf (0.24-4) ...
Preparing to unpack .../libinih1_55-1_armhf.deb ...
Unpacking libinih1:armhf (55-1) ...
Preparing to unpack .../libisl23_0.25-1.1_armhf.deb ...
Unpacking libisl23:armhf (0.25-1.1) ...
Preparing to unpack .../libjack-jackd2-0_1.9.21~dfsg-3_armhf.deb ...
Unpacking libjack-jackd2-0:armhf (1.9.21~dfsg-3) ...
Preparing to unpack .../libjack-jackd2-dev_1.9.21~dfsg-3_armhf.deb ...
Unpacking libjack-jackd2-dev:armhf (1.9.21~dfsg-3) ...
Preparing to unpack .../libjansson4_2.14-2_armhf.deb ...
Unpacking libjansson4:armhf (2.14-2) ...
Preparing to unpack .../libjbig0_2.1-6.1_armhf.deb ...
Unpacking libjbig0:armhf (2.1-6.1) ...
Preparing to unpack .../libjpeg62-turbo_1%3a2.1.5-2_armhf.deb ...
Unpacking libjpeg62-turbo:armhf (1:2.1.5-2) ...
Preparing to unpack .../libjxl0.7_0.7.0-10+deb12u1_armhf.deb ...
Unpacking libjxl0.7:armhf (0.7.0-10+deb12u1) ...
Preparing to unpack .../libk5crypto3_1.20.1-2+deb12u4_armhf.deb ...
Unpacking libk5crypto3:armhf (1.20.1-2+deb12u4) ...
Preparing to unpack .../libkeyutils1_1.6.3-2_armhf.deb ...
Unpacking libkeyutils1:armhf (1.6.3-2) ...
Preparing to unpack .../libklibc_2.0.12-1_armhf.deb ...
Unpacking libklibc:armhf (2.0.12-1) ...
Preparing to unpack .../libkrb5-3_1.20.1-2+deb12u4_armhf.deb ...
Unpacking libkrb5-3:armhf (1.20.1-2+deb12u4) ...
Preparing to unpack .../libkrb5support0_1.20.1-2+deb12u4_armhf.deb ...
Unpacking libkrb5support0:armhf (1.20.1-2+deb12u4) ...
Preparing to unpack .../liblcms2-2_2.14-2+deb12u1_armhf.deb ...
Unpacking liblcms2-2:armhf (2.14-2+deb12u1) ...
Preparing to unpack .../libldap-2.5-0_2.5.13+dfsg-5_armhf.deb ...
Unpacking libldap-2.5-0:armhf (2.5.13+dfsg-5) ...
Preparing to unpack .../liblerc4_4.0.0+ds-2_armhf.deb ...
Unpacking liblerc4:armhf (4.0.0+ds-2) ...
Preparing to unpack .../libllvm14_1%3a14.0.6-12_armhf.deb ...
Unpacking libllvm14:armhf (1:14.0.6-12) ...
Preparing to unpack .../libltdl7_2.4.7-7~deb12u1_armhf.deb ...
Unpacking libltdl7:armhf (2.4.7-7~deb12u1) ...
Preparing to unpack .../liblua5.3-0_5.3.6-2_armhf.deb ...
Unpacking liblua5.3-0:armhf (5.3.6-2) ...
Preparing to unpack .../libmicrohttpd-dev_0.9.75-6_armhf.deb ...
Unpacking libmicrohttpd-dev:armhf (0.9.75-6) ...
Preparing to unpack .../libmicrohttpd12_0.9.75-6_armhf.deb ...
Unpacking libmicrohttpd12:armhf (0.9.75-6) ...
Preparing to unpack .../libmnl0_1.0.4-3_armhf.deb ...
Unpacking libmnl0:armhf (1.0.4-3) ...
Preparing to unpack .../libmount-dev_2.38.1-5+deb12u3_armhf.deb ...
Unpacking libmount-dev:armhf (2.38.1-5+deb12u3) ...
Preparing to unpack .../libmp3lame0_3.100-6_armhf.deb ...
Unpacking libmp3lame0:armhf (3.100-6) ...
Preparing to unpack .../libmpc3_1.3.1-1_armhf.deb ...
Unpacking libmpc3:armhf (1.3.1-1) ...
Preparing to unpack .../libmpfr6_4.2.0-1_armhf.deb ...
Unpacking libmpfr6:armhf (4.2.0-1) ...
Preparing to unpack .../libmpg123-0_1.31.2-1+deb12u1_armhf.deb ...
Unpacking libmpg123-0:armhf (1.31.2-1+deb12u1) ...
Preparing to unpack .../libmpg123-dev_1.31.2-1+deb12u1_armhf.deb ...
Unpacking libmpg123-dev:armhf (1.31.2-1+deb12u1) ...
Preparing to unpack .../libncurses6_6.4-4_armhf.deb ...
Unpacking libncurses6:armhf (6.4-4) ...
Preparing to unpack .../libncursesw6_6.4-4_armhf.deb ...
Unpacking libncursesw6:armhf (6.4-4) ...
Preparing to unpack .../libnghttp2-14_1.52.0-1+deb12u2_armhf.deb ...
Unpacking libnghttp2-14:armhf (1.52.0-1+deb12u2) ...
Preparing to unpack .../libnl-3-200_3.7.0-0.2+b1_armhf.deb ...
Unpacking libnl-3-200:armhf (3.7.0-0.2+b1) ...
Preparing to unpack .../libnl-genl-3-200_3.7.0-0.2+b1_armhf.deb ...
Unpacking libnl-genl-3-200:armhf (3.7.0-0.2+b1) ...
Preparing to unpack .../libnl-route-3-200_3.7.0-0.2+b1_armhf.deb ...
Unpacking libnl-route-3-200:armhf (3.7.0-0.2+b1) ...
Preparing to unpack .../libnsl-dev_1.3.0-2_armhf.deb ...
Unpacking libnsl-dev:armhf (1.3.0-2) ...
Preparing to unpack .../libnsl2_1.3.0-2_armhf.deb ...
Unpacking libnsl2:armhf (1.3.0-2) ...
Preparing to unpack .../libogg-dev_1.3.5-3_armhf.deb ...
Unpacking libogg-dev:armhf (1.3.5-3) ...
Preparing to unpack .../libogg0_1.3.5-3_armhf.deb ...
Unpacking libogg0:armhf (1.3.5-3) ...
Preparing to unpack .../libopenjp2-7_2.5.0-2+deb12u2_armhf.deb ...
Unpacking libopenjp2-7:armhf (2.5.0-2+deb12u2) ...
Preparing to unpack .../libopus-dev_1.3.1-3_armhf.deb ...
Unpacking libopus-dev:armhf (1.3.1-3) ...
Preparing to unpack .../libopus0_1.3.1-3_armhf.deb ...
Unpacking libopus0:armhf (1.3.1-3) ...
Preparing to unpack .../liborc-0.4-0_1%3a0.4.33-2_armhf.deb ...
Unpacking liborc-0.4-0:armhf (1:0.4.33-2) ...
Preparing to unpack .../libout123-0_1.31.2-1+deb12u1_armhf.deb ...
Unpacking libout123-0:armhf (1.31.2-1+deb12u1) ...
Preparing to unpack .../libp11-kit-dev_0.24.1-2_armhf.deb ...
Unpacking libp11-kit-dev:armhf (0.24.1-2) ...
Preparing to unpack .../libpango-1.0-0_1.50.12+ds-1_armhf.deb ...
Unpacking libpango-1.0-0:armhf (1.50.12+ds-1) ...
Preparing to unpack .../libpangocairo-1.0-0_1.50.12+ds-1_armhf.deb ...
Unpacking libpangocairo-1.0-0:armhf (1.50.12+ds-1) ...
Preparing to unpack .../libpangoft2-1.0-0_1.50.12+ds-1_armhf.deb ...
Unpacking libpangoft2-1.0-0:armhf (1.50.12+ds-1) ...
Preparing to unpack .../libpcre2-16-0_10.42-1_armhf.deb ...
Unpacking libpcre2-16-0:armhf (10.42-1) ...
Preparing to unpack .../libpcre2-32-0_10.42-1_armhf.deb ...
Unpacking libpcre2-32-0:armhf (10.42-1) ...
Preparing to unpack .../libpcre2-dev_10.42-1_armhf.deb ...
Unpacking libpcre2-dev:armhf (10.42-1) ...
Preparing to unpack .../libpcre2-posix3_10.42-1_armhf.deb ...
Unpacking libpcre2-posix3:armhf (10.42-1) ...
Preparing to unpack .../libpcsclite1_1.9.9-2_armhf.deb ...
Unpacking libpcsclite1:armhf (1.9.9-2) ...
Preparing to unpack .../libperl5.36_5.36.0-7+deb12u3_armhf.deb ...
Unpacking libperl5.36:armhf (5.36.0-7+deb12u3) ...
Preparing to unpack .../libpixman-1-0_0.42.2-1_armhf.deb ...
Unpacking libpixman-1-0:armhf (0.42.2-1) ...
Preparing to unpack .../libpkgconf3_1.8.1-1_armhf.deb ...
Unpacking libpkgconf3:armhf (1.8.1-1) ...
Preparing to unpack .../libpng16-16_1.6.39-2+deb12u5_armhf.deb ...
Unpacking libpng16-16:armhf (1.6.39-2+deb12u5) ...
Preparing to unpack .../libproc2-0_2%3a4.0.2-3_armhf.deb ...
Unpacking libproc2-0:armhf (2:4.0.2-3) ...
Preparing to unpack .../libpsl5_0.21.2-1_armhf.deb ...
Unpacking libpsl5:armhf (0.21.2-1) ...
Preparing to unpack .../libpulse-dev_16.1+dfsg1-2+b1_armhf.deb ...
Unpacking libpulse-dev:armhf (16.1+dfsg1-2+b1) ...
Preparing to unpack .../libpulse-mainloop-glib0_16.1+dfsg1-2+b1_armhf.deb ...
Unpacking libpulse-mainloop-glib0:armhf (16.1+dfsg1-2+b1) ...
Preparing to unpack .../libpulse0_16.1+dfsg1-2+b1_armhf.deb ...
Unpacking libpulse0:armhf (16.1+dfsg1-2+b1) ...
Preparing to unpack .../libpulsedsp_16.1+dfsg1-2+b1_armhf.deb ...
Unpacking libpulsedsp:armhf (16.1+dfsg1-2+b1) ...
Preparing to unpack .../libpython3-stdlib_3.11.2-1+b1_armhf.deb ...
Unpacking libpython3-stdlib:armhf (3.11.2-1+b1) ...
Preparing to unpack .../libpython3.11-stdlib_3.11.2-6+deb12u7_armhf.deb ...
Unpacking libpython3.11-stdlib:armhf (3.11.2-6+deb12u7) ...
Preparing to unpack .../librav1e0_0.5.1-6_armhf.deb ...
Unpacking librav1e0:armhf (0.5.1-6) ...
Preparing to unpack .../libreadline8_8.2-1.3_armhf.deb ...
Unpacking libreadline8:armhf (8.2-1.3) ...
Preparing to unpack .../libregexp-assemble-perl_0.38-2_all.deb ...
Unpacking libregexp-assemble-perl (0.38-2) ...
Preparing to unpack .../librsvg2-2_2.54.7+dfsg-1~deb12u1_armhf.deb ...
Unpacking librsvg2-2:armhf (2.54.7+dfsg-1~deb12u1) ...
Preparing to unpack .../librtmp1_2.4+20151223.gitfa8646d.1-2+b2_armhf.deb ...
Unpacking librtmp1:armhf (2.4+20151223.gitfa8646d.1-2+b2) ...
Preparing to unpack .../libsamplerate0_0.2.2-3_armhf.deb ...
Unpacking libsamplerate0:armhf (0.2.2-3) ...
Preparing to unpack .../libsasl2-2_2.1.28+dfsg-10_armhf.deb ...
Unpacking libsasl2-2:armhf (2.1.28+dfsg-10) ...
Preparing to unpack .../libsasl2-modules-db_2.1.28+dfsg-10_armhf.deb ...
Unpacking libsasl2-modules-db:armhf (2.1.28+dfsg-10) ...
Preparing to unpack .../libsdl1.2debian_1.2.15+dfsg2-8_armhf.deb ...
Unpacking libsdl1.2debian:armhf (1.2.15+dfsg2-8) ...
Preparing to unpack .../libselinux1-dev_3.4-1+b6_armhf.deb ...
Unpacking libselinux1-dev:armhf (3.4-1+b6) ...
Preparing to unpack .../libsensors-config_1%3a3.6.0-7.1_all.deb ...
Unpacking libsensors-config (1:3.6.0-7.1) ...
Preparing to unpack .../libsensors5_1%3a3.6.0-7.1_armhf.deb ...
Unpacking libsensors5:armhf (1:3.6.0-7.1) ...
Preparing to unpack .../libsepol-dev_3.4-2.1_armhf.deb ...
Unpacking libsepol-dev:armhf (3.4-2.1) ...
Preparing to unpack .../libshine3_3.1.1-2_armhf.deb ...
Unpacking libshine3:armhf (3.1.1-2) ...
Preparing to unpack .../libslang2_2.3.3-3_armhf.deb ...
Unpacking libslang2:armhf (2.3.3-3) ...
Preparing to unpack .../libsm6_2%3a1.2.3-1_armhf.deb ...
Unpacking libsm6:armhf (2:1.2.3-1) ...
Preparing to unpack .../libsnappy1v5_1.1.9-3_armhf.deb ...
Unpacking libsnappy1v5:armhf (1.1.9-3) ...
Preparing to unpack .../libsndfile1_1.2.0-1+deb12u1_armhf.deb ...
Unpacking libsndfile1:armhf (1.2.0-1+deb12u1) ...
Preparing to unpack .../libsndfile1-dev_1.2.0-1+deb12u1_armhf.deb ...
Unpacking libsndfile1-dev:armhf (1.2.0-1+deb12u1) ...
Preparing to unpack .../libsodium23_1.0.18-1+deb12u1_armhf.deb ...
Unpacking libsodium23:armhf (1.0.18-1+deb12u1) ...
Preparing to unpack .../libsoxr0_0.1.3-4_armhf.deb ...
Unpacking libsoxr0:armhf (0.1.3-4) ...
Preparing to unpack .../libspeex1_1.2.1-2_armhf.deb ...
Unpacking libspeex1:armhf (1.2.1-2) ...
Preparing to unpack .../libspeexdsp1_1.2.1-1_armhf.deb ...
Unpacking libspeexdsp1:armhf (1.2.1-1) ...
Preparing to unpack .../libsqlite3-0_3.40.1-2+deb12u2_armhf.deb ...
Unpacking libsqlite3-0:armhf (3.40.1-2+deb12u2) ...
Preparing to unpack .../libssh2-1_1.10.0-3+b1_armhf.deb ...
Unpacking libssh2-1:armhf (1.10.0-3+b1) ...
Preparing to unpack .../libstdc++-12-dev_12.2.0-14+deb12u1_armhf.deb ...
Unpacking libstdc++-12-dev:armhf (12.2.0-14+deb12u1) ...
Preparing to unpack .../libsvtav1enc1_1.4.1+dfsg-1_armhf.deb ...
Unpacking libsvtav1enc1:armhf (1.4.1+dfsg-1) ...
Preparing to unpack .../libswresample4_7%3a5.1.8-0+deb12u1_armhf.deb ...
Unpacking libswresample4:armhf (7:5.1.8-0+deb12u1) ...
Preparing to unpack .../libsyn123-0_1.31.2-1+deb12u1_armhf.deb ...
Unpacking libsyn123-0:armhf (1.31.2-1+deb12u1) ...
Preparing to unpack .../libtasn1-6-dev_4.19.0-2+deb12u1_armhf.deb ...
Unpacking libtasn1-6-dev:armhf (4.19.0-2+deb12u1) ...
Preparing to unpack .../libtdb1_1.4.8-2_armhf.deb ...
Unpacking libtdb1:armhf (1.4.8-2) ...
Preparing to unpack .../libthai-data_0.1.29-1_all.deb ...
Unpacking libthai-data (0.1.29-1) ...
Preparing to unpack .../libthai0_0.1.29-1_armhf.deb ...
Unpacking libthai0:armhf (0.1.29-1) ...
Preparing to unpack .../libtheora0_1.1.1+dfsg.1-16.1+deb12u1_armhf.deb ...
Unpacking libtheora0:armhf (1.1.1+dfsg.1-16.1+deb12u1) ...
Preparing to unpack .../libtiff6_4.5.0-6+deb12u4_armhf.deb ...
Unpacking libtiff6:armhf (4.5.0-6+deb12u4) ...
Preparing to unpack .../libtirpc-common_1.3.3+ds-1_all.deb ...
Unpacking libtirpc-common (1.3.3+ds-1) ...
Preparing to unpack .../libtirpc-dev_1.3.3+ds-1_armhf.deb ...
Unpacking libtirpc-dev:armhf (1.3.3+ds-1) ...
Preparing to unpack .../libtirpc3_1.3.3+ds-1_armhf.deb ...
Unpacking libtirpc3:armhf (1.3.3+ds-1) ...
Preparing to unpack .../libtwolame0_0.4.0-2_armhf.deb ...
Unpacking libtwolame0:armhf (0.4.0-2) ...
Preparing to unpack .../libubsan1_12.2.0-14+deb12u1_armhf.deb ...
Unpacking libubsan1:armhf (12.2.0-14+deb12u1) ...
Preparing to unpack .../libunbound8_1.17.1-2+deb12u4_armhf.deb ...
Unpacking libunbound8:armhf (1.17.1-2+deb12u4) ...
Preparing to unpack .../libunwind8_1.6.2-3_armhf.deb ...
Unpacking libunwind8:armhf (1.6.2-3) ...
Preparing to unpack .../libusb-0.1-4_2%3a0.1.12-32_armhf.deb ...
Unpacking libusb-0.1-4:armhf (2:0.1.12-32) ...
Preparing to unpack .../libusb-1.0-0_2%3a1.0.26-1_armhf.deb ...
Unpacking libusb-1.0-0:armhf (2:1.0.26-1) ...
Preparing to unpack .../libusb-1.0-0-dev_2%3a1.0.26-1_armhf.deb ...
Unpacking libusb-1.0-0-dev:armhf (2:1.0.26-1) ...
Preparing to unpack .../libutempter0_1.2.1-3_armhf.deb ...
Unpacking libutempter0:armhf (1.2.1-3) ...
Preparing to unpack .../libva-drm2_2.17.0-1_armhf.deb ...
Unpacking libva-drm2:armhf (2.17.0-1) ...
Preparing to unpack .../libva-x11-2_2.17.0-1_armhf.deb ...
Unpacking libva-x11-2:armhf (2.17.0-1) ...
Preparing to unpack .../libva2_2.17.0-1_armhf.deb ...
Unpacking libva2:armhf (2.17.0-1) ...
Preparing to unpack .../libvdpau1_1.5-2_armhf.deb ...
Unpacking libvdpau1:armhf (1.5-2) ...
Preparing to unpack .../libvorbis-dev_1.3.7-1_armhf.deb ...
Unpacking libvorbis-dev:armhf (1.3.7-1) ...
Preparing to unpack .../libvorbis0a_1.3.7-1_armhf.deb ...
Unpacking libvorbis0a:armhf (1.3.7-1) ...
Preparing to unpack .../libvorbisenc2_1.3.7-1_armhf.deb ...
Unpacking libvorbisenc2:armhf (1.3.7-1) ...
Preparing to unpack .../libvorbisfile3_1.3.7-1_armhf.deb ...
Unpacking libvorbisfile3:armhf (1.3.7-1) ...
Preparing to unpack .../libvpx7_1.12.0-1+deb12u5_armhf.deb ...
Unpacking libvpx7:armhf (1.12.0-1+deb12u5) ...
Preparing to unpack .../libwebp7_1.2.4-0.2+deb12u1_armhf.deb ...
Unpacking libwebp7:armhf (1.2.4-0.2+deb12u1) ...
Preparing to unpack .../libwebpmux3_1.2.4-0.2+deb12u1_armhf.deb ...
Unpacking libwebpmux3:armhf (1.2.4-0.2+deb12u1) ...
Preparing to unpack .../libwebrtc-audio-processing1_0.3-1+b1_armhf.deb ...
Unpacking libwebrtc-audio-processing1:armhf (0.3-1+b1) ...
Preparing to unpack .../libwrap0_7.6.q-32_armhf.deb ...
Unpacking libwrap0:armhf (7.6.q-32) ...
Preparing to unpack .../libx11-6_2%3a1.8.4-2+deb12u2_armhf.deb ...
Unpacking libx11-6:armhf (2:1.8.4-2+deb12u2) ...
Preparing to unpack .../libx11-data_2%3a1.8.4-2+deb12u2_all.deb ...
Unpacking libx11-data (2:1.8.4-2+deb12u2) ...
Preparing to unpack .../libx11-xcb1_2%3a1.8.4-2+deb12u2_armhf.deb ...
Unpacking libx11-xcb1:armhf (2:1.8.4-2+deb12u2) ...
Preparing to unpack .../libx264-164_2%3a0.164.3095+gitbaee400-3_armhf.deb ...
Unpacking libx264-164:armhf (2:0.164.3095+gitbaee400-3) ...
Preparing to unpack .../libx265-199_3.5-2+b1_armhf.deb ...
Unpacking libx265-199:armhf (3.5-2+b1) ...
Preparing to unpack .../libxau6_1%3a1.0.9-1_armhf.deb ...
Unpacking libxau6:armhf (1:1.0.9-1) ...
Preparing to unpack .../libxaw7_2%3a1.0.14-1_armhf.deb ...
Unpacking libxaw7:armhf (2:1.0.14-1) ...
Preparing to unpack .../libxcb-dri3-0_1.15-1_armhf.deb ...
Unpacking libxcb-dri3-0:armhf (1.15-1) ...
Preparing to unpack .../libxcb-render0_1.15-1_armhf.deb ...
Unpacking libxcb-render0:armhf (1.15-1) ...
Preparing to unpack .../libxcb-shm0_1.15-1_armhf.deb ...
Unpacking libxcb-shm0:armhf (1.15-1) ...
Preparing to unpack .../libxcb1_1.15-1_armhf.deb ...
Unpacking libxcb1:armhf (1.15-1) ...
Preparing to unpack .../libxdmcp6_1%3a1.1.2-3_armhf.deb ...
Unpacking libxdmcp6:armhf (1:1.1.2-3) ...
Preparing to unpack .../libxext6_2%3a1.3.4-1+b1_armhf.deb ...
Unpacking libxext6:armhf (2:1.3.4-1+b1) ...
Preparing to unpack .../libxfixes3_1%3a6.0.0-2_armhf.deb ...
Unpacking libxfixes3:armhf (1:6.0.0-2) ...
Preparing to unpack .../libxft2_2.3.6-1_armhf.deb ...
Unpacking libxft2:armhf (2.3.6-1) ...
Preparing to unpack .../libxinerama1_2%3a1.1.4-3_armhf.deb ...
Unpacking libxinerama1:armhf (2:1.1.4-3) ...
Preparing to unpack .../libxml2_2.9.14+dfsg-1.3~deb12u5_armhf.deb ...
Unpacking libxml2:armhf (2.9.14+dfsg-1.3~deb12u5) ...
Preparing to unpack .../libxmu6_2%3a1.1.3-3_armhf.deb ...
Unpacking libxmu6:armhf (2:1.1.3-3) ...
Preparing to unpack .../libxpm4_1%3a3.5.12-1.1+deb12u1_armhf.deb ...
Unpacking libxpm4:armhf (1:3.5.12-1.1+deb12u1) ...
Preparing to unpack .../libxrender1_1%3a0.9.10-1.1_armhf.deb ...
Unpacking libxrender1:armhf (1:0.9.10-1.1) ...
Preparing to unpack .../libxt6_1%3a1.2.1-1.1_armhf.deb ...
Unpacking libxt6:armhf (1:1.2.1-1.1) ...
Preparing to unpack .../libxtables12_1.8.9-2_armhf.deb ...
Unpacking libxtables12:armhf (1.8.9-2) ...
Preparing to unpack .../libxtst6_2%3a1.2.3-1.1_armhf.deb ...
Unpacking libxtst6:armhf (2:1.2.3-1.1) ...
Preparing to unpack .../libxvidcore4_2%3a1.3.7-1_armhf.deb ...
Unpacking libxvidcore4:armhf (2:1.3.7-1) ...
Preparing to unpack .../libz3-4_4.8.12-3.1_armhf.deb ...
Unpacking libz3-4:armhf (4.8.12-3.1) ...
Preparing to unpack .../libzita-alsa-pcmi0_0.6.1-1_armhf.deb ...
Unpacking libzita-alsa-pcmi0:armhf (0.6.1-1) ...
Preparing to unpack .../libzita-resampler1_1.8.0-2_armhf.deb ...
Unpacking libzita-resampler1:armhf (1.8.0-2) ...
Preparing to unpack .../libzvbi-common_0.2.41-1+deb12u1_all.deb ...
Unpacking libzvbi-common (0.2.41-1+deb12u1) ...
Preparing to unpack .../libzvbi0_0.2.41-1+deb12u1_armhf.deb ...
Unpacking libzvbi0:armhf (0.2.41-1+deb12u1) ...
Preparing to unpack .../linux-base_4.9_all.deb ...
Unpacking linux-base (4.9) ...
Preparing to unpack .../linux-libc-dev_6.1.170-3_armhf.deb ...
Unpacking linux-libc-dev:armhf (6.1.170-3) ...
Preparing to unpack .../lm-sensors_1%3a3.6.0-7.1_armhf.deb ...
Unpacking lm-sensors (1:3.6.0-7.1) ...
Preparing to unpack .../locales_2.36-9+deb12u14_all.deb ...
Unpacking locales (2.36-9+deb12u14) ...
Preparing to unpack .../lrzsz_0.12.21-10_armhf.deb ...
Unpacking lrzsz (0.12.21-10) ...
Preparing to unpack .../archives/lsb-base_11.6_all.deb ...
Unpacking lsb-base (11.6) ...
Preparing to unpack .../lsb-release_12.0-1_all.deb ...
Unpacking lsb-release (12.0-1) ...
Preparing to unpack .../archives/m4_1.4.19-3_armhf.deb ...
Unpacking m4 (1.4.19-3) ...
Preparing to unpack .../make_4.3-4.1_armhf.deb ...
Unpacking make (4.3-4.1) ...
Preparing to unpack .../media-types_10.0.0_all.deb ...
Unpacking media-types (10.0.0) ...
Preparing to unpack .../nano_7.2-1+deb12u1_armhf.deb ...
Unpacking nano (7.2-1+deb12u1) ...
Preparing to unpack .../net-tools_2.10-0.1+deb12u2_armhf.deb ...
Unpacking net-tools (2.10-0.1+deb12u2) ...
Preparing to unpack .../archives/netbase_6.4_all.deb ...
Unpacking netbase (6.4) ...
Preparing to unpack .../nettle-dev_3.8.1-2_armhf.deb ...
Unpacking nettle-dev:armhf (3.8.1-2) ...
Preparing to unpack .../ntpdate_1%3a4.2.8p15+dfsg-2~1.2.2+dfsg1-1+deb12u1_all.deb ...
Unpacking ntpdate (1:4.2.8p15+dfsg-2~1.2.2+dfsg1-1+deb12u1) ...
Preparing to unpack .../ntpsec-ntpdate_1.2.2+dfsg1-1+deb12u1_armhf.deb ...
Unpacking ntpsec-ntpdate (1.2.2+dfsg1-1+deb12u1) ...
Preparing to unpack .../ntpsec-ntpdig_1.2.2+dfsg1-1+deb12u1_armhf.deb ...
Unpacking ntpsec-ntpdig (1.2.2+dfsg1-1+deb12u1) ...
Preparing to unpack .../ocl-icd-libopencl1_2.3.1-1_armhf.deb ...
Unpacking ocl-icd-libopencl1:armhf (2.3.1-1) ...
Preparing to unpack .../openssh-client_1%3a9.2p1-2+deb12u10_armhf.deb ...
Unpacking openssh-client (1:9.2p1-2+deb12u10) ...
Preparing to unpack .../openssh-server_1%3a9.2p1-2+deb12u10_armhf.deb ...
Unpacking openssh-server (1:9.2p1-2+deb12u10) ...
Preparing to unpack .../openssh-sftp-server_1%3a9.2p1-2+deb12u10_armhf.deb ...
Unpacking openssh-sftp-server (1:9.2p1-2+deb12u10) ...
Preparing to unpack .../openssl_3.0.20-1~deb12u1_armhf.deb ...
Unpacking openssl (3.0.20-1~deb12u1) ...
Preparing to unpack .../patch_2.7.6-7_armhf.deb ...
Unpacking patch (2.7.6-7) ...
Preparing to unpack .../perl_5.36.0-7+deb12u3_armhf.deb ...
Unpacking perl (5.36.0-7+deb12u3) ...
Preparing to unpack .../perl-modules-5.36_5.36.0-7+deb12u3_all.deb ...
Unpacking perl-modules-5.36 (5.36.0-7+deb12u3) ...
Preparing to unpack .../pkg-config_1.8.1-1_armhf.deb ...
Unpacking pkg-config:armhf (1.8.1-1) ...
Preparing to unpack .../pkgconf_1.8.1-1_armhf.deb ...
Unpacking pkgconf:armhf (1.8.1-1) ...
Preparing to unpack .../pkgconf-bin_1.8.1-1_armhf.deb ...
Unpacking pkgconf-bin (1.8.1-1) ...
Preparing to unpack .../procps_2%3a4.0.2-3_armhf.deb ...
Unpacking procps (2:4.0.2-3) ...
Preparing to unpack .../psmisc_23.6-1_armhf.deb ...
Unpacking psmisc (23.6-1) ...
Preparing to unpack .../pulseaudio_16.1+dfsg1-2+b1_armhf.deb ...
Unpacking pulseaudio (16.1+dfsg1-2+b1) ...
Preparing to unpack .../pulseaudio-utils_16.1+dfsg1-2+b1_armhf.deb ...
Unpacking pulseaudio-utils (16.1+dfsg1-2+b1) ...
Preparing to unpack .../python-apt-common_2.6.0_all.deb ...
Unpacking python-apt-common (2.6.0) ...
Preparing to unpack .../python3_3.11.2-1+b1_armhf.deb ...
Unpacking python3 (3.11.2-1+b1) ...
Preparing to unpack .../python3-apt_2.6.0_armhf.deb ...
Unpacking python3-apt (2.6.0) ...
Preparing to unpack .../python3-dbus_1.3.2-4+b1_armhf.deb ...
Unpacking python3-dbus (1.3.2-4+b1) ...
Preparing to unpack .../python3-distutils_3.11.2-3_all.deb ...
Unpacking python3-distutils (3.11.2-3) ...
Preparing to unpack .../python3-lib2to3_3.11.2-3_all.deb ...
Unpacking python3-lib2to3 (3.11.2-3) ...
Preparing to unpack .../python3-ntp_1.2.2+dfsg1-1+deb12u1_armhf.deb ...
Unpacking python3-ntp (1.2.2+dfsg1-1+deb12u1) ...
Preparing to unpack .../python3.11_3.11.2-6+deb12u7_armhf.deb ...
Unpacking python3.11 (3.11.2-6+deb12u7) ...
Preparing to unpack .../readline-common_8.2-1.3_all.deb ...
Unpacking readline-common (8.2-1.3) ...
Preparing to unpack .../rfkill_2.38.1-5+deb12u3_armhf.deb ...
Unpacking rfkill (2.38.1-5+deb12u3) ...
Preparing to unpack .../rpcsvc-proto_1.4.3-1_armhf.deb ...
Unpacking rpcsvc-proto (1.4.3-1) ...
Preparing to unpack .../runit-helper_2.15.2_all.deb ...
Unpacking runit-helper (2.15.2) ...
Preparing to unpack .../sensible-utils_0.0.17+nmu1_all.deb ...
Unpacking sensible-utils (0.0.17+nmu1) ...
Preparing to unpack .../shared-mime-info_2.2-1_armhf.deb ...
Unpacking shared-mime-info (2.2-1) ...
Preparing to unpack .../sudo_1.9.13p3-1+deb12u4_armhf.deb ...
Unpacking sudo (1.9.13p3-1+deb12u4) ...
Preparing to unpack .../systemd-sysv_252.39-1~deb12u2_armhf.deb ...
Unpacking systemd-sysv (252.39-1~deb12u2) ...
Preparing to unpack .../archives/tftp_0.17-25_all.deb ...
Unpacking tftp (0.17-25) ...
Preparing to unpack .../tftp-hpa_5.2+20150808-1.4_armhf.deb ...
Unpacking tftp-hpa (5.2+20150808-1.4) ...
Preparing to unpack .../archives/tio_2.5-1_armhf.deb ...
Unpacking tio (2.5-1) ...
Preparing to unpack .../ucf_3.0043+nmu1+deb12u1_all.deb ...
Moving old data out of the way
Unpacking ucf (3.0043+nmu1+deb12u1) ...
Preparing to unpack .../udev_252.39-1~deb12u2_armhf.deb ...
Unpacking udev (252.39-1~deb12u2) ...
Preparing to unpack .../usbutils_1%3a014-1+deb12u1_armhf.deb ...
Unpacking usbutils (1:014-1+deb12u1) ...
Preparing to unpack .../uuid-dev_2.38.1-5+deb12u3_armhf.deb ...
Unpacking uuid-dev:armhf (2.38.1-5+deb12u3) ...
Preparing to unpack .../vim_2%3a9.0.1378-2+deb12u2_armhf.deb ...
Unpacking vim (2:9.0.1378-2+deb12u2) ...
Preparing to unpack .../vim-common_2%3a9.0.1378-2+deb12u2_all.deb ...
Unpacking vim-common (2:9.0.1378-2+deb12u2) ...
Preparing to unpack .../vim-runtime_2%3a9.0.1378-2+deb12u2_all.deb ...
Adding 'diversion of /usr/share/vim/vim90/doc/help.txt to /usr/share/vim/vim90/doc/help.txt.vim-tiny by vim-runtime'
Adding 'diversion of /usr/share/vim/vim90/doc/tags to /usr/share/vim/vim90/doc/tags.vim-tiny by vim-runtime'
Unpacking vim-runtime (2:9.0.1378-2+deb12u2) ...
Preparing to unpack .../wget_1.21.3-1+deb12u1_armhf.deb ...
Unpacking wget (1.21.3-1+deb12u1) ...
Preparing to unpack .../wireless-regdb_2026.02.04-1~deb12u1_all.deb ...
Unpacking wireless-regdb (2026.02.04-1~deb12u1) ...
Preparing to unpack .../wpasupplicant_2%3a2.10-12+deb12u3_armhf.deb ...
Unpacking wpasupplicant (2:2.10-12+deb12u3) ...
Preparing to unpack .../x11-common_1%3a7.7+23_all.deb ...
Unpacking x11-common (1:7.7+23) ...
Preparing to unpack .../xbitmaps_1.1.1-2.2_all.deb ...
Unpacking xbitmaps (1.1.1-2.2) ...
Preparing to unpack .../archives/xterm_379-1_armhf.deb ...
Unpacking xterm (379-1) ...
Preparing to unpack .../xz-utils_5.4.1-1_armhf.deb ...
Unpacking xz-utils (5.4.1-1) ...
Preparing to unpack .../zlib1g-dev_1%3a1.2.13.dfsg-1_armhf.deb ...
Unpacking zlib1g-dev:armhf (1:1.2.13.dfsg-1) ...
Processing triggers for libc-bin (2.36-9+deb12u14) ...
Setting up media-types (10.0.0) ...
Setting up cpio (2.13+dfsg-7.1) ...
update-alternatives: using /bin/mt-gnu to provide /bin/mt (mt) in auto mode
Setting up libgraphite2-3:armhf (1.3.14-1) ...
Setting up liblcms2-2:armhf (2.14-2+deb12u1) ...
Setting up libpixman-1-0:armhf (0.42.2-1) ...
Setting up runit-helper (2.15.2) ...
Setting up lsb-base (11.6) ...
Setting up libaom3:armhf (3.6.0-1+deb12u2) ...
Setting up systemd-sysv (252.39-1~deb12u2) ...
Setting up libxau6:armhf (1:1.0.9-1) ...
Setting up net-tools (2.10-0.1+deb12u2) ...
Setting up libkeyutils1:armhf (1.6.3-2) ...
Setting up libc-l10n (2.36-9+deb12u14) ...
Setting up libpsl5:armhf (0.21.2-1) ...
Setting up libgnutls-openssl27:armhf (3.7.9-2+deb12u6) ...
Setting up libcodec2-1.0:armhf (1.0.5-1) ...
Setting up libsodium23:armhf (1.0.18-1+deb12u1) ...
Setting up libgpm2:armhf (1.20.7-10+b1) ...
Setting up libicu72:armhf (72.1-3+deb12u1) ...
Setting up linux-base (4.9) ...
Setting up libmpg123-0:armhf (1.31.2-1+deb12u1) ...
Setting up can-utils (2020.11.0-1) ...
Setting up libogg0:armhf (1.3.5-3) ...
Setting up liblerc4:armhf (4.0.0+ds-2) ...
Setting up libspeex1:armhf (1.2.1-2) ...
Setting up libshine3:armhf (3.1.1-2) ...
Setting up bsdextrautils (2.38.1-5+deb12u3) ...
Setting up wget (1.21.3-1+deb12u1) ...
Setting up libx264-164:armhf (2:0.164.3095+gitbaee400-3) ...
Setting up apt-transport-https (2.6.1) ...
Setting up libtwolame0:armhf (0.4.0-2) ...
Setting up libdatrie1:armhf (0.2.13-2+b1) ...
Setting up libgsm1:armhf (1.0.22-1) ...
Setting up psmisc (23.6-1) ...
Setting up libglib2.0-0:armhf (2.74.6-2+deb12u9) ...
No schema files found: doing nothing.
Setting up distro-info-data (0.58+deb12u7) ...
Setting up libi2c0:armhf (4.3-2+b3) ...
Setting up libinih1:armhf (55-1) ...
Setting up libtdb1:armhf (1.4.8-2) ...
Setting up libtirpc-common (1.3.3+ds-1) ...
Setting up libcbor0.8:armhf (0.8.0-2+b1) ...
Setting up libbrotli1:armhf (1.0.9-2+b6) ...
Setting up chuck-data (1.4.2.0-1) ...
Setting up wireless-regdb (2026.02.04-1~deb12u1) ...
update-alternatives: using /lib/firmware/regulatory.db-debian to provide /lib/firmware/regulatory.db (regulatory.db) in auto mode
Setting up libsqlite3-0:armhf (3.40.1-2+deb12u2) ...
Setting up libgdk-pixbuf2.0-common (2.42.10+dfsg-1+deb12u4) ...
Setting up binutils-common:armhf (2.40-2) ...
Setting up x11-common (1:7.7+23) ...
Running in chroot, ignoring request.
invoke-rc.d: policy-rc.d denied execution of restart.
Setting up libsensors-config (1:3.6.0-7.1) ...
Setting up libnghttp2-14:armhf (1.52.0-1+deb12u2) ...
Setting up libdeflate0:armhf (1.14-1) ...
Setting up libapr1:armhf (1.7.2-3+deb12u1) ...
Setting up libwebrtc-audio-processing1:armhf (0.3-1+b1) ...
Setting up linux-libc-dev:armhf (6.1.170-3) ...
Setting up libctf-nobfd0:armhf (2.40-2) ...
Setting up m4 (1.4.19-3) ...
Setting up libhwy1:armhf (1.0.3-3+deb12u1) ...
Setting up faust-common (2.54.9+ds0-1) ...
Setting up libsvtav1enc1:armhf (1.4.1+dfsg-1) ...
Setting up libogg-dev:armhf (1.3.5-3) ...
Setting up kmod (30+20221128-1) ...
Setting up libgomp1:armhf (12.2.0-14+deb12u1) ...
Setting up libxvidcore4:armhf (2:1.3.7-1) ...
Setting up bzip2 (1.0.8-5+b1) ...
Setting up libffi-dev:armhf (3.4.4-1) ...
Setting up locales (2.36-9+deb12u14) ...
Generating locales (this might take a while)...
Generation complete.
Setting up libunwind8:armhf (1.6.2-3) ...
Setting up libjbig0:armhf (2.1-6.1) ...
Setting up libmicrohttpd12:armhf (0.9.75-6) ...
Setting up librav1e0:armhf (0.5.1-6) ...
Setting up libpcre2-16-0:armhf (10.42-1) ...
Setting up libjansson4:armhf (2.14-2) ...
Setting up libusb-0.1-4:armhf (2:0.1.12-32) ...
Setting up libsnappy1v5:armhf (1.1.9-3) ...
Setting up libkrb5support0:armhf (1.20.1-2+deb12u4) ...
Setting up libout123-0:armhf (1.31.2-1+deb12u1) ...
Setting up libsasl2-modules-db:armhf (2.1.28+dfsg-10) ...
Setting up libcap2-bin (1:2.66-4+deb12u3+b1) ...
Setting up libhavege2:armhf (1.9.14-1+b1) ...
Setting up libsyn123-0:armhf (1.31.2-1+deb12u1) ...
Setting up libasound2-data (1.2.8-1) ...
Setting up busybox (1:1.35.0-4+deb12u1+b1) ...
Setting up libklibc:armhf (2.0.12-1) ...
Setting up perl-modules-5.36 (5.36.0-7+deb12u3) ...
Setting up libz3-4:armhf (4.8.12-3.1) ...
Setting up libpcre2-32-0:armhf (10.42-1) ...
Setting up libglib2.0-data (2.74.6-2+deb12u9) ...
Setting up libpkgconf3:armhf (1.8.1-1) ...
Setting up libgmpxx4ldbl:armhf (2:6.2.1+dfsg1-1.1) ...
Setting up libflac12:armhf (1.4.2+ds-2) ...
Setting up rpcsvc-proto (1.4.3-1) ...
Setting up vim-common (2:9.0.1378-2+deb12u2) ...
Setting up libjpeg62-turbo:armhf (1:2.1.5-2) ...
Setting up libslang2:armhf (2.3.3-3) ...
Setting up libva2:armhf (2.17.0-1) ...
Setting up libx11-data (2:1.8.4-2+deb12u2) ...
Setting up make (4.3-4.1) ...
Setting up libmpfr6:armhf (4.2.0-1) ...
Setting up librtmp1:armhf (2.4+20151223.gitfa8646d.1-2+b2) ...
Setting up libgnutlsxx30:armhf (3.7.9-2+deb12u6) ...
Setting up libavahi-common-data:armhf (0.8-10+deb12u1) ...
Setting up libncurses6:armhf (6.4-4) ...
Setting up libdbus-1-3:armhf (1.14.10-1~deb12u1) ...
Setting up xz-utils (5.4.1-1) ...
update-alternatives: using /usr/bin/xz to provide /usr/bin/lzma (lzma) in auto mode
Setting up libfribidi0:armhf (1.0.8-2.1) ...
Setting up libopus0:armhf (1.3.1-3) ...
Setting up libexif12:armhf (0.6.24-1+deb12u1) ...
Setting up rfkill (2.38.1-5+deb12u3) ...
Setting up libproc2-0:armhf (2:4.0.2-3) ...
Setting up libpng16-16:armhf (1.6.39-2+deb12u5) ...
Setting up libmpc3:armhf (1.3.1-1) ...
Setting up libmnl0:armhf (1.0.4-3) ...
Setting up libatomic1:armhf (12.2.0-14+deb12u1) ...
Setting up libvorbis0a:armhf (1.3.7-1) ...
Setting up udev (252.39-1~deb12u2) ...
A chroot environment has been detected, udev not started.
Setting up libevent-2.1-7:armhf (2.1.12-stable-8) ...
Setting up patch (2.7.6-7) ...
Setting up liborc-0.4-0:armhf (1:0.4.33-2) ...
Setting up sudo (1.9.13p3-1+deb12u4) ...
Running in chroot, ignoring request.
invoke-rc.d: policy-rc.d denied execution of start.
Setting up fonts-dejavu-core (2.37-6) ...
Setting up libsepol-dev:armhf (3.4-2.1) ...
Setting up libpcsclite1:armhf (1.9.9-2) ...
Setting up pkgconf-bin (1.8.1-1) ...
Setting up libsensors5:armhf (1:3.6.0-7.1) ...
Setting up libzita-resampler1:armhf (1.8.0-2) ...
Setting up libjxl0.7:armhf (0.7.0-10+deb12u1) ...
Setting up libncursesw6:armhf (6.4-4) ...
Setting up libk5crypto3:armhf (1.20.1-2+deb12u4) ...
Setting up libxtables12:armhf (1.8.9-2) ...
Setting up libdav1d6:armhf (1.0.0-2+deb12u1) ...
Setting up libltdl7:armhf (2.4.7-7~deb12u1) ...
Setting up libidn2-dev:armhf (2.3.3-1+b1) ...
Setting up libsasl2-2:armhf (2.1.28+dfsg-10) ...
Setting up libx265-199:armhf (3.5-2+b1) ...
Setting up libwebp7:armhf (1.2.4-0.2+deb12u1) ...
Setting up libutempter0:armhf (1.2.1-3) ...
Setting up libubsan1:armhf (12.2.0-14+deb12u1) ...
Setting up libgif7:armhf (5.2.1-2.5) ...
Setting up nano (7.2-1+deb12u1) ...
update-alternatives: using /bin/nano to provide /usr/bin/editor (editor) in auto mode
update-alternatives: using /bin/nano to provide /usr/bin/pico (pico) in auto mode
Setting up libpcre2-posix3:armhf (10.42-1) ...
Setting up python-apt-common (2.6.0) ...
Setting up sensible-utils (0.0.17+nmu1) ...
Setting up ocl-icd-libopencl1:armhf (2.3.1-1) ...
Setting up libasyncns0:armhf (0.8-6+b3) ...
Setting up libcrypt-dev:armhf (1:4.4.33-2) ...
Setting up libtiff6:armhf (4.5.0-6+deb12u4) ...
Setting up libasan8:armhf (12.2.0-14+deb12u1) ...
Setting up liblua5.3-0:armhf (5.3.6-2) ...
Setting up procps (2:4.0.2-3) ...
Setting up libspeexdsp1:armhf (1.2.1-1) ...
Setting up libasound2:armhf (1.2.8-1+b1) ...
Setting up libnl-3-200:armhf (3.7.0-0.2+b1) ...
Setting up bison (2:3.8.2+dfsg-1+b1) ...
update-alternatives: using /usr/bin/bison.yacc to provide /usr/bin/yacc (yacc) in auto mode
Setting up libopenjp2-7:armhf (2.5.0-2+deb12u2) ...
Setting up libthai-data (0.1.29-1) ...
Setting up libssh2-1:armhf (1.10.0-3+b1) ...
Setting up netbase (6.4) ...
Setting up libvpx7:armhf (1.12.0-1+deb12u5) ...
Setting up libkrb5-3:armhf (1.20.1-2+deb12u4) ...
Setting up apache2-data (2.4.67-1~deb12u2) ...
Setting up libusb-1.0-0:armhf (2:1.0.26-1) ...
Setting up libdjvulibre-text (3.5.28-2.2~deb12u1) ...
Setting up libgpiod2:armhf (1.6.3-1+b3) ...
Setting up libbinutils:armhf (2.40-2) ...
Setting up vim-runtime (2:9.0.1378-2+deb12u2) ...
Setting up lsb-release (12.0-1) ...
Setting up libfido2-1:armhf (1.12.0-2+b1) ...
Setting up libisl23:armhf (0.25-1.1) ...
Setting up libasound2-dev:armhf (1.2.8-1+b1) ...
Setting up libc-dev-bin (2.36-9+deb12u14) ...
Setting up klibc-utils (2.0.12-1) ...
No diversion 'diversion of /usr/share/initramfs-tools/hooks/klibc to /usr/share/initramfs-tools/hooks/klibc^i-t by klibc-utils', none removed.
Setting up libsamplerate0:armhf (0.2.2-3) ...
Setting up libtasn1-6-dev:armhf (4.19.0-2+deb12u1) ...
Setting up openssl (3.0.20-1~deb12u1) ...
Setting up libwebpmux3:armhf (1.2.4-0.2+deb12u1) ...
Setting up libbsd0:armhf (0.11.7-2) ...
Setting up libatopology2:armhf (1.2.8-1+b1) ...
Setting up lrzsz (0.12.21-10) ...
Setting up libdrm-common (2.4.114-1) ...
Setting up libelf1:armhf (0.188-2.1) ...
Setting up iputils-ping (3:20221126-1+deb12u1) ...
Setting up readline-common (8.2-1.3) ...
Setting up libxml2:armhf (2.9.14+dfsg-1.3~deb12u5) ...
Setting up libcc1-0:armhf (12.2.0-14+deb12u1) ...
Setting up iso-codes (4.15.0-1) ...
Setting up xbitmaps (1.1.1-2.2) ...
Setting up libzvbi-common (0.2.41-1+deb12u1) ...
Setting up libbpf1:armhf (1:1.1.2-0+deb12u1) ...
Setting up libp11-kit-dev:armhf (0.24.1-2) ...
Setting up libmp3lame0:armhf (3.100-6) ...
Setting up libvorbisenc2:armhf (1.3.7-1) ...
Setting up libgdbm6:armhf (1.23-3) ...
Setting up tftp-hpa (5.2+20150808-1.4) ...
Setting up ethtool (1:6.1-1) ...
Setting up tftp (0.17-25) ...
Setting up libaprutil1:armhf (1.6.3-1) ...
Setting up libctf0:armhf (2.40-2) ...
Setting up libzvbi0:armhf (0.2.41-1+deb12u1) ...
Setting up libice6:armhf (2:1.0.10-1) ...
Setting up haveged (1.9.14-1+b1) ...
Running in chroot, ignoring request.
invoke-rc.d: policy-rc.d denied execution of start.
Created symlink /etc/systemd/system/sysinit.target.wants/haveged.service -> /lib/systemd/system/haveged.service.
Setting up libdw1:armhf (0.188-2.1) ...
Setting up libxdmcp6:armhf (1:1.1.2-3) ...
Setting up libflac-dev:armhf (1.4.2+ds-2) ...
Setting up tio (2.5-1) ...
Setting up flex (2.6.4-8.2) ...
Setting up cpp-12 (12.2.0-14+deb12u1) ...
Setting up libxcb1:armhf (1.15-1) ...
Setting up libfftw3-single3:armhf (3.3.10-1) ...
Setting up vim (2:9.0.1378-2+deb12u2) ...
update-alternatives: using /usr/bin/vim.basic to provide /usr/bin/ex (ex) in auto mode
update-alternatives: using /usr/bin/vim.basic to provide /usr/bin/rview (rview) in auto mode
update-alternatives: using /usr/bin/vim.basic to provide /usr/bin/rvim (rvim) in auto mode
update-alternatives: using /usr/bin/vim.basic to provide /usr/bin/vi (vi) in auto mode
update-alternatives: using /usr/bin/vim.basic to provide /usr/bin/view (view) in auto mode
update-alternatives: using /usr/bin/vim.basic to provide /usr/bin/vim (vim) in auto mode
update-alternatives: using /usr/bin/vim.basic to provide /usr/bin/vimdiff (vimdiff) in auto mode
Setting up libgmp-dev:armhf (2:6.2.1+dfsg1-1.1) ...
Setting up libcaca0:armhf (0.99.beta20-3) ...
Setting up nettle-dev:armhf (3.8.1-2) ...
Setting up libzita-alsa-pcmi0:armhf (0.6.1-1) ...
Setting up libxcb-render0:armhf (1.15-1) ...
Setting up libsoxr0:armhf (0.1.3-4) ...
Setting up fontconfig-config (2.14.1-4) ...
Setting up libedit2:armhf (3.1-20221030-2) ...
Setting up libreadline8:armhf (8.2-1.3) ...
Setting up libdjvulibre21:armhf (3.5.28-2.2~deb12u1) ...
Setting up libavahi-common3:armhf (0.8-10+deb12u1) ...
Setting up libftdi1:armhf (0.20-4+b1) ...
Setting up libglib2.0-bin (2.74.6-2+deb12u9) ...
Setting up libusb-1.0-0-dev:armhf (2:1.0.26-1) ...
Setting up libxcb-shm0:armhf (1.15-1) ...
Setting up libaprutil1-dbd-sqlite3:armhf (1.6.3-1) ...
Setting up libopus-dev:armhf (1.3.1-3) ...
Setting up libmpg123-dev:armhf (1.31.2-1+deb12u1) ...
Setting up usbutils (1:014-1+deb12u1) ...
Setting up libldap-2.5-0:armhf (2.5.13+dfsg-5) ...
Setting up fdisk (2.38.1-5+deb12u3) ...
Setting up pkgconf:armhf (1.8.1-1) ...
Setting up libnl-route-3-200:armhf (3.7.0-0.2+b1) ...
Setting up libthai0:armhf (0.1.29-1) ...
Setting up libftdi1-2:armhf (1.5-6+b2) ...
Setting up ca-certificates (20230311+deb12u1) ...
Updating certificates in /etc/ssl/certs...
142 added, 0 removed; done.
Setting up libvorbisfile3:armhf (1.3.7-1) ...
Setting up alsa-utils (1.2.8-1) ...
Setting up libftdi1-dev (1.5-6+b2) ...
Setting up libunbound8:armhf (1.17.1-2+deb12u4) ...
Setting up libfreetype6:armhf (2.12.1+dfsg-5+deb12u4) ...
Setting up libgcc-12-dev:armhf (12.2.0-14+deb12u1) ...
Setting up shared-mime-info (2.2-1) ...
Setting up libgssapi-krb5-2:armhf (1.20.1-2+deb12u4) ...
Setting up pkg-config:armhf (1.8.1-1) ...
Setting up libgdbm-compat4:armhf (1.23-3) ...
Setting up ucf (3.0043+nmu1+deb12u1) ...
Setting up libllvm14:armhf (1:14.0.6-12) ...
Setting up libjack-jackd2-0:armhf (1.9.21~dfsg-3) ...
Setting up libdrm2:armhf (2.4.114-1+b1) ...
Setting up libva-drm2:armhf (2.17.0-1) ...
Setting up cpp (4:12.2.0-3) ...
Setting up libnl-genl-3-200:armhf (3.7.0-0.2+b1) ...
Setting up gpiod (1.6.3-1+b3) ...
Setting up libcurl4:armhf (7.88.1-10+deb12u14) ...
Setting up libx11-6:armhf (2:1.8.4-2+deb12u2) ...
Setting up libharfbuzz0b:armhf (6.0.0+dfsg-3) ...
Setting up libgdk-pixbuf-2.0-0:armhf (2.42.10+dfsg-1+deb12u4) ...
Setting up curl (7.88.1-10+deb12u14) ...
Setting up libfontconfig1:armhf (2.14.1-4) ...
Setting up libsndfile1:armhf (1.2.0-1+deb12u1) ...
Setting up iw (5.19-1) ...
Setting up initramfs-tools-core (0.142+deb12u3) ...
Setting up binutils-arm-linux-gnueabihf (2.40-2) ...
Setting up libsm6:armhf (2:1.2.3-1) ...
Setting up libavahi-client3:armhf (0.8-10+deb12u1) ...
Setting up libperl5.36:armhf (5.36.0-7+deb12u3) ...
Setting up libgstreamer1.0-0:armhf (1.22.0-2+deb12u1) ...
Setcap worked! gst-ptp-helper is not suid!
Setting up libaa1:armhf (1.4p5-50) ...
Setting up apache2-utils (2.4.67-1~deb12u2) ...
Setting up libvorbis-dev:armhf (1.3.7-1) ...
Setting up libtirpc3:armhf (1.3.3+ds-1) ...
Setting up libxcb-dri3-0:armhf (1.15-1) ...
Setting up libx11-xcb1:armhf (2:1.8.4-2+deb12u2) ...
Setting up fontconfig (2.14.1-4) ...
Regenerating fonts cache... done.
Setting up libgnutls-dane0:armhf (3.7.9-2+deb12u6) ...
Setting up initramfs-tools (0.142+deb12u3) ...
update-initramfs: deferring update (trigger activated)
Setting up libxpm4:armhf (1:3.5.12-1.1+deb12u1) ...
Setting up libxrender1:armhf (1:0.9.10-1.1) ...
Setting up libpulse0:armhf (16.1+dfsg1-2+b1) ...
Setting up iproute2 (6.1.0-3) ...
Setting up openssh-client (1:9.2p1-2+deb12u10) ...
Setting up chrony (4.3-2+deb12u2) ...

Creating config file /etc/chrony/chrony.conf with new version

Creating config file /etc/chrony/chrony.keys with new version
dpkg-statoverride: warning: --update given but /var/log/chrony does not exist
Running in chroot, ignoring request.
invoke-rc.d: policy-rc.d denied execution of start.
Created symlink /etc/systemd/system/chronyd.service -> /lib/systemd/system/chrony.service.
Created symlink /etc/systemd/system/multi-user.target.wants/chrony.service -> /lib/systemd/system/chrony.service.
Setting up libfaust2:armhf (2.54.9+ds0-1) ...
Setting up libpango-1.0-0:armhf (1.50.12+ds-1) ...
Setting up libiio0:armhf (0.24-4) ...
Setting up libxext6:armhf (2:1.3.4-1+b1) ...
Setting up isc-dhcp-client (4.4.3-P1-2) ...
Setting up libpulsedsp:armhf (16.1+dfsg1-2+b1) ...
Setting up libgstreamer-plugins-base1.0-0:armhf (1.22.0-3+deb12u6) ...
Setting up binutils (2.40-2) ...
Setting up libaprutil1-ldap:armhf (1.6.3-1) ...
Setting up libjack-jackd2-dev:armhf (1.9.21~dfsg-3) ...
Setting up chuck (1.4.2.0-1) ...
Setting up libcairo2:armhf (1.16.0-7) ...
Setting up wpasupplicant (2:2.10-12+deb12u3) ...
Created symlink /etc/systemd/system/dbus-fi.w1.wpa_supplicant1.service -> /lib/systemd/system/wpa_supplicant.service.
Created symlink /etc/systemd/system/multi-user.target.wants/wpa_supplicant.service -> /lib/systemd/system/wpa_supplicant.service.
Setting up perl (5.36.0-7+deb12u3) ...
Setting up libtirpc-dev:armhf (1.3.3+ds-1) ...
Setting up gcc-12 (12.2.0-14+deb12u1) ...
Setting up libxfixes3:armhf (1:6.0.0-2) ...
Setting up libsndfile1-dev:armhf (1.2.0-1+deb12u1) ...
Setting up ifupdown (0.8.41) ...
Creating /etc/network/interfaces.
Created symlink /etc/systemd/system/multi-user.target.wants/networking.service -> /lib/systemd/system/networking.service.
Created symlink /etc/systemd/system/network-online.target.wants/networking.service -> /lib/systemd/system/networking.service.
Setting up libpulse-mainloop-glib0:armhf (16.1+dfsg1-2+b1) ...
Setting up pulseaudio-utils (16.1+dfsg1-2+b1) ...
Setting up libxinerama1:armhf (2:1.1.4-3) ...
Setting up libsdl1.2debian:armhf (1.2.15+dfsg2-8) ...
Setting up i2c-tools (4.3-2+b3) ...
Running in chroot, ignoring request.
Running in chroot, ignoring request.
Setting up libxt6:armhf (1:1.2.1-1.1) ...
Setting up libdpkg-perl (1.21.23) ...
Setting up lm-sensors (1:3.6.0-7.1) ...
Created symlink /etc/systemd/system/multi-user.target.wants/lm-sensors.service -> /lib/systemd/system/lm-sensors.service.
Setting up libvdpau1:armhf (1.5-2) ...
Setting up libtheora0:armhf (1.1.1+dfsg.1-16.1+deb12u1) ...
Setting up libnsl2:armhf (1.3.0-2) ...
Setting up faust (2.54.9+ds0-1) ...
Setting up libcairo-gobject2:armhf (1.16.0-7) ...
Setting up libpangoft2-1.0-0:armhf (1.50.12+ds-1) ...
Setting up libregexp-assemble-perl (0.38-2) ...
Setting up libva-x11-2:armhf (2.17.0-1) ...
Setting up libpangocairo-1.0-0:armhf (1.50.12+ds-1) ...
Setting up libapt-pkg-perl (0.1.40+b2) ...
Setting up openssh-sftp-server (1:9.2p1-2+deb12u10) ...
Setting up libxft2:armhf (2.3.6-1) ...
Setting up libxmu6:armhf (2:1.1.3-3) ...
Setting up libiio-utils (0.24-4) ...
Setting up libxtst6:armhf (2:1.2.3-1.1) ...
Setting up libpython3.11-stdlib:armhf (3.11.2-6+deb12u7) ...
Setting up apt-file (3.3) ...
The system-wide cache is empty. You may want to run 'apt-file update'
as root to update the cache.
Setting up fim (0.5.3-10+b1) ...
Setting up libxaw7:armhf (2:1.0.14-1) ...
Setting up apache2-bin (2.4.67-1~deb12u2) ...
Setting up gcc (4:12.2.0-3) ...
Setting up dpkg-dev (1.21.23) ...
Setting up librsvg2-2:armhf (2.54.7+dfsg-1~deb12u1) ...
Setting up libavutil57:armhf (7:5.1.8-0+deb12u1) ...
Setting up libwrap0:armhf (7.6.q-32) ...
Setting up libswresample4:armhf (7:5.1.8-0+deb12u1) ...
Setting up libnsl-dev:armhf (1.3.0-2) ...
Setting up libc6-dev:armhf (2.36-9+deb12u14) ...
Setting up xterm (379-1) ...
update-alternatives: using /usr/bin/xterm to provide /usr/bin/x-terminal-emulator (x-terminal-emulator) in auto mode
update-alternatives: using /usr/bin/lxterm to provide /usr/bin/x-terminal-emulator (x-terminal-emulator) in auto mode
Setting up libavcodec59:armhf (7:5.1.8-0+deb12u1) ...
Setting up libpython3-stdlib:armhf (3.11.2-1+b1) ...
Setting up libgnutls28-dev:armhf (3.7.9-2+deb12u6) ...
Setting up python3.11 (3.11.2-6+deb12u7) ...
Setting up libasound2-plugins:armhf (1.2.7.1-1) ...
Setting up libpcre2-dev:armhf (10.42-1) ...
Setting up openssh-server (1:9.2p1-2+deb12u10) ...

Creating config file /etc/ssh/sshd_config with new version
Creating SSH2 RSA key; this may take some time ...
3072 SHA256:sJj0VEAUEWoEyg5qxct0tuqz2mmF8Bgb1k81MXLr6bE root@Nicolas (RSA)
Creating SSH2 ECDSA key; this may take some time ...
256 SHA256:+DXvgRQHCJ9vRrDnsijOQh75l9safS9eNULvgdbxfNM root@Nicolas (ECDSA)
Creating SSH2 ED25519 key; this may take some time ...
256 SHA256:Ls7stTp1WJkPApIuMvg4iHhB7YldezTXqoin0jxL4cs root@Nicolas (ED25519)
Running in chroot, ignoring request.
invoke-rc.d: policy-rc.d denied execution of start.
Created symlink /etc/systemd/system/sshd.service -> /lib/systemd/system/ssh.service.
Created symlink /etc/systemd/system/multi-user.target.wants/ssh.service -> /lib/systemd/system/ssh.service.
Setting up libstdc++-12-dev:armhf (12.2.0-14+deb12u1) ...
Setting up libselinux1-dev:armhf (3.4-1+b6) ...
Setting up apache2 (2.4.67-1~deb12u2) ...
Enabling module mpm_event.
Enabling module authz_core.
Enabling module authz_host.
Enabling module authn_core.
Enabling module auth_basic.
Enabling module access_compat.
Enabling module authn_file.
Enabling module authz_user.
Enabling module alias.
Enabling module dir.
Enabling module autoindex.
Enabling module env.
Enabling module mime.
Enabling module negotiation.
Enabling module setenvif.
Enabling module filter.
Enabling module deflate.
Enabling module status.
Enabling module reqtimeout.
Enabling conf charset.
Enabling conf localized-error-pages.
Enabling conf other-vhosts-access-log.
Enabling conf security.
Enabling conf serve-cgi-bin.
Enabling site 000-default.
Running in chroot, ignoring request.
invoke-rc.d: policy-rc.d denied execution of start.
Created symlink /etc/systemd/system/multi-user.target.wants/apache2.service -> /lib/systemd/system/apache2.service.
Created symlink /etc/systemd/system/multi-user.target.wants/apache-htcacheclean.service -> /lib/systemd/system/apache-htcacheclean.service.
Setting up python3 (3.11.2-1+b1) ...
Setting up pulseaudio (16.1+dfsg1-2+b1) ...
Running in chroot, ignoring request.
Running in chroot, ignoring request.
Created symlink /etc/systemd/user/default.target.wants/pulseaudio.service -> /usr/lib/systemd/user/pulseaudio.service.
Created symlink /etc/systemd/user/sockets.target.wants/pulseaudio.socket -> /usr/lib/systemd/user/pulseaudio.socket.
Running in chroot, ignoring request.
invoke-rc.d: policy-rc.d denied execution of start.
Setting up uuid-dev:armhf (2.38.1-5+deb12u3) ...
Setting up zlib1g-dev:armhf (1:1.2.13.dfsg-1) ...
Setting up libmicrohttpd-dev:armhf (0.9.75-6) ...
Setting up python3-lib2to3 (3.11.2-3) ...
Setting up g++-12 (12.2.0-14+deb12u1) ...
Setting up python3-distutils (3.11.2-3) ...
Setting up libglib2.0-dev-bin (2.74.6-2+deb12u9) ...
Setting up libblkid-dev:armhf (2.38.1-5+deb12u3) ...
Setting up python3-dbus (1.3.2-4+b1) ...
Setting up python3-apt (2.6.0) ...
Setting up python3-ntp (1.2.2+dfsg1-1+deb12u1) ...
Setting up command-not-found (23.04.0-1) ...
Setting up jackd2 (1.9.21~dfsg-3) ...
Setting up ntpsec-ntpdig (1.2.2+dfsg1-1+deb12u1) ...
Setting up g++ (4:12.2.0-3) ...
update-alternatives: using /usr/bin/g++ to provide /usr/bin/c++ (c++) in auto mode
Setting up build-essential (12.9) ...
Setting up libmount-dev:armhf (2.38.1-5+deb12u3) ...
Setting up ntpsec-ntpdate (1.2.2+dfsg1-1+deb12u1) ...
Setting up ntpdate (1:4.2.8p15+dfsg-2~1.2.2+dfsg1-1+deb12u1) ...
Setting up libglib2.0-dev:armhf (2.74.6-2+deb12u9) ...
Setting up libpulse-dev:armhf (16.1+dfsg1-2+b1) ...
Processing triggers for libc-bin (2.36-9+deb12u14) ...
Processing triggers for ca-certificates (20230311+deb12u1) ...
Updating certificates in /etc/ssl/certs...
0 added, 0 removed; done.
Running hooks in /etc/ca-certificates/update.d...
done.
Processing triggers for initramfs-tools (0.142+deb12u3) ...
