2026-05-21 15:18:31 startup archives install
2026-05-21 15:18:31 install base-passwd:armhf <none> 3.6.1
2026-05-21 15:18:31 status half-installed base-passwd:armhf 3.6.1
2026-05-21 15:18:31 status unpacked base-passwd:armhf 3.6.1
2026-05-21 15:18:32 configure base-passwd:armhf 3.6.1 3.6.1
2026-05-21 15:18:32 status half-configured base-passwd:armhf 3.6.1
2026-05-21 15:18:33 status installed base-passwd:armhf 3.6.1
2026-05-21 15:18:33 startup archives install
2026-05-21 15:18:33 install base-files:armhf <none> 12.4+deb12u14
2026-05-21 15:18:33 status half-installed base-files:armhf 12.4+deb12u14
2026-05-21 15:18:34 status unpacked base-files:armhf 12.4+deb12u14
2026-05-21 15:18:34 configure base-files:armhf 12.4+deb12u14 12.4+deb12u14
2026-05-21 15:18:34 status half-configured base-files:armhf 12.4+deb12u14
2026-05-21 15:18:36 status installed base-files:armhf 12.4+deb12u14
2026-05-21 15:18:37 startup archives install
2026-05-21 15:18:37 upgrade dpkg 1.21.23 1.21.23
2026-05-21 15:18:37 status half-configured dpkg 1.21.23
2026-05-21 15:18:37 status unpacked dpkg 1.21.23
2026-05-21 15:18:37 status half-installed dpkg 1.21.23
2026-05-21 15:18:40 status unpacked dpkg:armhf 1.21.23
2026-05-21 15:18:40 configure dpkg:armhf 1.21.23 1.21.23
2026-05-21 15:18:40 status half-configured dpkg:armhf 1.21.23
2026-05-21 15:18:42 status installed dpkg:armhf 1.21.23
2026-05-21 15:18:43 startup archives install
2026-05-21 15:18:43 install libc6:armhf <none> 2.36-9+deb12u14
2026-05-21 15:18:43 status half-installed libc6:armhf 2.36-9+deb12u14
2026-05-21 15:18:46 status unpacked libc6:armhf 2.36-9+deb12u14
2026-05-21 15:18:46 configure libc6:armhf 2.36-9+deb12u14 2.36-9+deb12u14
2026-05-21 15:18:47 status half-configured libc6:armhf 2.36-9+deb12u14
2026-05-21 15:18:48 status installed libc6:armhf 2.36-9+deb12u14
2026-05-21 15:18:48 startup archives install
2026-05-21 15:18:49 install perl-base:armhf <none> 5.36.0-7+deb12u3
2026-05-21 15:18:49 status half-installed perl-base:armhf 5.36.0-7+deb12u3
2026-05-21 15:18:50 status unpacked perl-base:armhf 5.36.0-7+deb12u3
2026-05-21 15:18:50 configure perl-base:armhf 5.36.0-7+deb12u3 5.36.0-7+deb12u3
2026-05-21 15:18:50 status half-configured perl-base:armhf 5.36.0-7+deb12u3
2026-05-21 15:18:51 status installed perl-base:armhf 5.36.0-7+deb12u3
2026-05-21 15:18:51 startup archives install
2026-05-21 15:18:52 install mawk:armhf <none> 1.3.4.20200120-3.1
2026-05-21 15:18:52 status half-installed mawk:armhf 1.3.4.20200120-3.1
2026-05-21 15:18:52 status unpacked mawk:armhf 1.3.4.20200120-3.1
2026-05-21 15:18:52 configure mawk:armhf 1.3.4.20200120-3.1 1.3.4.20200120-3.1
2026-05-21 15:18:52 status half-configured mawk:armhf 1.3.4.20200120-3.1
2026-05-21 15:18:52 status installed mawk:armhf 1.3.4.20200120-3.1
2026-05-21 15:18:54 startup archives unpack
2026-05-21 15:18:55 install adduser:all <none> 3.134
2026-05-21 15:18:55 status half-installed adduser:all 3.134
2026-05-21 15:18:55 status unpacked adduser:all 3.134
2026-05-21 15:18:56 install apt:armhf <none> 2.6.1
2026-05-21 15:18:56 status half-installed apt:armhf 2.6.1
2026-05-21 15:18:57 status unpacked apt:armhf 2.6.1
2026-05-21 15:18:58 upgrade base-files:armhf 12.4+deb12u14 12.4+deb12u14
2026-05-21 15:18:58 status half-configured base-files:armhf 12.4+deb12u14
2026-05-21 15:18:58 status unpacked base-files:armhf 12.4+deb12u14
2026-05-21 15:18:58 status half-installed base-files:armhf 12.4+deb12u14
2026-05-21 15:18:58 status unpacked base-files:armhf 12.4+deb12u14
2026-05-21 15:18:59 upgrade base-passwd:armhf 3.6.1 3.6.1
2026-05-21 15:18:59 status half-configured base-passwd:armhf 3.6.1
2026-05-21 15:18:59 status unpacked base-passwd:armhf 3.6.1
2026-05-21 15:18:59 status half-installed base-passwd:armhf 3.6.1
2026-05-21 15:18:59 status unpacked base-passwd:armhf 3.6.1
2026-05-21 15:19:00 install bash:armhf <none> 5.2.15-2+b13
2026-05-21 15:19:00 status half-installed bash:armhf 5.2.15-2+b13
2026-05-21 15:19:01 status unpacked bash:armhf 5.2.15-2+b13
2026-05-21 15:19:01 install bsdutils:armhf <none> 1:2.38.1-5+deb12u3
2026-05-21 15:19:01 status half-installed bsdutils:armhf 1:2.38.1-5+deb12u3
2026-05-21 15:19:01 status unpacked bsdutils:armhf 1:2.38.1-5+deb12u3
2026-05-21 15:19:02 install coreutils:armhf <none> 9.1-1
2026-05-21 15:19:02 status half-installed coreutils:armhf 9.1-1
2026-05-21 15:19:03 status unpacked coreutils:armhf 9.1-1
2026-05-21 15:19:04 install dash:armhf <none> 0.5.12-2
2026-05-21 15:19:04 status half-installed dash:armhf 0.5.12-2
2026-05-21 15:19:04 status unpacked dash:armhf 0.5.12-2
2026-05-21 15:19:05 install debconf:all <none> 1.5.82
2026-05-21 15:19:05 status half-installed debconf:all 1.5.82
2026-05-21 15:19:05 status unpacked debconf:all 1.5.82
2026-05-21 15:19:06 install debian-archive-keyring:all <none> 2023.3+deb12u2
2026-05-21 15:19:06 status half-installed debian-archive-keyring:all 2023.3+deb12u2
2026-05-21 15:19:10 status unpacked debian-archive-keyring:all 2023.3+deb12u2
2026-05-21 15:19:10 install debianutils:armhf <none> 5.7-0.5~deb12u1
2026-05-21 15:19:10 status half-installed debianutils:armhf 5.7-0.5~deb12u1
2026-05-21 15:19:10 status unpacked debianutils:armhf 5.7-0.5~deb12u1
2026-05-21 15:19:11 install diffutils:armhf <none> 1:3.8-4
2026-05-21 15:19:11 status half-installed diffutils:armhf 1:3.8-4
2026-05-21 15:19:11 status unpacked diffutils:armhf 1:3.8-4
2026-05-21 15:19:12 upgrade dpkg:armhf 1.21.23 1.21.23
2026-05-21 15:19:12 status half-configured dpkg:armhf 1.21.23
2026-05-21 15:19:12 status unpacked dpkg:armhf 1.21.23
2026-05-21 15:19:12 status half-installed dpkg:armhf 1.21.23
2026-05-21 15:19:13 status unpacked dpkg:armhf 1.21.23
2026-05-21 15:19:13 install e2fsprogs:armhf <none> 1.47.0-2+b2
2026-05-21 15:19:13 status half-installed e2fsprogs:armhf 1.47.0-2+b2
2026-05-21 15:19:14 status unpacked e2fsprogs:armhf 1.47.0-2+b2
2026-05-21 15:19:14 install findutils:armhf <none> 4.9.0-4
2026-05-21 15:19:14 status half-installed findutils:armhf 4.9.0-4
2026-05-21 15:19:14 status unpacked findutils:armhf 4.9.0-4
2026-05-21 15:19:15 install gcc-12-base:armhf <none> 12.2.0-14+deb12u1
2026-05-21 15:19:15 status half-installed gcc-12-base:armhf 12.2.0-14+deb12u1
2026-05-21 15:19:15 status unpacked gcc-12-base:armhf 12.2.0-14+deb12u1
2026-05-21 15:19:15 install gpgv:armhf <none> 2.2.40-1.1+deb12u2
2026-05-21 15:19:15 status half-installed gpgv:armhf 2.2.40-1.1+deb12u2
2026-05-21 15:19:16 status unpacked gpgv:armhf 2.2.40-1.1+deb12u2
2026-05-21 15:19:16 install grep:armhf <none> 3.8-5
2026-05-21 15:19:16 status half-installed grep:armhf 3.8-5
2026-05-21 15:19:17 status unpacked grep:armhf 3.8-5
2026-05-21 15:19:17 install gzip:armhf <none> 1.12-1
2026-05-21 15:19:17 status half-installed gzip:armhf 1.12-1
2026-05-21 15:19:17 status unpacked gzip:armhf 1.12-1
2026-05-21 15:19:18 install hostname:armhf <none> 3.23+nmu1
2026-05-21 15:19:18 status half-installed hostname:armhf 3.23+nmu1
2026-05-21 15:19:18 status unpacked hostname:armhf 3.23+nmu1
2026-05-21 15:19:18 install init-system-helpers:all <none> 1.65.2+deb12u1
2026-05-21 15:19:18 status half-installed init-system-helpers:all 1.65.2+deb12u1
2026-05-21 15:19:19 status unpacked init-system-helpers:all 1.65.2+deb12u1
2026-05-21 15:19:19 install libacl1:armhf <none> 2.3.1-3
2026-05-21 15:19:19 status half-installed libacl1:armhf 2.3.1-3
2026-05-21 15:19:19 status unpacked libacl1:armhf 2.3.1-3
2026-05-21 15:19:20 install libapt-pkg6.0:armhf <none> 2.6.1
2026-05-21 15:19:20 status half-installed libapt-pkg6.0:armhf 2.6.1
2026-05-21 15:19:21 status unpacked libapt-pkg6.0:armhf 2.6.1
2026-05-21 15:19:21 install libattr1:armhf <none> 1:2.5.1-4
2026-05-21 15:19:21 status half-installed libattr1:armhf 1:2.5.1-4
2026-05-21 15:19:21 status unpacked libattr1:armhf 1:2.5.1-4
2026-05-21 15:19:22 install libaudit-common:all <none> 1:3.0.9-1
2026-05-21 15:19:22 status half-installed libaudit-common:all 1:3.0.9-1
2026-05-21 15:19:22 status unpacked libaudit-common:all 1:3.0.9-1
2026-05-21 15:19:23 install libaudit1:armhf <none> 1:3.0.9-1
2026-05-21 15:19:23 status half-installed libaudit1:armhf 1:3.0.9-1
2026-05-21 15:19:23 status unpacked libaudit1:armhf 1:3.0.9-1
2026-05-21 15:19:23 install libblkid1:armhf <none> 2.38.1-5+deb12u3
2026-05-21 15:19:23 status half-installed libblkid1:armhf 2.38.1-5+deb12u3
2026-05-21 15:19:24 status unpacked libblkid1:armhf 2.38.1-5+deb12u3
2026-05-21 15:19:24 install libbz2-1.0:armhf <none> 1.0.8-5+b1
2026-05-21 15:19:24 status half-installed libbz2-1.0:armhf 1.0.8-5+b1
2026-05-21 15:19:24 status unpacked libbz2-1.0:armhf 1.0.8-5+b1
2026-05-21 15:19:25 install libc-bin:armhf <none> 2.36-9+deb12u14
2026-05-21 15:19:25 status half-installed libc-bin:armhf 2.36-9+deb12u14
2026-05-21 15:19:25 status unpacked libc-bin:armhf 2.36-9+deb12u14
2026-05-21 15:19:26 upgrade libc6:armhf 2.36-9+deb12u14 2.36-9+deb12u14
2026-05-21 15:19:26 status half-configured libc6:armhf 2.36-9+deb12u14
2026-05-21 15:19:26 status unpacked libc6:armhf 2.36-9+deb12u14
2026-05-21 15:19:26 status half-installed libc6:armhf 2.36-9+deb12u14
2026-05-21 15:19:29 status unpacked libc6:armhf 2.36-9+deb12u14
2026-05-21 15:19:29 install libcap-ng0:armhf <none> 0.8.3-1+b3
2026-05-21 15:19:29 status half-installed libcap-ng0:armhf 0.8.3-1+b3
2026-05-21 15:19:30 status unpacked libcap-ng0:armhf 0.8.3-1+b3
2026-05-21 15:19:30 install libcap2:armhf <none> 1:2.66-4+deb12u3+b1
2026-05-21 15:19:30 status half-installed libcap2:armhf 1:2.66-4+deb12u3+b1
2026-05-21 15:19:30 status unpacked libcap2:armhf 1:2.66-4+deb12u3+b1
2026-05-21 15:19:31 install libcom-err2:armhf <none> 1.47.0-2+b2
2026-05-21 15:19:31 status half-installed libcom-err2:armhf 1.47.0-2+b2
2026-05-21 15:19:31 status unpacked libcom-err2:armhf 1.47.0-2+b2
2026-05-21 15:19:32 install libcrypt1:armhf <none> 1:4.4.33-2
2026-05-21 15:19:32 status half-installed libcrypt1:armhf 1:4.4.33-2
2026-05-21 15:19:32 status unpacked libcrypt1:armhf 1:4.4.33-2
2026-05-21 15:19:33 install libdb5.3:armhf <none> 5.3.28+dfsg2-1
2026-05-21 15:19:33 status half-installed libdb5.3:armhf 5.3.28+dfsg2-1
2026-05-21 15:19:33 status unpacked libdb5.3:armhf 5.3.28+dfsg2-1
2026-05-21 15:19:34 install libdebconfclient0:armhf <none> 0.270
2026-05-21 15:19:34 status half-installed libdebconfclient0:armhf 0.270
2026-05-21 15:19:34 status unpacked libdebconfclient0:armhf 0.270
2026-05-21 15:19:34 install libext2fs2:armhf <none> 1.47.0-2+b2
2026-05-21 15:19:34 status half-installed libext2fs2:armhf 1.47.0-2+b2
2026-05-21 15:19:35 status unpacked libext2fs2:armhf 1.47.0-2+b2
2026-05-21 15:19:35 install libffi8:armhf <none> 3.4.4-1
2026-05-21 15:19:35 status half-installed libffi8:armhf 3.4.4-1
2026-05-21 15:19:35 status unpacked libffi8:armhf 3.4.4-1
2026-05-21 15:19:36 install libgcc-s1:armhf <none> 12.2.0-14+deb12u1
2026-05-21 15:19:36 status half-installed libgcc-s1:armhf 12.2.0-14+deb12u1
2026-05-21 15:19:36 status unpacked libgcc-s1:armhf 12.2.0-14+deb12u1
2026-05-21 15:19:37 install libgcrypt20:armhf <none> 1.10.1-3
2026-05-21 15:19:37 status half-installed libgcrypt20:armhf 1.10.1-3
2026-05-21 15:19:37 status unpacked libgcrypt20:armhf 1.10.1-3
2026-05-21 15:19:38 install libgmp10:armhf <none> 2:6.2.1+dfsg1-1.1
2026-05-21 15:19:38 status half-installed libgmp10:armhf 2:6.2.1+dfsg1-1.1
2026-05-21 15:19:38 status unpacked libgmp10:armhf 2:6.2.1+dfsg1-1.1
2026-05-21 15:19:39 install libgnutls30:armhf <none> 3.7.9-2+deb12u6
2026-05-21 15:19:39 status half-installed libgnutls30:armhf 3.7.9-2+deb12u6
2026-05-21 15:19:39 status unpacked libgnutls30:armhf 3.7.9-2+deb12u6
2026-05-21 15:19:40 install libgpg-error0:armhf <none> 1.46-1
2026-05-21 15:19:40 status half-installed libgpg-error0:armhf 1.46-1
2026-05-21 15:19:40 status unpacked libgpg-error0:armhf 1.46-1
2026-05-21 15:19:41 install libhogweed6:armhf <none> 3.8.1-2
2026-05-21 15:19:41 status half-installed libhogweed6:armhf 3.8.1-2
2026-05-21 15:19:41 status unpacked libhogweed6:armhf 3.8.1-2
2026-05-21 15:19:41 install libidn2-0:armhf <none> 2.3.3-1+b1
2026-05-21 15:19:41 status half-installed libidn2-0:armhf 2.3.3-1+b1
2026-05-21 15:19:42 status unpacked libidn2-0:armhf 2.3.3-1+b1
2026-05-21 15:19:42 install liblz4-1:armhf <none> 1.9.4-1
2026-05-21 15:19:42 status half-installed liblz4-1:armhf 1.9.4-1
2026-05-21 15:19:43 status unpacked liblz4-1:armhf 1.9.4-1
2026-05-21 15:19:43 install liblzma5:armhf <none> 5.4.1-1
2026-05-21 15:19:43 status half-installed liblzma5:armhf 5.4.1-1
2026-05-21 15:19:44 status unpacked liblzma5:armhf 5.4.1-1
2026-05-21 15:19:44 install libmd0:armhf <none> 1.0.4-2
2026-05-21 15:19:44 status half-installed libmd0:armhf 1.0.4-2
2026-05-21 15:19:44 status unpacked libmd0:armhf 1.0.4-2
2026-05-21 15:19:45 install libmount1:armhf <none> 2.38.1-5+deb12u3
2026-05-21 15:19:45 status half-installed libmount1:armhf 2.38.1-5+deb12u3
2026-05-21 15:19:45 status unpacked libmount1:armhf 2.38.1-5+deb12u3
2026-05-21 15:19:46 install libnettle8:armhf <none> 3.8.1-2
2026-05-21 15:19:46 status half-installed libnettle8:armhf 3.8.1-2
2026-05-21 15:19:46 status unpacked libnettle8:armhf 3.8.1-2
2026-05-21 15:19:47 install libp11-kit0:armhf <none> 0.24.1-2
2026-05-21 15:19:47 status half-installed libp11-kit0:armhf 0.24.1-2
2026-05-21 15:19:47 status unpacked libp11-kit0:armhf 0.24.1-2
2026-05-21 15:19:48 install libpam-modules:armhf <none> 1.5.2-6+deb12u2
2026-05-21 15:19:48 status half-installed libpam-modules:armhf 1.5.2-6+deb12u2
2026-05-21 15:19:49 status unpacked libpam-modules:armhf 1.5.2-6+deb12u2
2026-05-21 15:19:49 install libpam-modules-bin:armhf <none> 1.5.2-6+deb12u2
2026-05-21 15:19:49 status half-installed libpam-modules-bin:armhf 1.5.2-6+deb12u2
2026-05-21 15:19:50 status unpacked libpam-modules-bin:armhf 1.5.2-6+deb12u2
2026-05-21 15:19:50 install libpam-runtime:all <none> 1.5.2-6+deb12u2
2026-05-21 15:19:50 status half-installed libpam-runtime:all 1.5.2-6+deb12u2
2026-05-21 15:19:51 status unpacked libpam-runtime:all 1.5.2-6+deb12u2
2026-05-21 15:19:51 install libpam0g:armhf <none> 1.5.2-6+deb12u2
2026-05-21 15:19:51 status half-installed libpam0g:armhf 1.5.2-6+deb12u2
2026-05-21 15:19:52 status unpacked libpam0g:armhf 1.5.2-6+deb12u2
2026-05-21 15:19:52 install libpcre2-8-0:armhf <none> 10.42-1
2026-05-21 15:19:52 status half-installed libpcre2-8-0:armhf 10.42-1
2026-05-21 15:19:52 status unpacked libpcre2-8-0:armhf 10.42-1
2026-05-21 15:19:53 install libseccomp2:armhf <none> 2.5.4-1+deb12u1
2026-05-21 15:19:53 status half-installed libseccomp2:armhf 2.5.4-1+deb12u1
2026-05-21 15:19:53 status unpacked libseccomp2:armhf 2.5.4-1+deb12u1
2026-05-21 15:19:54 install libselinux1:armhf <none> 3.4-1+b6
2026-05-21 15:19:54 status half-installed libselinux1:armhf 3.4-1+b6
2026-05-21 15:19:54 status unpacked libselinux1:armhf 3.4-1+b6
2026-05-21 15:19:55 install libsemanage-common:all <none> 3.4-1
2026-05-21 15:19:55 status half-installed libsemanage-common:all 3.4-1
2026-05-21 15:19:55 status unpacked libsemanage-common:all 3.4-1
2026-05-21 15:19:56 install libsemanage2:armhf <none> 3.4-1+b5
2026-05-21 15:19:56 status half-installed libsemanage2:armhf 3.4-1+b5
2026-05-21 15:19:56 status unpacked libsemanage2:armhf 3.4-1+b5
2026-05-21 15:19:56 install libsepol2:armhf <none> 3.4-2.1
2026-05-21 15:19:56 status half-installed libsepol2:armhf 3.4-2.1
2026-05-21 15:19:57 status unpacked libsepol2:armhf 3.4-2.1
2026-05-21 15:19:57 install libsmartcols1:armhf <none> 2.38.1-5+deb12u3
2026-05-21 15:19:57 status half-installed libsmartcols1:armhf 2.38.1-5+deb12u3
2026-05-21 15:19:58 status unpacked libsmartcols1:armhf 2.38.1-5+deb12u3
2026-05-21 15:19:58 install libss2:armhf <none> 1.47.0-2+b2
2026-05-21 15:19:58 status half-installed libss2:armhf 1.47.0-2+b2
2026-05-21 15:19:58 status unpacked libss2:armhf 1.47.0-2+b2
2026-05-21 15:19:59 install libstdc++6:armhf <none> 12.2.0-14+deb12u1
2026-05-21 15:19:59 status half-installed libstdc++6:armhf 12.2.0-14+deb12u1
2026-05-21 15:20:00 status unpacked libstdc++6:armhf 12.2.0-14+deb12u1
2026-05-21 15:20:00 install libsystemd0:armhf <none> 252.39-1~deb12u2
2026-05-21 15:20:00 status half-installed libsystemd0:armhf 252.39-1~deb12u2
2026-05-21 15:20:00 status unpacked libsystemd0:armhf 252.39-1~deb12u2
2026-05-21 15:20:01 install libtasn1-6:armhf <none> 4.19.0-2+deb12u1
2026-05-21 15:20:01 status half-installed libtasn1-6:armhf 4.19.0-2+deb12u1
2026-05-21 15:20:01 status unpacked libtasn1-6:armhf 4.19.0-2+deb12u1
2026-05-21 15:20:02 install libtinfo6:armhf <none> 6.4-4
2026-05-21 15:20:02 status half-installed libtinfo6:armhf 6.4-4
2026-05-21 15:20:02 status unpacked libtinfo6:armhf 6.4-4
2026-05-21 15:20:03 install libudev1:armhf <none> 252.39-1~deb12u2
2026-05-21 15:20:03 status half-installed libudev1:armhf 252.39-1~deb12u2
2026-05-21 15:20:03 status unpacked libudev1:armhf 252.39-1~deb12u2
2026-05-21 15:20:03 install libunistring2:armhf <none> 1.0-2
2026-05-21 15:20:03 status half-installed libunistring2:armhf 1.0-2
2026-05-21 15:20:04 status unpacked libunistring2:armhf 1.0-2
2026-05-21 15:20:04 install libuuid1:armhf <none> 2.38.1-5+deb12u3
2026-05-21 15:20:04 status half-installed libuuid1:armhf 2.38.1-5+deb12u3
2026-05-21 15:20:05 status unpacked libuuid1:armhf 2.38.1-5+deb12u3
2026-05-21 15:20:05 install libxxhash0:armhf <none> 0.8.1-1
2026-05-21 15:20:05 status half-installed libxxhash0:armhf 0.8.1-1
2026-05-21 15:20:06 status unpacked libxxhash0:armhf 0.8.1-1
2026-05-21 15:20:06 install libzstd1:armhf <none> 1.5.4+dfsg2-5
2026-05-21 15:20:06 status half-installed libzstd1:armhf 1.5.4+dfsg2-5
2026-05-21 15:20:06 status unpacked libzstd1:armhf 1.5.4+dfsg2-5
2026-05-21 15:20:07 install login:armhf <none> 1:4.13+dfsg1-1+deb12u2
2026-05-21 15:20:07 status half-installed login:armhf 1:4.13+dfsg1-1+deb12u2
2026-05-21 15:20:08 status unpacked login:armhf 1:4.13+dfsg1-1+deb12u2
2026-05-21 15:20:08 install logsave:armhf <none> 1.47.0-2+b2
2026-05-21 15:20:08 status half-installed logsave:armhf 1.47.0-2+b2
2026-05-21 15:20:09 status unpacked logsave:armhf 1.47.0-2+b2
2026-05-21 15:20:09 upgrade mawk:armhf 1.3.4.20200120-3.1 1.3.4.20200120-3.1
2026-05-21 15:20:09 status half-configured mawk:armhf 1.3.4.20200120-3.1
2026-05-21 15:20:09 status unpacked mawk:armhf 1.3.4.20200120-3.1
2026-05-21 15:20:09 status half-installed mawk:armhf 1.3.4.20200120-3.1
2026-05-21 15:20:10 status unpacked mawk:armhf 1.3.4.20200120-3.1
2026-05-21 15:20:10 install mount:armhf <none> 2.38.1-5+deb12u3
2026-05-21 15:20:10 status half-installed mount:armhf 2.38.1-5+deb12u3
2026-05-21 15:20:10 status unpacked mount:armhf 2.38.1-5+deb12u3
2026-05-21 15:20:11 install ncurses-base:all <none> 6.4-4
2026-05-21 15:20:11 status half-installed ncurses-base:all 6.4-4
2026-05-21 15:20:11 status unpacked ncurses-base:all 6.4-4
2026-05-21 15:20:12 install ncurses-bin:armhf <none> 6.4-4
2026-05-21 15:20:12 status half-installed ncurses-bin:armhf 6.4-4
2026-05-21 15:20:12 status unpacked ncurses-bin:armhf 6.4-4
2026-05-21 15:20:13 install passwd:armhf <none> 1:4.13+dfsg1-1+deb12u2
2026-05-21 15:20:13 status half-installed passwd:armhf 1:4.13+dfsg1-1+deb12u2
2026-05-21 15:20:13 status unpacked passwd:armhf 1:4.13+dfsg1-1+deb12u2
2026-05-21 15:20:14 upgrade perl-base:armhf 5.36.0-7+deb12u3 5.36.0-7+deb12u3
2026-05-21 15:20:14 status half-configured perl-base:armhf 5.36.0-7+deb12u3
2026-05-21 15:20:14 status unpacked perl-base:armhf 5.36.0-7+deb12u3
2026-05-21 15:20:14 status half-installed perl-base:armhf 5.36.0-7+deb12u3
2026-05-21 15:20:16 status unpacked perl-base:armhf 5.36.0-7+deb12u3
2026-05-21 15:20:16 install sed:armhf <none> 4.9-1+deb12u1
2026-05-21 15:20:16 status half-installed sed:armhf 4.9-1+deb12u1
2026-05-21 15:20:17 status unpacked sed:armhf 4.9-1+deb12u1
2026-05-21 15:20:17 install sysvinit-utils:armhf <none> 3.06-4
2026-05-21 15:20:17 status half-installed sysvinit-utils:armhf 3.06-4
2026-05-21 15:20:18 status unpacked sysvinit-utils:armhf 3.06-4
2026-05-21 15:20:18 install tar:armhf <none> 1.34+dfsg-1.2+deb12u1
2026-05-21 15:20:18 status half-installed tar:armhf 1.34+dfsg-1.2+deb12u1
2026-05-21 15:20:19 status unpacked tar:armhf 1.34+dfsg-1.2+deb12u1
2026-05-21 15:20:19 install tzdata:all <none> 2026b-0+deb12u1
2026-05-21 15:20:19 status half-installed tzdata:all 2026b-0+deb12u1
2026-05-21 15:20:23 status unpacked tzdata:all 2026b-0+deb12u1
2026-05-21 15:20:23 install usr-is-merged:all <none> 37~deb12u1
2026-05-21 15:20:23 status half-installed usr-is-merged:all 37~deb12u1
2026-05-21 15:20:24 status unpacked usr-is-merged:all 37~deb12u1
2026-05-21 15:20:24 install util-linux:armhf <none> 2.38.1-5+deb12u3
2026-05-21 15:20:24 status half-installed util-linux:armhf 2.38.1-5+deb12u3
2026-05-21 15:20:25 status unpacked util-linux:armhf 2.38.1-5+deb12u3
2026-05-21 15:20:25 install util-linux-extra:armhf <none> 2.38.1-5+deb12u3
2026-05-21 15:20:25 status half-installed util-linux-extra:armhf 2.38.1-5+deb12u3
2026-05-21 15:20:26 status unpacked util-linux-extra:armhf 2.38.1-5+deb12u3
2026-05-21 15:20:26 install zlib1g:armhf <none> 1:1.2.13.dfsg-1
2026-05-21 15:20:26 status half-installed zlib1g:armhf 1:1.2.13.dfsg-1
2026-05-21 15:20:27 status unpacked zlib1g:armhf 1:1.2.13.dfsg-1
2026-05-21 15:20:27 startup packages configure
2026-05-21 15:20:27 configure debian-archive-keyring:all 2023.3+deb12u2 <none>
2026-05-21 15:20:27 status unpacked debian-archive-keyring:all 2023.3+deb12u2
2026-05-21 15:20:28 status half-configured debian-archive-keyring:all 2023.3+deb12u2
2026-05-21 15:20:32 status installed debian-archive-keyring:all 2023.3+deb12u2
2026-05-21 15:20:32 configure usr-is-merged:all 37~deb12u1 <none>
2026-05-21 15:20:32 status unpacked usr-is-merged:all 37~deb12u1
2026-05-21 15:20:32 status half-configured usr-is-merged:all 37~deb12u1
2026-05-21 15:20:32 status installed usr-is-merged:all 37~deb12u1
2026-05-21 15:20:32 configure libaudit-common:all 1:3.0.9-1 <none>
2026-05-21 15:20:32 status unpacked libaudit-common:all 1:3.0.9-1
2026-05-21 15:20:32 status half-configured libaudit-common:all 1:3.0.9-1
2026-05-21 15:20:32 status installed libaudit-common:all 1:3.0.9-1
2026-05-21 15:20:32 configure libsemanage-common:all 3.4-1 <none>
2026-05-21 15:20:32 status unpacked libsemanage-common:all 3.4-1
2026-05-21 15:20:32 status half-configured libsemanage-common:all 3.4-1
2026-05-21 15:20:32 status installed libsemanage-common:all 3.4-1
2026-05-21 15:20:32 configure debconf:all 1.5.82 <none>
2026-05-21 15:20:32 status unpacked debconf:all 1.5.82
2026-05-21 15:20:33 status half-configured debconf:all 1.5.82
2026-05-21 15:20:34 status installed debconf:all 1.5.82
2026-05-21 15:20:34 configure gcc-12-base:armhf 12.2.0-14+deb12u1 <none>
2026-05-21 15:20:34 status unpacked gcc-12-base:armhf 12.2.0-14+deb12u1
2026-05-21 15:20:34 status half-configured gcc-12-base:armhf 12.2.0-14+deb12u1
2026-05-21 15:20:34 status installed gcc-12-base:armhf 12.2.0-14+deb12u1
2026-05-21 15:20:34 configure tzdata:all 2026b-0+deb12u1 <none>
2026-05-21 15:20:34 status unpacked tzdata:all 2026b-0+deb12u1
2026-05-21 15:20:34 status half-configured tzdata:all 2026b-0+deb12u1
2026-05-21 15:20:38 status installed tzdata:all 2026b-0+deb12u1
2026-05-21 15:20:38 configure ncurses-base:all 6.4-4 <none>
2026-05-21 15:20:38 status unpacked ncurses-base:all 6.4-4
2026-05-21 15:20:38 status half-configured ncurses-base:all 6.4-4
2026-05-21 15:20:38 status installed ncurses-base:all 6.4-4
2026-05-21 15:20:38 configure init-system-helpers:all 1.65.2+deb12u1 <none>
2026-05-21 15:20:38 status unpacked init-system-helpers:all 1.65.2+deb12u1
2026-05-21 15:20:38 status half-configured init-system-helpers:all 1.65.2+deb12u1
2026-05-21 15:20:39 status installed init-system-helpers:all 1.65.2+deb12u1
2026-05-21 15:20:39 configure libgcc-s1:armhf 12.2.0-14+deb12u1 <none>
2026-05-21 15:20:39 status unpacked libgcc-s1:armhf 12.2.0-14+deb12u1
2026-05-21 15:20:39 status half-configured libgcc-s1:armhf 12.2.0-14+deb12u1
2026-05-21 15:20:39 status installed libgcc-s1:armhf 12.2.0-14+deb12u1
2026-05-21 15:20:39 configure libc6:armhf 2.36-9+deb12u14 <none>
2026-05-21 15:20:39 status unpacked libc6:armhf 2.36-9+deb12u14
2026-05-21 15:20:39 status half-configured libc6:armhf 2.36-9+deb12u14
2026-05-21 15:20:40 status installed libc6:armhf 2.36-9+deb12u14
2026-05-21 15:20:40 configure libudev1:armhf 252.39-1~deb12u2 <none>
2026-05-21 15:20:40 status unpacked libudev1:armhf 252.39-1~deb12u2
2026-05-21 15:20:41 status half-configured libudev1:armhf 252.39-1~deb12u2
2026-05-21 15:20:41 status installed libudev1:armhf 252.39-1~deb12u2
2026-05-21 15:20:41 configure libffi8:armhf 3.4.4-1 <none>
2026-05-21 15:20:41 status unpacked libffi8:armhf 3.4.4-1
2026-05-21 15:20:41 status half-configured libffi8:armhf 3.4.4-1
2026-05-21 15:20:41 status installed libffi8:armhf 3.4.4-1
2026-05-21 15:20:41 configure libmd0:armhf 1.0.4-2 <none>
2026-05-21 15:20:41 status unpacked libmd0:armhf 1.0.4-2
2026-05-21 15:20:41 status half-configured libmd0:armhf 1.0.4-2
2026-05-21 15:20:41 status installed libmd0:armhf 1.0.4-2
2026-05-21 15:20:41 configure libxxhash0:armhf 0.8.1-1 <none>
2026-05-21 15:20:41 status unpacked libxxhash0:armhf 0.8.1-1
2026-05-21 15:20:41 status half-configured libxxhash0:armhf 0.8.1-1
2026-05-21 15:20:41 status installed libxxhash0:armhf 0.8.1-1
2026-05-21 15:20:41 configure libattr1:armhf 1:2.5.1-4 <none>
2026-05-21 15:20:41 status unpacked libattr1:armhf 1:2.5.1-4
2026-05-21 15:20:41 status half-configured libattr1:armhf 1:2.5.1-4
2026-05-21 15:20:41 status installed libattr1:armhf 1:2.5.1-4
2026-05-21 15:20:41 configure sysvinit-utils:armhf 3.06-4 <none>
2026-05-21 15:20:41 status unpacked sysvinit-utils:armhf 3.06-4
2026-05-21 15:20:41 status half-configured sysvinit-utils:armhf 3.06-4
2026-05-21 15:20:41 status installed sysvinit-utils:armhf 3.06-4
2026-05-21 15:20:41 configure libtasn1-6:armhf 4.19.0-2+deb12u1 <none>
2026-05-21 15:20:41 status unpacked libtasn1-6:armhf 4.19.0-2+deb12u1
2026-05-21 15:20:41 status half-configured libtasn1-6:armhf 4.19.0-2+deb12u1
2026-05-21 15:20:41 status installed libtasn1-6:armhf 4.19.0-2+deb12u1
2026-05-21 15:20:41 configure debianutils:armhf 5.7-0.5~deb12u1 <none>
2026-05-21 15:20:41 status unpacked debianutils:armhf 5.7-0.5~deb12u1
2026-05-21 15:20:42 status half-configured debianutils:armhf 5.7-0.5~deb12u1
2026-05-21 15:20:44 status installed debianutils:armhf 5.7-0.5~deb12u1
2026-05-21 15:20:44 configure mawk:armhf 1.3.4.20200120-3.1 <none>
2026-05-21 15:20:44 status unpacked mawk:armhf 1.3.4.20200120-3.1
2026-05-21 15:20:44 status half-configured mawk:armhf 1.3.4.20200120-3.1
2026-05-21 15:20:44 status installed mawk:armhf 1.3.4.20200120-3.1
2026-05-21 15:20:44 configure libdebconfclient0:armhf 0.270 <none>
2026-05-21 15:20:44 status unpacked libdebconfclient0:armhf 0.270
2026-05-21 15:20:44 status half-configured libdebconfclient0:armhf 0.270
2026-05-21 15:20:44 status installed libdebconfclient0:armhf 0.270
2026-05-21 15:20:44 configure base-files:armhf 12.4+deb12u14 <none>
2026-05-21 15:20:44 status unpacked base-files:armhf 12.4+deb12u14
2026-05-21 15:20:45 status half-configured base-files:armhf 12.4+deb12u14
2026-05-21 15:20:45 status installed base-files:armhf 12.4+deb12u14
2026-05-21 15:20:45 configure libbz2-1.0:armhf 1.0.8-5+b1 <none>
2026-05-21 15:20:45 status unpacked libbz2-1.0:armhf 1.0.8-5+b1
2026-05-21 15:20:45 status half-configured libbz2-1.0:armhf 1.0.8-5+b1
2026-05-21 15:20:45 status installed libbz2-1.0:armhf 1.0.8-5+b1
2026-05-21 15:20:45 configure libdb5.3:armhf 5.3.28+dfsg2-1 <none>
2026-05-21 15:20:45 status unpacked libdb5.3:armhf 5.3.28+dfsg2-1
2026-05-21 15:20:45 status half-configured libdb5.3:armhf 5.3.28+dfsg2-1
2026-05-21 15:20:45 status installed libdb5.3:armhf 5.3.28+dfsg2-1
2026-05-21 15:20:46 configure libblkid1:armhf 2.38.1-5+deb12u3 <none>
2026-05-21 15:20:46 status unpacked libblkid1:armhf 2.38.1-5+deb12u3
2026-05-21 15:20:46 status half-configured libblkid1:armhf 2.38.1-5+deb12u3
2026-05-21 15:20:46 status installed libblkid1:armhf 2.38.1-5+deb12u3
2026-05-21 15:20:46 configure libstdc++6:armhf 12.2.0-14+deb12u1 <none>
2026-05-21 15:20:46 status unpacked libstdc++6:armhf 12.2.0-14+deb12u1
2026-05-21 15:20:46 status half-configured libstdc++6:armhf 12.2.0-14+deb12u1
2026-05-21 15:20:46 status installed libstdc++6:armhf 12.2.0-14+deb12u1
2026-05-21 15:20:46 configure libtinfo6:armhf 6.4-4 <none>
2026-05-21 15:20:46 status unpacked libtinfo6:armhf 6.4-4
2026-05-21 15:20:46 status half-configured libtinfo6:armhf 6.4-4
2026-05-21 15:20:46 status installed libtinfo6:armhf 6.4-4
2026-05-21 15:20:46 configure bash:armhf 5.2.15-2+b13 <none>
2026-05-21 15:20:46 status unpacked bash:armhf 5.2.15-2+b13
2026-05-21 15:20:46 status half-configured bash:armhf 5.2.15-2+b13
2026-05-21 15:20:47 status installed bash:armhf 5.2.15-2+b13
2026-05-21 15:20:47 configure libzstd1:armhf 1.5.4+dfsg2-5 <none>
2026-05-21 15:20:47 status unpacked libzstd1:armhf 1.5.4+dfsg2-5
2026-05-21 15:20:47 status half-configured libzstd1:armhf 1.5.4+dfsg2-5
2026-05-21 15:20:47 status installed libzstd1:armhf 1.5.4+dfsg2-5
2026-05-21 15:20:47 configure liblzma5:armhf 5.4.1-1 <none>
2026-05-21 15:20:47 status unpacked liblzma5:armhf 5.4.1-1
2026-05-21 15:20:47 status half-configured liblzma5:armhf 5.4.1-1
2026-05-21 15:20:47 status installed liblzma5:armhf 5.4.1-1
2026-05-21 15:20:47 configure libgpg-error0:armhf 1.46-1 <none>
2026-05-21 15:20:47 status unpacked libgpg-error0:armhf 1.46-1
2026-05-21 15:20:47 status half-configured libgpg-error0:armhf 1.46-1
2026-05-21 15:20:47 status installed libgpg-error0:armhf 1.46-1
2026-05-21 15:20:47 configure liblz4-1:armhf 1.9.4-1 <none>
2026-05-21 15:20:47 status unpacked liblz4-1:armhf 1.9.4-1
2026-05-21 15:20:47 status half-configured liblz4-1:armhf 1.9.4-1
2026-05-21 15:20:47 status installed liblz4-1:armhf 1.9.4-1
2026-05-21 15:20:47 configure libc-bin:armhf 2.36-9+deb12u14 <none>
2026-05-21 15:20:47 status unpacked libc-bin:armhf 2.36-9+deb12u14
2026-05-21 15:20:48 status half-configured libc-bin:armhf 2.36-9+deb12u14
2026-05-21 15:20:48 status installed libc-bin:armhf 2.36-9+deb12u14
2026-05-21 15:20:48 configure ncurses-bin:armhf 6.4-4 <none>
2026-05-21 15:20:48 status unpacked ncurses-bin:armhf 6.4-4
2026-05-21 15:20:48 status half-configured ncurses-bin:armhf 6.4-4
2026-05-21 15:20:48 status installed ncurses-bin:armhf 6.4-4
2026-05-21 15:20:48 configure libacl1:armhf 2.3.1-3 <none>
2026-05-21 15:20:48 status triggers-pending libc-bin:armhf 2.36-9+deb12u14
2026-05-21 15:20:48 status unpacked libacl1:armhf 2.3.1-3
2026-05-21 15:20:48 status half-configured libacl1:armhf 2.3.1-3
2026-05-21 15:20:48 status installed libacl1:armhf 2.3.1-3
2026-05-21 15:20:48 configure libunistring2:armhf 1.0-2 <none>
2026-05-21 15:20:48 status unpacked libunistring2:armhf 1.0-2
2026-05-21 15:20:48 status half-configured libunistring2:armhf 1.0-2
2026-05-21 15:20:48 status installed libunistring2:armhf 1.0-2
2026-05-21 15:20:48 configure libsmartcols1:armhf 2.38.1-5+deb12u3 <none>
2026-05-21 15:20:48 status unpacked libsmartcols1:armhf 2.38.1-5+deb12u3
2026-05-21 15:20:48 status half-configured libsmartcols1:armhf 2.38.1-5+deb12u3
2026-05-21 15:20:49 status installed libsmartcols1:armhf 2.38.1-5+deb12u3
2026-05-21 15:20:49 configure libgcrypt20:armhf 1.10.1-3 <none>
2026-05-21 15:20:49 status unpacked libgcrypt20:armhf 1.10.1-3
2026-05-21 15:20:49 status half-configured libgcrypt20:armhf 1.10.1-3
2026-05-21 15:20:49 status installed libgcrypt20:armhf 1.10.1-3
2026-05-21 15:20:49 configure zlib1g:armhf 1:1.2.13.dfsg-1 <none>
2026-05-21 15:20:49 status unpacked zlib1g:armhf 1:1.2.13.dfsg-1
2026-05-21 15:20:49 status half-configured zlib1g:armhf 1:1.2.13.dfsg-1
2026-05-21 15:20:49 status installed zlib1g:armhf 1:1.2.13.dfsg-1
2026-05-21 15:20:49 configure libcrypt1:armhf 1:4.4.33-2 <none>
2026-05-21 15:20:49 status unpacked libcrypt1:armhf 1:4.4.33-2
2026-05-21 15:20:49 status half-configured libcrypt1:armhf 1:4.4.33-2
2026-05-21 15:20:49 status installed libcrypt1:armhf 1:4.4.33-2
2026-05-21 15:20:49 configure libidn2-0:armhf 2.3.3-1+b1 <none>
2026-05-21 15:20:49 status unpacked libidn2-0:armhf 2.3.3-1+b1
2026-05-21 15:20:49 status half-configured libidn2-0:armhf 2.3.3-1+b1
2026-05-21 15:20:49 status installed libidn2-0:armhf 2.3.3-1+b1
2026-05-21 15:20:49 configure libcom-err2:armhf 1.47.0-2+b2 <none>
2026-05-21 15:20:49 status unpacked libcom-err2:armhf 1.47.0-2+b2
2026-05-21 15:20:49 status half-configured libcom-err2:armhf 1.47.0-2+b2
2026-05-21 15:20:49 status installed libcom-err2:armhf 1.47.0-2+b2
2026-05-21 15:20:49 configure diffutils:armhf 1:3.8-4 <none>
2026-05-21 15:20:49 status unpacked diffutils:armhf 1:3.8-4
2026-05-21 15:20:49 status half-configured diffutils:armhf 1:3.8-4
2026-05-21 15:20:49 status installed diffutils:armhf 1:3.8-4
2026-05-21 15:20:49 configure libseccomp2:armhf 2.5.4-1+deb12u1 <none>
2026-05-21 15:20:49 status unpacked libseccomp2:armhf 2.5.4-1+deb12u1
2026-05-21 15:20:50 status half-configured libseccomp2:armhf 2.5.4-1+deb12u1
2026-05-21 15:20:50 status installed libseccomp2:armhf 2.5.4-1+deb12u1
2026-05-21 15:20:50 configure libcap2:armhf 1:2.66-4+deb12u3+b1 <none>
2026-05-21 15:20:50 status unpacked libcap2:armhf 1:2.66-4+deb12u3+b1
2026-05-21 15:20:50 status half-configured libcap2:armhf 1:2.66-4+deb12u3+b1
2026-05-21 15:20:50 status installed libcap2:armhf 1:2.66-4+deb12u3+b1
2026-05-21 15:20:50 configure hostname:armhf 3.23+nmu1 <none>
2026-05-21 15:20:50 status unpacked hostname:armhf 3.23+nmu1
2026-05-21 15:20:50 status half-configured hostname:armhf 3.23+nmu1
2026-05-21 15:20:50 status installed hostname:armhf 3.23+nmu1
2026-05-21 15:20:50 configure libcap-ng0:armhf 0.8.3-1+b3 <none>
2026-05-21 15:20:50 status unpacked libcap-ng0:armhf 0.8.3-1+b3
2026-05-21 15:20:50 status half-configured libcap-ng0:armhf 0.8.3-1+b3
2026-05-21 15:20:50 status installed libcap-ng0:armhf 0.8.3-1+b3
2026-05-21 15:20:50 configure libext2fs2:armhf 1.47.0-2+b2 <none>
2026-05-21 15:20:50 status unpacked libext2fs2:armhf 1.47.0-2+b2
2026-05-21 15:20:50 status half-configured libext2fs2:armhf 1.47.0-2+b2
2026-05-21 15:20:50 status installed libext2fs2:armhf 1.47.0-2+b2
2026-05-21 15:20:50 configure libnettle8:armhf 3.8.1-2 <none>
2026-05-21 15:20:50 status unpacked libnettle8:armhf 3.8.1-2
2026-05-21 15:20:50 status half-configured libnettle8:armhf 3.8.1-2
2026-05-21 15:20:50 status installed libnettle8:armhf 3.8.1-2
2026-05-21 15:20:50 configure libgmp10:armhf 2:6.2.1+dfsg1-1.1 <none>
2026-05-21 15:20:50 status unpacked libgmp10:armhf 2:6.2.1+dfsg1-1.1
2026-05-21 15:20:50 status half-configured libgmp10:armhf 2:6.2.1+dfsg1-1.1
2026-05-21 15:20:50 status installed libgmp10:armhf 2:6.2.1+dfsg1-1.1
2026-05-21 15:20:51 configure libp11-kit0:armhf 0.24.1-2 <none>
2026-05-21 15:20:51 status unpacked libp11-kit0:armhf 0.24.1-2
2026-05-21 15:20:51 status half-configured libp11-kit0:armhf 0.24.1-2
2026-05-21 15:20:51 status installed libp11-kit0:armhf 0.24.1-2
2026-05-21 15:20:51 configure libaudit1:armhf 1:3.0.9-1 <none>
2026-05-21 15:20:51 status unpacked libaudit1:armhf 1:3.0.9-1
2026-05-21 15:20:51 status half-configured libaudit1:armhf 1:3.0.9-1
2026-05-21 15:20:51 status installed libaudit1:armhf 1:3.0.9-1
2026-05-21 15:20:51 configure libuuid1:armhf 2.38.1-5+deb12u3 <none>
2026-05-21 15:20:51 status unpacked libuuid1:armhf 2.38.1-5+deb12u3
2026-05-21 15:20:51 status half-configured libuuid1:armhf 2.38.1-5+deb12u3
2026-05-21 15:20:51 status installed libuuid1:armhf 2.38.1-5+deb12u3
2026-05-21 15:20:51 configure libss2:armhf 1.47.0-2+b2 <none>
2026-05-21 15:20:51 status unpacked libss2:armhf 1.47.0-2+b2
2026-05-21 15:20:51 status half-configured libss2:armhf 1.47.0-2+b2
2026-05-21 15:20:51 status installed libss2:armhf 1.47.0-2+b2
2026-05-21 15:20:51 configure libsepol2:armhf 3.4-2.1 <none>
2026-05-21 15:20:51 status unpacked libsepol2:armhf 3.4-2.1
2026-05-21 15:20:51 status half-configured libsepol2:armhf 3.4-2.1
2026-05-21 15:20:51 status installed libsepol2:armhf 3.4-2.1
2026-05-21 15:20:51 configure libpcre2-8-0:armhf 10.42-1 <none>
2026-05-21 15:20:51 status unpacked libpcre2-8-0:armhf 10.42-1
2026-05-21 15:20:51 status half-configured libpcre2-8-0:armhf 10.42-1
2026-05-21 15:20:51 status installed libpcre2-8-0:armhf 10.42-1
2026-05-21 15:20:51 configure logsave:armhf 1.47.0-2+b2 <none>
2026-05-21 15:20:51 status unpacked logsave:armhf 1.47.0-2+b2
2026-05-21 15:20:52 status half-configured logsave:armhf 1.47.0-2+b2
2026-05-21 15:20:52 status installed logsave:armhf 1.47.0-2+b2
2026-05-21 15:20:52 configure gpgv:armhf 2.2.40-1.1+deb12u2 <none>
2026-05-21 15:20:52 status unpacked gpgv:armhf 2.2.40-1.1+deb12u2
2026-05-21 15:20:52 status half-configured gpgv:armhf 2.2.40-1.1+deb12u2
2026-05-21 15:20:52 status installed gpgv:armhf 2.2.40-1.1+deb12u2
2026-05-21 15:20:52 configure util-linux-extra:armhf 2.38.1-5+deb12u3 <none>
2026-05-21 15:20:52 status unpacked util-linux-extra:armhf 2.38.1-5+deb12u3
2026-05-21 15:20:52 status half-configured util-linux-extra:armhf 2.38.1-5+deb12u3
2026-05-21 15:20:52 status installed util-linux-extra:armhf 2.38.1-5+deb12u3
2026-05-21 15:20:52 configure libhogweed6:armhf 3.8.1-2 <none>
2026-05-21 15:20:52 status unpacked libhogweed6:armhf 3.8.1-2
2026-05-21 15:20:52 status half-configured libhogweed6:armhf 3.8.1-2
2026-05-21 15:20:52 status installed libhogweed6:armhf 3.8.1-2
2026-05-21 15:20:52 configure e2fsprogs:armhf 1.47.0-2+b2 <none>
2026-05-21 15:20:52 status unpacked e2fsprogs:armhf 1.47.0-2+b2
2026-05-21 15:20:53 status half-configured e2fsprogs:armhf 1.47.0-2+b2
2026-05-21 15:20:56 status installed e2fsprogs:armhf 1.47.0-2+b2
2026-05-21 15:20:56 configure libsystemd0:armhf 252.39-1~deb12u2 <none>
2026-05-21 15:20:56 status unpacked libsystemd0:armhf 252.39-1~deb12u2
2026-05-21 15:20:56 status half-configured libsystemd0:armhf 252.39-1~deb12u2
2026-05-21 15:20:56 status installed libsystemd0:armhf 252.39-1~deb12u2
2026-05-21 15:20:56 configure libselinux1:armhf 3.4-1+b6 <none>
2026-05-21 15:20:56 status unpacked libselinux1:armhf 3.4-1+b6
2026-05-21 15:20:56 status half-configured libselinux1:armhf 3.4-1+b6
2026-05-21 15:20:56 status installed libselinux1:armhf 3.4-1+b6
2026-05-21 15:20:56 configure libgnutls30:armhf 3.7.9-2+deb12u6 <none>
2026-05-21 15:20:56 status unpacked libgnutls30:armhf 3.7.9-2+deb12u6
2026-05-21 15:20:56 status half-configured libgnutls30:armhf 3.7.9-2+deb12u6
2026-05-21 15:20:56 status installed libgnutls30:armhf 3.7.9-2+deb12u6
2026-05-21 15:20:56 configure libpam0g:armhf 1.5.2-6+deb12u2 <none>
2026-05-21 15:20:56 status unpacked libpam0g:armhf 1.5.2-6+deb12u2
2026-05-21 15:20:56 status half-configured libpam0g:armhf 1.5.2-6+deb12u2
2026-05-21 15:20:57 status installed libpam0g:armhf 1.5.2-6+deb12u2
2026-05-21 15:20:58 configure libapt-pkg6.0:armhf 2.6.1 <none>
2026-05-21 15:20:58 status unpacked libapt-pkg6.0:armhf 2.6.1
2026-05-21 15:20:58 status half-configured libapt-pkg6.0:armhf 2.6.1
2026-05-21 15:20:58 status installed libapt-pkg6.0:armhf 2.6.1
2026-05-21 15:20:58 configure sed:armhf 4.9-1+deb12u1 <none>
2026-05-21 15:20:58 status unpacked sed:armhf 4.9-1+deb12u1
2026-05-21 15:20:58 status half-configured sed:armhf 4.9-1+deb12u1
2026-05-21 15:20:58 status installed sed:armhf 4.9-1+deb12u1
2026-05-21 15:20:58 configure findutils:armhf 4.9.0-4 <none>
2026-05-21 15:20:58 status unpacked findutils:armhf 4.9.0-4
2026-05-21 15:20:58 status half-configured findutils:armhf 4.9.0-4
2026-05-21 15:20:58 status installed findutils:armhf 4.9.0-4
2026-05-21 15:20:58 configure libmount1:armhf 2.38.1-5+deb12u3 <none>
2026-05-21 15:20:58 status unpacked libmount1:armhf 2.38.1-5+deb12u3
2026-05-21 15:20:58 status half-configured libmount1:armhf 2.38.1-5+deb12u3
2026-05-21 15:20:58 status installed libmount1:armhf 2.38.1-5+deb12u3
2026-05-21 15:20:58 configure libsemanage2:armhf 3.4-1+b5 <none>
2026-05-21 15:20:58 status unpacked libsemanage2:armhf 3.4-1+b5
2026-05-21 15:20:58 status half-configured libsemanage2:armhf 3.4-1+b5
2026-05-21 15:20:58 status installed libsemanage2:armhf 3.4-1+b5
2026-05-21 15:20:58 configure base-passwd:armhf 3.6.1 <none>
2026-05-21 15:20:58 status unpacked base-passwd:armhf 3.6.1
2026-05-21 15:20:58 status half-configured base-passwd:armhf 3.6.1
2026-05-21 15:21:00 status installed base-passwd:armhf 3.6.1
2026-05-21 15:21:00 configure bsdutils:armhf 1:2.38.1-5+deb12u3 <none>
2026-05-21 15:21:00 status unpacked bsdutils:armhf 1:2.38.1-5+deb12u3
2026-05-21 15:21:00 status half-configured bsdutils:armhf 1:2.38.1-5+deb12u3
2026-05-21 15:21:00 status installed bsdutils:armhf 1:2.38.1-5+deb12u3
2026-05-21 15:21:00 configure tar:armhf 1.34+dfsg-1.2+deb12u1 <none>
2026-05-21 15:21:00 status unpacked tar:armhf 1.34+dfsg-1.2+deb12u1
2026-05-21 15:21:00 status half-configured tar:armhf 1.34+dfsg-1.2+deb12u1
2026-05-21 15:21:01 status installed tar:armhf 1.34+dfsg-1.2+deb12u1
2026-05-21 15:21:01 configure libpam-modules-bin:armhf 1.5.2-6+deb12u2 <none>
2026-05-21 15:21:01 status unpacked libpam-modules-bin:armhf 1.5.2-6+deb12u2
2026-05-21 15:21:01 status half-configured libpam-modules-bin:armhf 1.5.2-6+deb12u2
2026-05-21 15:21:01 status installed libpam-modules-bin:armhf 1.5.2-6+deb12u2
2026-05-21 15:21:01 configure coreutils:armhf 9.1-1 <none>
2026-05-21 15:21:01 status unpacked coreutils:armhf 9.1-1
2026-05-21 15:21:01 status half-configured coreutils:armhf 9.1-1
2026-05-21 15:21:01 status installed coreutils:armhf 9.1-1
2026-05-21 15:21:01 configure util-linux:armhf 2.38.1-5+deb12u3 <none>
2026-05-21 15:21:01 status unpacked util-linux:armhf 2.38.1-5+deb12u3
2026-05-21 15:21:01 status half-configured util-linux:armhf 2.38.1-5+deb12u3
2026-05-21 15:21:03 status installed util-linux:armhf 2.38.1-5+deb12u3
2026-05-21 15:21:03 configure dpkg:armhf 1.21.23 <none>
2026-05-21 15:21:03 status unpacked dpkg:armhf 1.21.23
2026-05-21 15:21:03 status half-configured dpkg:armhf 1.21.23
2026-05-21 15:21:05 status installed dpkg:armhf 1.21.23
2026-05-21 15:21:05 configure mount:armhf 2.38.1-5+deb12u3 <none>
2026-05-21 15:21:05 status unpacked mount:armhf 2.38.1-5+deb12u3
2026-05-21 15:21:05 status half-configured mount:armhf 2.38.1-5+deb12u3
2026-05-21 15:21:06 status installed mount:armhf 2.38.1-5+deb12u3
2026-05-21 15:21:06 configure dash:armhf 0.5.12-2 <none>
2026-05-21 15:21:06 status unpacked dash:armhf 0.5.12-2
2026-05-21 15:21:06 status half-configured dash:armhf 0.5.12-2
2026-05-21 15:21:08 status installed dash:armhf 0.5.12-2
2026-05-21 15:21:08 configure libpam-modules:armhf 1.5.2-6+deb12u2 <none>
2026-05-21 15:21:08 status unpacked libpam-modules:armhf 1.5.2-6+deb12u2
2026-05-21 15:21:08 status half-configured libpam-modules:armhf 1.5.2-6+deb12u2
2026-05-21 15:21:08 status installed libpam-modules:armhf 1.5.2-6+deb12u2
2026-05-21 15:21:08 configure grep:armhf 3.8-5 <none>
2026-05-21 15:21:08 status unpacked grep:armhf 3.8-5
2026-05-21 15:21:09 status half-configured grep:armhf 3.8-5
2026-05-21 15:21:09 status installed grep:armhf 3.8-5
2026-05-21 15:21:09 configure perl-base:armhf 5.36.0-7+deb12u3 <none>
2026-05-21 15:21:09 status unpacked perl-base:armhf 5.36.0-7+deb12u3
2026-05-21 15:21:09 status half-configured perl-base:armhf 5.36.0-7+deb12u3
2026-05-21 15:21:09 status installed perl-base:armhf 5.36.0-7+deb12u3
2026-05-21 15:21:09 configure gzip:armhf 1.12-1 <none>
2026-05-21 15:21:09 status unpacked gzip:armhf 1.12-1
2026-05-21 15:21:09 status half-configured gzip:armhf 1.12-1
2026-05-21 15:21:09 status installed gzip:armhf 1.12-1
2026-05-21 15:21:09 configure passwd:armhf 1:4.13+dfsg1-1+deb12u2 <none>
2026-05-21 15:21:09 status unpacked passwd:armhf 1:4.13+dfsg1-1+deb12u2
2026-05-21 15:21:09 status half-configured passwd:armhf 1:4.13+dfsg1-1+deb12u2
2026-05-21 15:21:11 status installed passwd:armhf 1:4.13+dfsg1-1+deb12u2
2026-05-21 15:21:11 configure libpam-runtime:all 1.5.2-6+deb12u2 <none>
2026-05-21 15:21:11 status unpacked libpam-runtime:all 1.5.2-6+deb12u2
2026-05-21 15:21:11 status half-configured libpam-runtime:all 1.5.2-6+deb12u2
2026-05-21 15:21:13 status installed libpam-runtime:all 1.5.2-6+deb12u2
2026-05-21 15:21:13 configure login:armhf 1:4.13+dfsg1-1+deb12u2 <none>
2026-05-21 15:21:13 status unpacked login:armhf 1:4.13+dfsg1-1+deb12u2
2026-05-21 15:21:13 status half-configured login:armhf 1:4.13+dfsg1-1+deb12u2
2026-05-21 15:21:14 status installed login:armhf 1:4.13+dfsg1-1+deb12u2
2026-05-21 15:21:14 configure adduser:all 3.134 <none>
2026-05-21 15:21:14 status unpacked adduser:all 3.134
2026-05-21 15:21:14 status half-configured adduser:all 3.134
2026-05-21 15:21:14 status installed adduser:all 3.134
2026-05-21 15:21:14 configure apt:armhf 2.6.1 <none>
2026-05-21 15:21:14 status unpacked apt:armhf 2.6.1
2026-05-21 15:21:14 status half-configured apt:armhf 2.6.1
2026-05-21 15:21:18 status installed apt:armhf 2.6.1
2026-05-21 15:21:18 trigproc libc-bin:armhf 2.36-9+deb12u14 <none>
2026-05-21 15:21:18 status half-configured libc-bin:armhf 2.36-9+deb12u14
2026-05-21 15:21:18 status installed libc-bin:armhf 2.36-9+deb12u14
2026-05-21 15:22:04 startup archives install
2026-05-21 15:22:05 install libssl3:armhf <none> 3.0.20-1~deb12u1
2026-05-21 15:22:05 status triggers-pending libc-bin:armhf 2.36-9+deb12u14
2026-05-21 15:22:05 status half-installed libssl3:armhf 3.0.20-1~deb12u1
2026-05-21 15:22:06 status unpacked libssl3:armhf 3.0.20-1~deb12u1
2026-05-21 15:22:06 configure libssl3:armhf 3.0.20-1~deb12u1 3.0.20-1~deb12u1
2026-05-21 15:22:06 status half-configured libssl3:armhf 3.0.20-1~deb12u1
2026-05-21 15:22:06 status installed libssl3:armhf 3.0.20-1~deb12u1
2026-05-21 15:22:06 trigproc libc-bin:armhf 2.36-9+deb12u14 <none>
2026-05-21 15:22:06 status half-configured libc-bin:armhf 2.36-9+deb12u14
2026-05-21 15:22:06 status installed libc-bin:armhf 2.36-9+deb12u14
2026-05-21 15:22:50 startup archives install
2026-05-21 15:22:50 install dmsetup:armhf <none> 2:1.02.185-2
2026-05-21 15:22:50 status half-installed dmsetup:armhf 2:1.02.185-2
2026-05-21 15:22:50 status unpacked dmsetup:armhf 2:1.02.185-2
2026-05-21 15:22:51 install libapparmor1:armhf <none> 3.0.8-3
2026-05-21 15:22:51 status triggers-pending libc-bin:armhf 2.36-9+deb12u14
2026-05-21 15:22:51 status half-installed libapparmor1:armhf 3.0.8-3
2026-05-21 15:22:51 status unpacked libapparmor1:armhf 3.0.8-3
2026-05-21 15:22:52 install libargon2-1:armhf <none> 0~20171227-0.3+deb12u1
2026-05-21 15:22:52 status half-installed libargon2-1:armhf 0~20171227-0.3+deb12u1
2026-05-21 15:22:52 status unpacked libargon2-1:armhf 0~20171227-0.3+deb12u1
2026-05-21 15:22:52 install libcryptsetup12:armhf <none> 2:2.6.1-4~deb12u2
2026-05-21 15:22:52 status half-installed libcryptsetup12:armhf 2:2.6.1-4~deb12u2
2026-05-21 15:22:53 status unpacked libcryptsetup12:armhf 2:2.6.1-4~deb12u2
2026-05-21 15:22:53 install libdevmapper1.02.1:armhf <none> 2:1.02.185-2
2026-05-21 15:22:53 status half-installed libdevmapper1.02.1:armhf 2:1.02.185-2
2026-05-21 15:22:54 status unpacked libdevmapper1.02.1:armhf 2:1.02.185-2
2026-05-21 15:22:54 install libfdisk1:armhf <none> 2.38.1-5+deb12u3
2026-05-21 15:22:54 status half-installed libfdisk1:armhf 2.38.1-5+deb12u3
2026-05-21 15:22:55 status unpacked libfdisk1:armhf 2.38.1-5+deb12u3
2026-05-21 15:22:55 install libip4tc2:armhf <none> 1.8.9-2
2026-05-21 15:22:55 status half-installed libip4tc2:armhf 1.8.9-2
2026-05-21 15:22:56 status unpacked libip4tc2:armhf 1.8.9-2
2026-05-21 15:22:56 install libjson-c5:armhf <none> 0.16-2
2026-05-21 15:22:56 status half-installed libjson-c5:armhf 0.16-2
2026-05-21 15:22:56 status unpacked libjson-c5:armhf 0.16-2
2026-05-21 15:22:57 install libkmod2:armhf <none> 30+20221128-1
2026-05-21 15:22:57 status half-installed libkmod2:armhf 30+20221128-1
2026-05-21 15:22:57 status unpacked libkmod2:armhf 30+20221128-1
2026-05-21 15:22:57 install libsystemd-shared:armhf <none> 252.39-1~deb12u2
2026-05-21 15:22:57 status half-installed libsystemd-shared:armhf 252.39-1~deb12u2
2026-05-21 15:22:59 status unpacked libsystemd-shared:armhf 252.39-1~deb12u2
2026-05-21 15:22:59 install systemd:armhf <none> 252.39-1~deb12u2
2026-05-21 15:22:59 status half-installed systemd:armhf 252.39-1~deb12u2
2026-05-21 15:23:01 status unpacked systemd:armhf 252.39-1~deb12u2
2026-05-21 15:23:02 configure libapparmor1:armhf 3.0.8-3 3.0.8-3
2026-05-21 15:23:02 status half-configured libapparmor1:armhf 3.0.8-3
2026-05-21 15:23:02 status installed libapparmor1:armhf 3.0.8-3
2026-05-21 15:23:02 configure libargon2-1:armhf 0~20171227-0.3+deb12u1 0~20171227-0.3+deb12u1
2026-05-21 15:23:02 status half-configured libargon2-1:armhf 0~20171227-0.3+deb12u1
2026-05-21 15:23:02 status installed libargon2-1:armhf 0~20171227-0.3+deb12u1
2026-05-21 15:23:02 configure libfdisk1:armhf 2.38.1-5+deb12u3 2.38.1-5+deb12u3
2026-05-21 15:23:02 status half-configured libfdisk1:armhf 2.38.1-5+deb12u3
2026-05-21 15:23:02 status installed libfdisk1:armhf 2.38.1-5+deb12u3
2026-05-21 15:23:02 configure libip4tc2:armhf 1.8.9-2 1.8.9-2
2026-05-21 15:23:02 status half-configured libip4tc2:armhf 1.8.9-2
2026-05-21 15:23:02 status installed libip4tc2:armhf 1.8.9-2
2026-05-21 15:23:02 configure libjson-c5:armhf 0.16-2 0.16-2
2026-05-21 15:23:02 status half-configured libjson-c5:armhf 0.16-2
2026-05-21 15:23:02 status installed libjson-c5:armhf 0.16-2
2026-05-21 15:23:02 configure libkmod2:armhf 30+20221128-1 30+20221128-1
2026-05-21 15:23:02 status half-configured libkmod2:armhf 30+20221128-1
2026-05-21 15:23:03 status installed libkmod2:armhf 30+20221128-1
2026-05-21 15:23:03 configure libsystemd-shared:armhf 252.39-1~deb12u2 252.39-1~deb12u2
2026-05-21 15:23:03 status half-configured libsystemd-shared:armhf 252.39-1~deb12u2
2026-05-21 15:23:03 status installed libsystemd-shared:armhf 252.39-1~deb12u2
2026-05-21 15:23:03 configure libdevmapper1.02.1:armhf 2:1.02.185-2 2:1.02.185-2
2026-05-21 15:23:03 status half-configured libdevmapper1.02.1:armhf 2:1.02.185-2
2026-05-21 15:23:03 status installed libdevmapper1.02.1:armhf 2:1.02.185-2
2026-05-21 15:23:03 configure dmsetup:armhf 2:1.02.185-2 2:1.02.185-2
2026-05-21 15:23:03 status half-configured dmsetup:armhf 2:1.02.185-2
2026-05-21 15:23:03 status installed dmsetup:armhf 2:1.02.185-2
2026-05-21 15:23:03 configure libcryptsetup12:armhf 2:2.6.1-4~deb12u2 2:2.6.1-4~deb12u2
2026-05-21 15:23:03 status half-configured libcryptsetup12:armhf 2:2.6.1-4~deb12u2
2026-05-21 15:23:03 status installed libcryptsetup12:armhf 2:2.6.1-4~deb12u2
2026-05-21 15:23:03 configure systemd:armhf 252.39-1~deb12u2 252.39-1~deb12u2
2026-05-21 15:23:04 status half-configured systemd:armhf 252.39-1~deb12u2
2026-05-21 15:23:06 status installed systemd:armhf 252.39-1~deb12u2
2026-05-21 15:23:06 trigproc libc-bin:armhf 2.36-9+deb12u14 <none>
2026-05-21 15:23:06 status half-configured libc-bin:armhf 2.36-9+deb12u14
2026-05-21 15:23:06 status installed libc-bin:armhf 2.36-9+deb12u14
2026-05-21 15:23:51 startup archives install
2026-05-21 15:23:51 install libexpat1:armhf <none> 2.5.0-1+deb12u2
2026-05-21 15:23:51 status triggers-pending libc-bin:armhf 2.36-9+deb12u14
2026-05-21 15:23:51 status half-installed libexpat1:armhf 2.5.0-1+deb12u2
2026-05-21 15:23:52 status unpacked libexpat1:armhf 2.5.0-1+deb12u2
2026-05-21 15:23:52 install libpython3.11-minimal:armhf <none> 3.11.2-6+deb12u7
2026-05-21 15:23:52 status half-installed libpython3.11-minimal:armhf 3.11.2-6+deb12u7
2026-05-21 15:23:53 status unpacked libpython3.11-minimal:armhf 3.11.2-6+deb12u7
2026-05-21 15:23:53 install python3.11-minimal:armhf <none> 3.11.2-6+deb12u7
2026-05-21 15:23:53 status half-installed python3.11-minimal:armhf 3.11.2-6+deb12u7
2026-05-21 15:23:54 status triggers-pending systemd:armhf 252.39-1~deb12u2
2026-05-21 15:23:55 status unpacked python3.11-minimal:armhf 3.11.2-6+deb12u7
2026-05-21 15:23:55 configure libexpat1:armhf 2.5.0-1+deb12u2 2.5.0-1+deb12u2
2026-05-21 15:23:55 status half-configured libexpat1:armhf 2.5.0-1+deb12u2
2026-05-21 15:23:55 status installed libexpat1:armhf 2.5.0-1+deb12u2
2026-05-21 15:23:55 configure libpython3.11-minimal:armhf 3.11.2-6+deb12u7 3.11.2-6+deb12u7
2026-05-21 15:23:55 status half-configured libpython3.11-minimal:armhf 3.11.2-6+deb12u7
2026-05-21 15:23:55 status installed libpython3.11-minimal:armhf 3.11.2-6+deb12u7
2026-05-21 15:23:55 configure python3.11-minimal:armhf 3.11.2-6+deb12u7 3.11.2-6+deb12u7
2026-05-21 15:23:55 status half-configured python3.11-minimal:armhf 3.11.2-6+deb12u7
2026-05-21 15:24:03 status installed python3.11-minimal:armhf 3.11.2-6+deb12u7
2026-05-21 15:24:03 trigproc libc-bin:armhf 2.36-9+deb12u14 <none>
2026-05-21 15:24:03 status half-configured libc-bin:armhf 2.36-9+deb12u14
2026-05-21 15:24:03 status installed libc-bin:armhf 2.36-9+deb12u14
2026-05-21 15:24:03 trigproc systemd:armhf 252.39-1~deb12u2 <none>
2026-05-21 15:24:03 status half-configured systemd:armhf 252.39-1~deb12u2
2026-05-21 15:24:03 status installed systemd:armhf 252.39-1~deb12u2
2026-05-21 15:24:49 startup archives install
2026-05-21 15:24:49 install python3-minimal:armhf <none> 3.11.2-1+b1
2026-05-21 15:24:49 status half-installed python3-minimal:armhf 3.11.2-1+b1
2026-05-21 15:24:49 status unpacked python3-minimal:armhf 3.11.2-1+b1
2026-05-21 15:24:49 configure python3-minimal:armhf 3.11.2-1+b1 3.11.2-1+b1
2026-05-21 15:24:49 status half-configured python3-minimal:armhf 3.11.2-1+b1
2026-05-21 15:24:51 status installed python3-minimal:armhf 3.11.2-1+b1
2026-05-21 15:24:55 startup archives unpack
2026-05-21 15:24:55 install alsa-utils:armhf <none> 1.2.8-1
2026-05-21 15:24:55 status half-installed alsa-utils:armhf 1.2.8-1
2026-05-21 15:24:56 status unpacked alsa-utils:armhf 1.2.8-1
2026-05-21 15:24:56 install apache2:armhf <none> 2.4.67-1~deb12u2
2026-05-21 15:24:56 status half-installed apache2:armhf 2.4.67-1~deb12u2
2026-05-21 15:24:56 status unpacked apache2:armhf 2.4.67-1~deb12u2
2026-05-21 15:24:57 install apache2-bin:armhf <none> 2.4.67-1~deb12u2
2026-05-21 15:24:57 status half-installed apache2-bin:armhf 2.4.67-1~deb12u2
2026-05-21 15:24:57 status unpacked apache2-bin:armhf 2.4.67-1~deb12u2
2026-05-21 15:24:58 install apache2-data:all <none> 2.4.67-1~deb12u2
2026-05-21 15:24:58 status half-installed apache2-data:all 2.4.67-1~deb12u2
2026-05-21 15:24:58 status unpacked apache2-data:all 2.4.67-1~deb12u2
2026-05-21 15:24:58 install apache2-utils:armhf <none> 2.4.67-1~deb12u2
2026-05-21 15:24:58 status half-installed apache2-utils:armhf 2.4.67-1~deb12u2
2026-05-21 15:24:59 status unpacked apache2-utils:armhf 2.4.67-1~deb12u2
2026-05-21 15:24:59 install apt-file:all <none> 3.3
2026-05-21 15:24:59 status half-installed apt-file:all 3.3
2026-05-21 15:24:59 status unpacked apt-file:all 3.3
2026-05-21 15:25:00 install apt-transport-https:all <none> 2.6.1
2026-05-21 15:25:00 status half-installed apt-transport-https:all 2.6.1
2026-05-21 15:25:00 status unpacked apt-transport-https:all 2.6.1
2026-05-21 15:25:00 install binutils:armhf <none> 2.40-2
2026-05-21 15:25:00 status half-installed binutils:armhf 2.40-2
2026-05-21 15:25:01 status unpacked binutils:armhf 2.40-2
2026-05-21 15:25:01 install binutils-arm-linux-gnueabihf:armhf <none> 2.40-2
2026-05-21 15:25:01 status half-installed binutils-arm-linux-gnueabihf:armhf 2.40-2
2026-05-21 15:25:02 status unpacked binutils-arm-linux-gnueabihf:armhf 2.40-2
2026-05-21 15:25:02 install binutils-common:armhf <none> 2.40-2
2026-05-21 15:25:02 status half-installed binutils-common:armhf 2.40-2
2026-05-21 15:25:03 status unpacked binutils-common:armhf 2.40-2
2026-05-21 15:25:04 install bison:armhf <none> 2:3.8.2+dfsg-1+b1
2026-05-21 15:25:04 status half-installed bison:armhf 2:3.8.2+dfsg-1+b1
2026-05-21 15:25:04 status unpacked bison:armhf 2:3.8.2+dfsg-1+b1
2026-05-21 15:25:05 install bsdextrautils:armhf <none> 2.38.1-5+deb12u3
2026-05-21 15:25:05 status half-installed bsdextrautils:armhf 2.38.1-5+deb12u3
2026-05-21 15:25:05 status unpacked bsdextrautils:armhf 2.38.1-5+deb12u3
2026-05-21 15:25:05 install build-essential:armhf <none> 12.9
2026-05-21 15:25:05 status half-installed build-essential:armhf 12.9
2026-05-21 15:25:06 status unpacked build-essential:armhf 12.9
2026-05-21 15:25:06 install busybox:armhf <none> 1:1.35.0-4+deb12u1+b1
2026-05-21 15:25:06 status half-installed busybox:armhf 1:1.35.0-4+deb12u1+b1
2026-05-21 15:25:06 status unpacked busybox:armhf 1:1.35.0-4+deb12u1+b1
2026-05-21 15:25:07 install bzip2:armhf <none> 1.0.8-5+b1
2026-05-21 15:25:07 status half-installed bzip2:armhf 1.0.8-5+b1
2026-05-21 15:25:07 status unpacked bzip2:armhf 1.0.8-5+b1
2026-05-21 15:25:08 install ca-certificates:all <none> 20230311+deb12u1
2026-05-21 15:25:08 status half-installed ca-certificates:all 20230311+deb12u1
2026-05-21 15:25:08 status unpacked ca-certificates:all 20230311+deb12u1
2026-05-21 15:25:08 install can-utils:armhf <none> 2020.11.0-1
2026-05-21 15:25:08 status half-installed can-utils:armhf 2020.11.0-1
2026-05-21 15:25:09 status unpacked can-utils:armhf 2020.11.0-1
2026-05-21 15:25:09 install chrony:armhf <none> 4.3-2+deb12u2
2026-05-21 15:25:09 status half-installed chrony:armhf 4.3-2+deb12u2
2026-05-21 15:25:09 status unpacked chrony:armhf 4.3-2+deb12u2
2026-05-21 15:25:10 install chuck:armhf <none> 1.4.2.0-1
2026-05-21 15:25:10 status half-installed chuck:armhf 1.4.2.0-1
2026-05-21 15:25:10 status unpacked chuck:armhf 1.4.2.0-1
2026-05-21 15:25:11 install chuck-data:all <none> 1.4.2.0-1
2026-05-21 15:25:11 status half-installed chuck-data:all 1.4.2.0-1
2026-05-21 15:25:13 status unpacked chuck-data:all 1.4.2.0-1
2026-05-21 15:25:14 install command-not-found:all <none> 23.04.0-1
2026-05-21 15:25:14 status half-installed command-not-found:all 23.04.0-1
2026-05-21 15:25:14 status unpacked command-not-found:all 23.04.0-1
2026-05-21 15:25:14 install cpio:armhf <none> 2.13+dfsg-7.1
2026-05-21 15:25:14 status half-installed cpio:armhf 2.13+dfsg-7.1
2026-05-21 15:25:15 status unpacked cpio:armhf 2.13+dfsg-7.1
2026-05-21 15:25:15 install cpp:armhf <none> 4:12.2.0-3
2026-05-21 15:25:15 status half-installed cpp:armhf 4:12.2.0-3
2026-05-21 15:25:15 status unpacked cpp:armhf 4:12.2.0-3
2026-05-21 15:25:16 install cpp-12:armhf <none> 12.2.0-14+deb12u1
2026-05-21 15:25:16 status half-installed cpp-12:armhf 12.2.0-14+deb12u1
2026-05-21 15:25:18 status unpacked cpp-12:armhf 12.2.0-14+deb12u1
2026-05-21 15:25:18 install curl:armhf <none> 7.88.1-10+deb12u14
2026-05-21 15:25:18 status half-installed curl:armhf 7.88.1-10+deb12u14
2026-05-21 15:25:19 status unpacked curl:armhf 7.88.1-10+deb12u14
2026-05-21 15:25:19 install distro-info-data:all <none> 0.58+deb12u7
2026-05-21 15:25:19 status half-installed distro-info-data:all 0.58+deb12u7
2026-05-21 15:25:19 status unpacked distro-info-data:all 0.58+deb12u7
2026-05-21 15:25:20 install dpkg-dev:all <none> 1.21.23
2026-05-21 15:25:20 status half-installed dpkg-dev:all 1.21.23
2026-05-21 15:25:20 status unpacked dpkg-dev:all 1.21.23
2026-05-21 15:25:21 install ethtool:armhf <none> 1:6.1-1
2026-05-21 15:25:21 status half-installed ethtool:armhf 1:6.1-1
2026-05-21 15:25:21 status unpacked ethtool:armhf 1:6.1-1
2026-05-21 15:25:22 install faust:armhf <none> 2.54.9+ds0-1
2026-05-21 15:25:22 status half-installed faust:armhf 2.54.9+ds0-1
2026-05-21 15:25:23 status unpacked faust:armhf 2.54.9+ds0-1
2026-05-21 15:25:24 install faust-common:all <none> 2.54.9+ds0-1
2026-05-21 15:25:24 status half-installed faust-common:all 2.54.9+ds0-1
2026-05-21 15:25:30 status unpacked faust-common:all 2.54.9+ds0-1
2026-05-21 15:25:30 install fdisk:armhf <none> 2.38.1-5+deb12u3
2026-05-21 15:25:30 status half-installed fdisk:armhf 2.38.1-5+deb12u3
2026-05-21 15:25:31 status unpacked fdisk:armhf 2.38.1-5+deb12u3
2026-05-21 15:25:31 install fim:armhf <none> 0.5.3-10+b1
2026-05-21 15:25:31 status half-installed fim:armhf 0.5.3-10+b1
2026-05-21 15:25:32 status unpacked fim:armhf 0.5.3-10+b1
2026-05-21 15:25:32 install flex:armhf <none> 2.6.4-8.2
2026-05-21 15:25:32 status half-installed flex:armhf 2.6.4-8.2
2026-05-21 15:25:32 status unpacked flex:armhf 2.6.4-8.2
2026-05-21 15:25:33 install fontconfig:armhf <none> 2.14.1-4
2026-05-21 15:25:33 status half-installed fontconfig:armhf 2.14.1-4
2026-05-21 15:25:33 status unpacked fontconfig:armhf 2.14.1-4
2026-05-21 15:25:33 install fontconfig-config:armhf <none> 2.14.1-4
2026-05-21 15:25:33 status half-installed fontconfig-config:armhf 2.14.1-4
2026-05-21 15:25:37 status unpacked fontconfig-config:armhf 2.14.1-4
2026-05-21 15:25:37 install fonts-dejavu-core:all <none> 2.37-6
2026-05-21 15:25:37 status half-installed fonts-dejavu-core:all 2.37-6
2026-05-21 15:25:38 status unpacked fonts-dejavu-core:all 2.37-6
2026-05-21 15:25:38 install g++:armhf <none> 4:12.2.0-3
2026-05-21 15:25:38 status half-installed g++:armhf 4:12.2.0-3
2026-05-21 15:25:38 status unpacked g++:armhf 4:12.2.0-3
2026-05-21 15:25:39 install g++-12:armhf <none> 12.2.0-14+deb12u1
2026-05-21 15:25:39 status half-installed g++-12:armhf 12.2.0-14+deb12u1
2026-05-21 15:25:41 status unpacked g++-12:armhf 12.2.0-14+deb12u1
2026-05-21 15:25:42 install gcc:armhf <none> 4:12.2.0-3
2026-05-21 15:25:42 status half-installed gcc:armhf 4:12.2.0-3
2026-05-21 15:25:42 status unpacked gcc:armhf 4:12.2.0-3
2026-05-21 15:25:42 install gcc-12:armhf <none> 12.2.0-14+deb12u1
2026-05-21 15:25:42 status half-installed gcc-12:armhf 12.2.0-14+deb12u1
2026-05-21 15:25:45 status unpacked gcc-12:armhf 12.2.0-14+deb12u1
2026-05-21 15:25:46 install gpiod:armhf <none> 1.6.3-1+b3
2026-05-21 15:25:46 status half-installed gpiod:armhf 1.6.3-1+b3
2026-05-21 15:25:46 status unpacked gpiod:armhf 1.6.3-1+b3
2026-05-21 15:25:47 install haveged:armhf <none> 1.9.14-1+b1
2026-05-21 15:25:47 status half-installed haveged:armhf 1.9.14-1+b1
2026-05-21 15:25:47 status unpacked haveged:armhf 1.9.14-1+b1
2026-05-21 15:25:47 install i2c-tools:armhf <none> 4.3-2+b3
2026-05-21 15:25:47 status half-installed i2c-tools:armhf 4.3-2+b3
2026-05-21 15:25:48 status unpacked i2c-tools:armhf 4.3-2+b3
2026-05-21 15:25:48 install ifupdown:armhf <none> 0.8.41
2026-05-21 15:25:48 status half-installed ifupdown:armhf 0.8.41
2026-05-21 15:25:49 status unpacked ifupdown:armhf 0.8.41
2026-05-21 15:25:49 install initramfs-tools:all <none> 0.142+deb12u3
2026-05-21 15:25:49 status half-installed initramfs-tools:all 0.142+deb12u3
2026-05-21 15:25:50 status unpacked initramfs-tools:all 0.142+deb12u3
2026-05-21 15:25:50 install initramfs-tools-core:all <none> 0.142+deb12u3
2026-05-21 15:25:50 status half-installed initramfs-tools-core:all 0.142+deb12u3
2026-05-21 15:25:50 status unpacked initramfs-tools-core:all 0.142+deb12u3
2026-05-21 15:25:51 install iproute2:armhf <none> 6.1.0-3
2026-05-21 15:25:51 status half-installed iproute2:armhf 6.1.0-3
2026-05-21 15:25:51 status unpacked iproute2:armhf 6.1.0-3
2026-05-21 15:25:52 install iputils-ping:armhf <none> 3:20221126-1+deb12u1
2026-05-21 15:25:52 status half-installed iputils-ping:armhf 3:20221126-1+deb12u1
2026-05-21 15:25:52 status unpacked iputils-ping:armhf 3:20221126-1+deb12u1
2026-05-21 15:25:52 install isc-dhcp-client:armhf <none> 4.4.3-P1-2
2026-05-21 15:25:52 status half-installed isc-dhcp-client:armhf 4.4.3-P1-2
2026-05-21 15:25:53 status unpacked isc-dhcp-client:armhf 4.4.3-P1-2
2026-05-21 15:25:53 install iso-codes:all <none> 4.15.0-1
2026-05-21 15:25:53 status half-installed iso-codes:all 4.15.0-1
2026-05-21 15:25:55 status unpacked iso-codes:all 4.15.0-1
2026-05-21 15:25:55 install iw:armhf <none> 5.19-1
2026-05-21 15:25:55 status half-installed iw:armhf 5.19-1
2026-05-21 15:25:55 status unpacked iw:armhf 5.19-1
2026-05-21 15:25:56 install jackd2:armhf <none> 1.9.21~dfsg-3
2026-05-21 15:25:56 status half-installed jackd2:armhf 1.9.21~dfsg-3
2026-05-21 15:25:56 status unpacked jackd2:armhf 1.9.21~dfsg-3
2026-05-21 15:25:57 install klibc-utils:armhf <none> 2.0.12-1
2026-05-21 15:25:57 status half-installed klibc-utils:armhf 2.0.12-1
2026-05-21 15:25:57 status unpacked klibc-utils:armhf 2.0.12-1
2026-05-21 15:25:57 install kmod:armhf <none> 30+20221128-1
2026-05-21 15:25:57 status half-installed kmod:armhf 30+20221128-1
2026-05-21 15:25:57 status unpacked kmod:armhf 30+20221128-1
2026-05-21 15:25:58 install libaa1:armhf <none> 1.4p5-50
2026-05-21 15:25:58 status triggers-pending libc-bin:armhf 2.36-9+deb12u14
2026-05-21 15:25:58 status half-installed libaa1:armhf 1.4p5-50
2026-05-21 15:25:58 status unpacked libaa1:armhf 1.4p5-50
2026-05-21 15:25:58 install libaom3:armhf <none> 3.6.0-1+deb12u2
2026-05-21 15:25:58 status half-installed libaom3:armhf 3.6.0-1+deb12u2
2026-05-21 15:25:59 status unpacked libaom3:armhf 3.6.0-1+deb12u2
2026-05-21 15:25:59 install libapr1:armhf <none> 1.7.2-3+deb12u1
2026-05-21 15:25:59 status half-installed libapr1:armhf 1.7.2-3+deb12u1
2026-05-21 15:26:00 status unpacked libapr1:armhf 1.7.2-3+deb12u1
2026-05-21 15:26:00 install libaprutil1:armhf <none> 1.6.3-1
2026-05-21 15:26:00 status half-installed libaprutil1:armhf 1.6.3-1
2026-05-21 15:26:00 status unpacked libaprutil1:armhf 1.6.3-1
2026-05-21 15:26:01 install libaprutil1-dbd-sqlite3:armhf <none> 1.6.3-1
2026-05-21 15:26:01 status half-installed libaprutil1-dbd-sqlite3:armhf 1.6.3-1
2026-05-21 15:26:01 status unpacked libaprutil1-dbd-sqlite3:armhf 1.6.3-1
2026-05-21 15:26:01 install libaprutil1-ldap:armhf <none> 1.6.3-1
2026-05-21 15:26:01 status half-installed libaprutil1-ldap:armhf 1.6.3-1
2026-05-21 15:26:02 status unpacked libaprutil1-ldap:armhf 1.6.3-1
2026-05-21 15:26:02 install libapt-pkg-perl:armhf <none> 0.1.40+b2
2026-05-21 15:26:02 status half-installed libapt-pkg-perl:armhf 0.1.40+b2
2026-05-21 15:26:02 status unpacked libapt-pkg-perl:armhf 0.1.40+b2
2026-05-21 15:26:03 install libasan8:armhf <none> 12.2.0-14+deb12u1
2026-05-21 15:26:03 status half-installed libasan8:armhf 12.2.0-14+deb12u1
2026-05-21 15:26:04 status unpacked libasan8:armhf 12.2.0-14+deb12u1
2026-05-21 15:26:04 install libasound2:armhf <none> 1.2.8-1+b1
2026-05-21 15:26:04 status half-installed libasound2:armhf 1.2.8-1+b1
2026-05-21 15:26:04 status unpacked libasound2:armhf 1.2.8-1+b1
2026-05-21 15:26:05 install libasound2-data:all <none> 1.2.8-1
2026-05-21 15:26:05 status half-installed libasound2-data:all 1.2.8-1
2026-05-21 15:26:05 status unpacked libasound2-data:all 1.2.8-1
2026-05-21 15:26:05 install libasound2-dev:armhf <none> 1.2.8-1+b1
2026-05-21 15:26:05 status half-installed libasound2-dev:armhf 1.2.8-1+b1
2026-05-21 15:26:06 status unpacked libasound2-dev:armhf 1.2.8-1+b1
2026-05-21 15:26:06 install libasound2-plugins:armhf <none> 1.2.7.1-1
2026-05-21 15:26:06 status half-installed libasound2-plugins:armhf 1.2.7.1-1
2026-05-21 15:26:06 status unpacked libasound2-plugins:armhf 1.2.7.1-1
2026-05-21 15:26:07 install libasyncns0:armhf <none> 0.8-6+b3
2026-05-21 15:26:07 status half-installed libasyncns0:armhf 0.8-6+b3
2026-05-21 15:26:07 status unpacked libasyncns0:armhf 0.8-6+b3
2026-05-21 15:26:07 install libatomic1:armhf <none> 12.2.0-14+deb12u1
2026-05-21 15:26:07 status half-installed libatomic1:armhf 12.2.0-14+deb12u1
2026-05-21 15:26:07 status unpacked libatomic1:armhf 12.2.0-14+deb12u1
2026-05-21 15:26:08 install libatopology2:armhf <none> 1.2.8-1+b1
2026-05-21 15:26:08 status half-installed libatopology2:armhf 1.2.8-1+b1
2026-05-21 15:26:08 status unpacked libatopology2:armhf 1.2.8-1+b1
2026-05-21 15:26:09 install libavahi-client3:armhf <none> 0.8-10+deb12u1
2026-05-21 15:26:09 status half-installed libavahi-client3:armhf 0.8-10+deb12u1
2026-05-21 15:26:09 status unpacked libavahi-client3:armhf 0.8-10+deb12u1
2026-05-21 15:26:10 install libavahi-common-data:armhf <none> 0.8-10+deb12u1
2026-05-21 15:26:10 status half-installed libavahi-common-data:armhf 0.8-10+deb12u1
2026-05-21 15:26:10 status unpacked libavahi-common-data:armhf 0.8-10+deb12u1
2026-05-21 15:26:10 install libavahi-common3:armhf <none> 0.8-10+deb12u1
2026-05-21 15:26:10 status half-installed libavahi-common3:armhf 0.8-10+deb12u1
2026-05-21 15:26:11 status unpacked libavahi-common3:armhf 0.8-10+deb12u1
2026-05-21 15:26:11 install libavcodec59:armhf <none> 7:5.1.8-0+deb12u1
2026-05-21 15:26:11 status half-installed libavcodec59:armhf 7:5.1.8-0+deb12u1
2026-05-21 15:26:13 status unpacked libavcodec59:armhf 7:5.1.8-0+deb12u1
2026-05-21 15:26:14 install libavutil57:armhf <none> 7:5.1.8-0+deb12u1
2026-05-21 15:26:14 status half-installed libavutil57:armhf 7:5.1.8-0+deb12u1
2026-05-21 15:26:14 status unpacked libavutil57:armhf 7:5.1.8-0+deb12u1
2026-05-21 15:26:14 install libbinutils:armhf <none> 2.40-2
2026-05-21 15:26:14 status half-installed libbinutils:armhf 2.40-2
2026-05-21 15:26:15 status unpacked libbinutils:armhf 2.40-2
2026-05-21 15:26:15 install libblkid-dev:armhf <none> 2.38.1-5+deb12u3
2026-05-21 15:26:15 status half-installed libblkid-dev:armhf 2.38.1-5+deb12u3
2026-05-21 15:26:16 status unpacked libblkid-dev:armhf 2.38.1-5+deb12u3
2026-05-21 15:26:16 install libbpf1:armhf <none> 1:1.1.2-0+deb12u1
2026-05-21 15:26:16 status half-installed libbpf1:armhf 1:1.1.2-0+deb12u1
2026-05-21 15:26:16 status unpacked libbpf1:armhf 1:1.1.2-0+deb12u1
2026-05-21 15:26:17 install libbrotli1:armhf <none> 1.0.9-2+b6
2026-05-21 15:26:17 status half-installed libbrotli1:armhf 1.0.9-2+b6
2026-05-21 15:26:17 status unpacked libbrotli1:armhf 1.0.9-2+b6
2026-05-21 15:26:17 install libbsd0:armhf <none> 0.11.7-2
2026-05-21 15:26:17 status half-installed libbsd0:armhf 0.11.7-2
2026-05-21 15:26:18 status unpacked libbsd0:armhf 0.11.7-2
2026-05-21 15:26:18 install libc-dev-bin:armhf <none> 2.36-9+deb12u14
2026-05-21 15:26:18 status half-installed libc-dev-bin:armhf 2.36-9+deb12u14
2026-05-21 15:26:19 status unpacked libc-dev-bin:armhf 2.36-9+deb12u14
2026-05-21 15:26:19 install libc-l10n:all <none> 2.36-9+deb12u14
2026-05-21 15:26:19 status half-installed libc-l10n:all 2.36-9+deb12u14
2026-05-21 15:26:19 status unpacked libc-l10n:all 2.36-9+deb12u14
2026-05-21 15:26:20 install libc6-dev:armhf <none> 2.36-9+deb12u14
2026-05-21 15:26:20 status half-installed libc6-dev:armhf 2.36-9+deb12u14
2026-05-21 15:26:20 status unpacked libc6-dev:armhf 2.36-9+deb12u14
2026-05-21 15:26:21 install libcaca0:armhf <none> 0.99.beta20-3
2026-05-21 15:26:21 status half-installed libcaca0:armhf 0.99.beta20-3
2026-05-21 15:26:21 status unpacked libcaca0:armhf 0.99.beta20-3
2026-05-21 15:26:22 install libcairo-gobject2:armhf <none> 1.16.0-7
2026-05-21 15:26:22 status half-installed libcairo-gobject2:armhf 1.16.0-7
2026-05-21 15:26:22 status unpacked libcairo-gobject2:armhf 1.16.0-7
2026-05-21 15:26:22 install libcairo2:armhf <none> 1.16.0-7
2026-05-21 15:26:22 status half-installed libcairo2:armhf 1.16.0-7
2026-05-21 15:26:23 status unpacked libcairo2:armhf 1.16.0-7
2026-05-21 15:26:23 install libcap2-bin:armhf <none> 1:2.66-4+deb12u3+b1
2026-05-21 15:26:23 status half-installed libcap2-bin:armhf 1:2.66-4+deb12u3+b1
2026-05-21 15:26:24 status unpacked libcap2-bin:armhf 1:2.66-4+deb12u3+b1
2026-05-21 15:26:24 install libcbor0.8:armhf <none> 0.8.0-2+b1
2026-05-21 15:26:24 status half-installed libcbor0.8:armhf 0.8.0-2+b1
2026-05-21 15:26:24 status unpacked libcbor0.8:armhf 0.8.0-2+b1
2026-05-21 15:26:25 install libcc1-0:armhf <none> 12.2.0-14+deb12u1
2026-05-21 15:26:25 status half-installed libcc1-0:armhf 12.2.0-14+deb12u1
2026-05-21 15:26:25 status unpacked libcc1-0:armhf 12.2.0-14+deb12u1
2026-05-21 15:26:25 install libcodec2-1.0:armhf <none> 1.0.5-1
2026-05-21 15:26:25 status half-installed libcodec2-1.0:armhf 1.0.5-1
2026-05-21 15:26:28 status unpacked libcodec2-1.0:armhf 1.0.5-1
2026-05-21 15:26:29 install libcrypt-dev:armhf <none> 1:4.4.33-2
2026-05-21 15:26:29 status half-installed libcrypt-dev:armhf 1:4.4.33-2
2026-05-21 15:26:29 status unpacked libcrypt-dev:armhf 1:4.4.33-2
2026-05-21 15:26:29 install libctf-nobfd0:armhf <none> 2.40-2
2026-05-21 15:26:29 status half-installed libctf-nobfd0:armhf 2.40-2
2026-05-21 15:26:30 status unpacked libctf-nobfd0:armhf 2.40-2
2026-05-21 15:26:30 install libctf0:armhf <none> 2.40-2
2026-05-21 15:26:30 status half-installed libctf0:armhf 2.40-2
2026-05-21 15:26:30 status unpacked libctf0:armhf 2.40-2
2026-05-21 15:26:31 install libcurl4:armhf <none> 7.88.1-10+deb12u14
2026-05-21 15:26:31 status half-installed libcurl4:armhf 7.88.1-10+deb12u14
2026-05-21 15:26:31 status unpacked libcurl4:armhf 7.88.1-10+deb12u14
2026-05-21 15:26:32 install libdatrie1:armhf <none> 0.2.13-2+b1
2026-05-21 15:26:32 status half-installed libdatrie1:armhf 0.2.13-2+b1
2026-05-21 15:26:32 status unpacked libdatrie1:armhf 0.2.13-2+b1
2026-05-21 15:26:33 install libdav1d6:armhf <none> 1.0.0-2+deb12u1
2026-05-21 15:26:33 status half-installed libdav1d6:armhf 1.0.0-2+deb12u1
2026-05-21 15:26:33 status unpacked libdav1d6:armhf 1.0.0-2+deb12u1
2026-05-21 15:26:34 install libdbus-1-3:armhf <none> 1.14.10-1~deb12u1
2026-05-21 15:26:34 status half-installed libdbus-1-3:armhf 1.14.10-1~deb12u1
2026-05-21 15:26:34 status unpacked libdbus-1-3:armhf 1.14.10-1~deb12u1
2026-05-21 15:26:34 install libdeflate0:armhf <none> 1.14-1
2026-05-21 15:26:34 status half-installed libdeflate0:armhf 1.14-1
2026-05-21 15:26:35 status unpacked libdeflate0:armhf 1.14-1
2026-05-21 15:26:35 install libdjvulibre-text:all <none> 3.5.28-2.2~deb12u1
2026-05-21 15:26:35 status half-installed libdjvulibre-text:all 3.5.28-2.2~deb12u1
2026-05-21 15:26:35 status unpacked libdjvulibre-text:all 3.5.28-2.2~deb12u1
2026-05-21 15:26:36 install libdjvulibre21:armhf <none> 3.5.28-2.2~deb12u1
2026-05-21 15:26:36 status half-installed libdjvulibre21:armhf 3.5.28-2.2~deb12u1
2026-05-21 15:26:36 status unpacked libdjvulibre21:armhf 3.5.28-2.2~deb12u1
2026-05-21 15:26:36 install libdpkg-perl:all <none> 1.21.23
2026-05-21 15:26:36 status half-installed libdpkg-perl:all 1.21.23
2026-05-21 15:26:37 status unpacked libdpkg-perl:all 1.21.23
2026-05-21 15:26:37 install libdrm-common:all <none> 2.4.114-1
2026-05-21 15:26:37 status half-installed libdrm-common:all 2.4.114-1
2026-05-21 15:26:38 status unpacked libdrm-common:all 2.4.114-1
2026-05-21 15:26:38 install libdrm2:armhf <none> 2.4.114-1+b1
2026-05-21 15:26:38 status half-installed libdrm2:armhf 2.4.114-1+b1
2026-05-21 15:26:38 status unpacked libdrm2:armhf 2.4.114-1+b1
2026-05-21 15:26:38 install libdw1:armhf <none> 0.188-2.1
2026-05-21 15:26:38 status half-installed libdw1:armhf 0.188-2.1
2026-05-21 15:26:39 status unpacked libdw1:armhf 0.188-2.1
2026-05-21 15:26:39 install libedit2:armhf <none> 3.1-20221030-2
2026-05-21 15:26:39 status half-installed libedit2:armhf 3.1-20221030-2
2026-05-21 15:26:39 status unpacked libedit2:armhf 3.1-20221030-2
2026-05-21 15:26:40 install libelf1:armhf <none> 0.188-2.1
2026-05-21 15:26:40 status half-installed libelf1:armhf 0.188-2.1
2026-05-21 15:26:40 status unpacked libelf1:armhf 0.188-2.1
2026-05-21 15:26:41 install libevent-2.1-7:armhf <none> 2.1.12-stable-8
2026-05-21 15:26:41 status half-installed libevent-2.1-7:armhf 2.1.12-stable-8
2026-05-21 15:26:41 status unpacked libevent-2.1-7:armhf 2.1.12-stable-8
2026-05-21 15:26:41 install libexif12:armhf <none> 0.6.24-1+deb12u1
2026-05-21 15:26:41 status half-installed libexif12:armhf 0.6.24-1+deb12u1
2026-05-21 15:26:42 status unpacked libexif12:armhf 0.6.24-1+deb12u1
2026-05-21 15:26:42 install libfaust2:armhf <none> 2.54.9+ds0-1
2026-05-21 15:26:42 status half-installed libfaust2:armhf 2.54.9+ds0-1
2026-05-21 15:26:43 status unpacked libfaust2:armhf 2.54.9+ds0-1
2026-05-21 15:26:43 install libffi-dev:armhf <none> 3.4.4-1
2026-05-21 15:26:43 status half-installed libffi-dev:armhf 3.4.4-1
2026-05-21 15:26:44 status unpacked libffi-dev:armhf 3.4.4-1
2026-05-21 15:26:44 install libfftw3-single3:armhf <none> 3.3.10-1
2026-05-21 15:26:44 status half-installed libfftw3-single3:armhf 3.3.10-1
2026-05-21 15:26:45 status unpacked libfftw3-single3:armhf 3.3.10-1
2026-05-21 15:26:45 install libfido2-1:armhf <none> 1.12.0-2+b1
2026-05-21 15:26:45 status half-installed libfido2-1:armhf 1.12.0-2+b1
2026-05-21 15:26:45 status unpacked libfido2-1:armhf 1.12.0-2+b1
2026-05-21 15:26:46 install libflac-dev:armhf <none> 1.4.2+ds-2
2026-05-21 15:26:46 status half-installed libflac-dev:armhf 1.4.2+ds-2
2026-05-21 15:26:46 status unpacked libflac-dev:armhf 1.4.2+ds-2
2026-05-21 15:26:46 install libflac12:armhf <none> 1.4.2+ds-2
2026-05-21 15:26:46 status half-installed libflac12:armhf 1.4.2+ds-2
2026-05-21 15:26:47 status unpacked libflac12:armhf 1.4.2+ds-2
2026-05-21 15:26:47 install libfontconfig1:armhf <none> 2.14.1-4
2026-05-21 15:26:47 status half-installed libfontconfig1:armhf 2.14.1-4
2026-05-21 15:26:47 status unpacked libfontconfig1:armhf 2.14.1-4
2026-05-21 15:26:48 install libfreetype6:armhf <none> 2.12.1+dfsg-5+deb12u4
2026-05-21 15:26:48 status half-installed libfreetype6:armhf 2.12.1+dfsg-5+deb12u4
2026-05-21 15:26:48 status unpacked libfreetype6:armhf 2.12.1+dfsg-5+deb12u4
2026-05-21 15:26:49 install libfribidi0:armhf <none> 1.0.8-2.1
2026-05-21 15:26:49 status half-installed libfribidi0:armhf 1.0.8-2.1
2026-05-21 15:26:49 status unpacked libfribidi0:armhf 1.0.8-2.1
2026-05-21 15:26:50 install libftdi1:armhf <none> 0.20-4+b1
2026-05-21 15:26:50 status half-installed libftdi1:armhf 0.20-4+b1
2026-05-21 15:26:50 status unpacked libftdi1:armhf 0.20-4+b1
2026-05-21 15:26:50 install libftdi1-2:armhf <none> 1.5-6+b2
2026-05-21 15:26:50 status half-installed libftdi1-2:armhf 1.5-6+b2
2026-05-21 15:26:50 status unpacked libftdi1-2:armhf 1.5-6+b2
2026-05-21 15:26:51 install libftdi1-dev:armhf <none> 1.5-6+b2
2026-05-21 15:26:51 status half-installed libftdi1-dev:armhf 1.5-6+b2
2026-05-21 15:26:51 status unpacked libftdi1-dev:armhf 1.5-6+b2
2026-05-21 15:26:51 install libgcc-12-dev:armhf <none> 12.2.0-14+deb12u1
2026-05-21 15:26:51 status half-installed libgcc-12-dev:armhf 12.2.0-14+deb12u1
2026-05-21 15:26:52 status unpacked libgcc-12-dev:armhf 12.2.0-14+deb12u1
2026-05-21 15:26:52 install libgdbm-compat4:armhf <none> 1.23-3
2026-05-21 15:26:52 status half-installed libgdbm-compat4:armhf 1.23-3
2026-05-21 15:26:52 status unpacked libgdbm-compat4:armhf 1.23-3
2026-05-21 15:26:53 install libgdbm6:armhf <none> 1.23-3
2026-05-21 15:26:53 status half-installed libgdbm6:armhf 1.23-3
2026-05-21 15:26:53 status unpacked libgdbm6:armhf 1.23-3
2026-05-21 15:26:54 install libgdk-pixbuf-2.0-0:armhf <none> 2.42.10+dfsg-1+deb12u4
2026-05-21 15:26:54 status half-installed libgdk-pixbuf-2.0-0:armhf 2.42.10+dfsg-1+deb12u4
2026-05-21 15:26:54 status unpacked libgdk-pixbuf-2.0-0:armhf 2.42.10+dfsg-1+deb12u4
2026-05-21 15:26:54 install libgdk-pixbuf2.0-common:all <none> 2.42.10+dfsg-1+deb12u4
2026-05-21 15:26:54 status half-installed libgdk-pixbuf2.0-common:all 2.42.10+dfsg-1+deb12u4
2026-05-21 15:26:55 status unpacked libgdk-pixbuf2.0-common:all 2.42.10+dfsg-1+deb12u4
2026-05-21 15:26:55 install libgif7:armhf <none> 5.2.1-2.5
2026-05-21 15:26:55 status half-installed libgif7:armhf 5.2.1-2.5
2026-05-21 15:26:55 status unpacked libgif7:armhf 5.2.1-2.5
2026-05-21 15:26:56 install libglib2.0-0:armhf <none> 2.74.6-2+deb12u9
2026-05-21 15:26:56 status half-installed libglib2.0-0:armhf 2.74.6-2+deb12u9
2026-05-21 15:26:56 status unpacked libglib2.0-0:armhf 2.74.6-2+deb12u9
2026-05-21 15:26:57 install libglib2.0-bin:armhf <none> 2.74.6-2+deb12u9
2026-05-21 15:26:57 status half-installed libglib2.0-bin:armhf 2.74.6-2+deb12u9
2026-05-21 15:26:57 status unpacked libglib2.0-bin:armhf 2.74.6-2+deb12u9
2026-05-21 15:26:57 install libglib2.0-data:all <none> 2.74.6-2+deb12u9
2026-05-21 15:26:57 status half-installed libglib2.0-data:all 2.74.6-2+deb12u9
2026-05-21 15:26:58 status unpacked libglib2.0-data:all 2.74.6-2+deb12u9
2026-05-21 15:26:58 install libglib2.0-dev:armhf <none> 2.74.6-2+deb12u9
2026-05-21 15:26:58 status half-installed libglib2.0-dev:armhf 2.74.6-2+deb12u9
2026-05-21 15:26:59 status unpacked libglib2.0-dev:armhf 2.74.6-2+deb12u9
2026-05-21 15:26:59 install libglib2.0-dev-bin:armhf <none> 2.74.6-2+deb12u9
2026-05-21 15:26:59 status half-installed libglib2.0-dev-bin:armhf 2.74.6-2+deb12u9
2026-05-21 15:27:00 status unpacked libglib2.0-dev-bin:armhf 2.74.6-2+deb12u9
2026-05-21 15:27:00 install libgmp-dev:armhf <none> 2:6.2.1+dfsg1-1.1
2026-05-21 15:27:00 status half-installed libgmp-dev:armhf 2:6.2.1+dfsg1-1.1
2026-05-21 15:27:00 status unpacked libgmp-dev:armhf 2:6.2.1+dfsg1-1.1
2026-05-21 15:27:01 install libgmpxx4ldbl:armhf <none> 2:6.2.1+dfsg1-1.1
2026-05-21 15:27:01 status half-installed libgmpxx4ldbl:armhf 2:6.2.1+dfsg1-1.1
2026-05-21 15:27:01 status unpacked libgmpxx4ldbl:armhf 2:6.2.1+dfsg1-1.1
2026-05-21 15:27:01 install libgnutls-dane0:armhf <none> 3.7.9-2+deb12u6
2026-05-21 15:27:01 status half-installed libgnutls-dane0:armhf 3.7.9-2+deb12u6
2026-05-21 15:27:02 status unpacked libgnutls-dane0:armhf 3.7.9-2+deb12u6
2026-05-21 15:27:02 install libgnutls-openssl27:armhf <none> 3.7.9-2+deb12u6
2026-05-21 15:27:02 status half-installed libgnutls-openssl27:armhf 3.7.9-2+deb12u6
2026-05-21 15:27:02 status unpacked libgnutls-openssl27:armhf 3.7.9-2+deb12u6
2026-05-21 15:27:02 install libgnutls28-dev:armhf <none> 3.7.9-2+deb12u6
2026-05-21 15:27:02 status half-installed libgnutls28-dev:armhf 3.7.9-2+deb12u6
2026-05-21 15:27:03 status unpacked libgnutls28-dev:armhf 3.7.9-2+deb12u6
2026-05-21 15:27:03 install libgnutlsxx30:armhf <none> 3.7.9-2+deb12u6
2026-05-21 15:27:03 status half-installed libgnutlsxx30:armhf 3.7.9-2+deb12u6
2026-05-21 15:27:04 status unpacked libgnutlsxx30:armhf 3.7.9-2+deb12u6
2026-05-21 15:27:04 install libgomp1:armhf <none> 12.2.0-14+deb12u1
2026-05-21 15:27:04 status half-installed libgomp1:armhf 12.2.0-14+deb12u1
2026-05-21 15:27:04 status unpacked libgomp1:armhf 12.2.0-14+deb12u1
2026-05-21 15:27:05 install libgpiod2:armhf <none> 1.6.3-1+b3
2026-05-21 15:27:05 status half-installed libgpiod2:armhf 1.6.3-1+b3
2026-05-21 15:27:05 status unpacked libgpiod2:armhf 1.6.3-1+b3
2026-05-21 15:27:06 install libgpm2:armhf <none> 1.20.7-10+b1
2026-05-21 15:27:06 status half-installed libgpm2:armhf 1.20.7-10+b1
2026-05-21 15:27:06 status unpacked libgpm2:armhf 1.20.7-10+b1
2026-05-21 15:27:06 install libgraphite2-3:armhf <none> 1.3.14-1
2026-05-21 15:27:06 status half-installed libgraphite2-3:armhf 1.3.14-1
2026-05-21 15:27:06 status unpacked libgraphite2-3:armhf 1.3.14-1
2026-05-21 15:27:07 install libgsm1:armhf <none> 1.0.22-1
2026-05-21 15:27:07 status half-installed libgsm1:armhf 1.0.22-1
2026-05-21 15:27:07 status unpacked libgsm1:armhf 1.0.22-1
2026-05-21 15:27:08 install libgssapi-krb5-2:armhf <none> 1.20.1-2+deb12u4
2026-05-21 15:27:08 status half-installed libgssapi-krb5-2:armhf 1.20.1-2+deb12u4
2026-05-21 15:27:08 status unpacked libgssapi-krb5-2:armhf 1.20.1-2+deb12u4
2026-05-21 15:27:08 install libgstreamer-plugins-base1.0-0:armhf <none> 1.22.0-3+deb12u6
2026-05-21 15:27:08 status half-installed libgstreamer-plugins-base1.0-0:armhf 1.22.0-3+deb12u6
2026-05-21 15:27:09 status unpacked libgstreamer-plugins-base1.0-0:armhf 1.22.0-3+deb12u6
2026-05-21 15:27:09 install libgstreamer1.0-0:armhf <none> 1.22.0-2+deb12u1
2026-05-21 15:27:09 status half-installed libgstreamer1.0-0:armhf 1.22.0-2+deb12u1
2026-05-21 15:27:10 status unpacked libgstreamer1.0-0:armhf 1.22.0-2+deb12u1
2026-05-21 15:27:10 install libharfbuzz0b:armhf <none> 6.0.0+dfsg-3
2026-05-21 15:27:10 status half-installed libharfbuzz0b:armhf 6.0.0+dfsg-3
2026-05-21 15:27:11 status unpacked libharfbuzz0b:armhf 6.0.0+dfsg-3
2026-05-21 15:27:11 install libhavege2:armhf <none> 1.9.14-1+b1
2026-05-21 15:27:11 status half-installed libhavege2:armhf 1.9.14-1+b1
2026-05-21 15:27:12 status unpacked libhavege2:armhf 1.9.14-1+b1
2026-05-21 15:27:12 install libhwy1:armhf <none> 1.0.3-3+deb12u1
2026-05-21 15:27:12 status half-installed libhwy1:armhf 1.0.3-3+deb12u1
2026-05-21 15:27:12 status unpacked libhwy1:armhf 1.0.3-3+deb12u1
2026-05-21 15:27:13 install libi2c0:armhf <none> 4.3-2+b3
2026-05-21 15:27:13 status half-installed libi2c0:armhf 4.3-2+b3
2026-05-21 15:27:13 status unpacked libi2c0:armhf 4.3-2+b3
2026-05-21 15:27:13 install libice6:armhf <none> 2:1.0.10-1
2026-05-21 15:27:13 status half-installed libice6:armhf 2:1.0.10-1
2026-05-21 15:27:13 status unpacked libice6:armhf 2:1.0.10-1
2026-05-21 15:27:14 install libicu72:armhf <none> 72.1-3+deb12u1
2026-05-21 15:27:14 status half-installed libicu72:armhf 72.1-3+deb12u1
2026-05-21 15:27:16 status unpacked libicu72:armhf 72.1-3+deb12u1
2026-05-21 15:27:17 install libidn2-dev:armhf <none> 2.3.3-1+b1
2026-05-21 15:27:17 status half-installed libidn2-dev:armhf 2.3.3-1+b1
2026-05-21 15:27:17 status unpacked libidn2-dev:armhf 2.3.3-1+b1
2026-05-21 15:27:17 install libiio-utils:armhf <none> 0.24-4
2026-05-21 15:27:17 status half-installed libiio-utils:armhf 0.24-4
2026-05-21 15:27:18 status unpacked libiio-utils:armhf 0.24-4
2026-05-21 15:27:18 install libiio0:armhf <none> 0.24-4
2026-05-21 15:27:18 status half-installed libiio0:armhf 0.24-4
2026-05-21 15:27:18 status unpacked libiio0:armhf 0.24-4
2026-05-21 15:27:19 install libinih1:armhf <none> 55-1
2026-05-21 15:27:19 status half-installed libinih1:armhf 55-1
2026-05-21 15:27:19 status unpacked libinih1:armhf 55-1
2026-05-21 15:27:19 install libisl23:armhf <none> 0.25-1.1
2026-05-21 15:27:19 status half-installed libisl23:armhf 0.25-1.1
2026-05-21 15:27:20 status unpacked libisl23:armhf 0.25-1.1
2026-05-21 15:27:20 install libjack-jackd2-0:armhf <none> 1.9.21~dfsg-3
2026-05-21 15:27:20 status half-installed libjack-jackd2-0:armhf 1.9.21~dfsg-3
2026-05-21 15:27:20 status unpacked libjack-jackd2-0:armhf 1.9.21~dfsg-3
2026-05-21 15:27:20 install libjack-jackd2-dev:armhf <none> 1.9.21~dfsg-3
2026-05-21 15:27:20 status half-installed libjack-jackd2-dev:armhf 1.9.21~dfsg-3
2026-05-21 15:27:21 status unpacked libjack-jackd2-dev:armhf 1.9.21~dfsg-3
2026-05-21 15:27:21 install libjansson4:armhf <none> 2.14-2
2026-05-21 15:27:21 status half-installed libjansson4:armhf 2.14-2
2026-05-21 15:27:21 status unpacked libjansson4:armhf 2.14-2
2026-05-21 15:27:22 install libjbig0:armhf <none> 2.1-6.1
2026-05-21 15:27:22 status half-installed libjbig0:armhf 2.1-6.1
2026-05-21 15:27:22 status unpacked libjbig0:armhf 2.1-6.1
2026-05-21 15:27:22 install libjpeg62-turbo:armhf <none> 1:2.1.5-2
2026-05-21 15:27:22 status half-installed libjpeg62-turbo:armhf 1:2.1.5-2
2026-05-21 15:27:23 status unpacked libjpeg62-turbo:armhf 1:2.1.5-2
2026-05-21 15:27:23 install libjxl0.7:armhf <none> 0.7.0-10+deb12u1
2026-05-21 15:27:23 status half-installed libjxl0.7:armhf 0.7.0-10+deb12u1
2026-05-21 15:27:24 status unpacked libjxl0.7:armhf 0.7.0-10+deb12u1
2026-05-21 15:27:24 install libk5crypto3:armhf <none> 1.20.1-2+deb12u4
2026-05-21 15:27:24 status half-installed libk5crypto3:armhf 1.20.1-2+deb12u4
2026-05-21 15:27:24 status unpacked libk5crypto3:armhf 1.20.1-2+deb12u4
2026-05-21 15:27:25 install libkeyutils1:armhf <none> 1.6.3-2
2026-05-21 15:27:25 status half-installed libkeyutils1:armhf 1.6.3-2
2026-05-21 15:27:25 status unpacked libkeyutils1:armhf 1.6.3-2
2026-05-21 15:27:25 install libklibc:armhf <none> 2.0.12-1
2026-05-21 15:27:25 status half-installed libklibc:armhf 2.0.12-1
2026-05-21 15:27:25 status unpacked libklibc:armhf 2.0.12-1
2026-05-21 15:27:26 install libkrb5-3:armhf <none> 1.20.1-2+deb12u4
2026-05-21 15:27:26 status half-installed libkrb5-3:armhf 1.20.1-2+deb12u4
2026-05-21 15:27:26 status unpacked libkrb5-3:armhf 1.20.1-2+deb12u4
2026-05-21 15:27:27 install libkrb5support0:armhf <none> 1.20.1-2+deb12u4
2026-05-21 15:27:27 status half-installed libkrb5support0:armhf 1.20.1-2+deb12u4
2026-05-21 15:27:27 status unpacked libkrb5support0:armhf 1.20.1-2+deb12u4
2026-05-21 15:27:27 install liblcms2-2:armhf <none> 2.14-2+deb12u1
2026-05-21 15:27:27 status half-installed liblcms2-2:armhf 2.14-2+deb12u1
2026-05-21 15:27:28 status unpacked liblcms2-2:armhf 2.14-2+deb12u1
2026-05-21 15:27:28 install libldap-2.5-0:armhf <none> 2.5.13+dfsg-5
2026-05-21 15:27:28 status half-installed libldap-2.5-0:armhf 2.5.13+dfsg-5
2026-05-21 15:27:29 status unpacked libldap-2.5-0:armhf 2.5.13+dfsg-5
2026-05-21 15:27:29 install liblerc4:armhf <none> 4.0.0+ds-2
2026-05-21 15:27:29 status half-installed liblerc4:armhf 4.0.0+ds-2
2026-05-21 15:27:29 status unpacked liblerc4:armhf 4.0.0+ds-2
2026-05-21 15:27:30 install libllvm14:armhf <none> 1:14.0.6-12
2026-05-21 15:27:30 status half-installed libllvm14:armhf 1:14.0.6-12
2026-05-21 15:27:33 status unpacked libllvm14:armhf 1:14.0.6-12
2026-05-21 15:27:34 install libltdl7:armhf <none> 2.4.7-7~deb12u1
2026-05-21 15:27:34 status half-installed libltdl7:armhf 2.4.7-7~deb12u1
2026-05-21 15:27:34 status unpacked libltdl7:armhf 2.4.7-7~deb12u1
2026-05-21 15:27:34 install liblua5.3-0:armhf <none> 5.3.6-2
2026-05-21 15:27:34 status half-installed liblua5.3-0:armhf 5.3.6-2
2026-05-21 15:27:35 status unpacked liblua5.3-0:armhf 5.3.6-2
2026-05-21 15:27:35 install libmicrohttpd-dev:armhf <none> 0.9.75-6
2026-05-21 15:27:35 status half-installed libmicrohttpd-dev:armhf 0.9.75-6
2026-05-21 15:27:35 status unpacked libmicrohttpd-dev:armhf 0.9.75-6
2026-05-21 15:27:36 install libmicrohttpd12:armhf <none> 0.9.75-6
2026-05-21 15:27:36 status half-installed libmicrohttpd12:armhf 0.9.75-6
2026-05-21 15:27:36 status unpacked libmicrohttpd12:armhf 0.9.75-6
2026-05-21 15:27:37 install libmnl0:armhf <none> 1.0.4-3
2026-05-21 15:27:37 status half-installed libmnl0:armhf 1.0.4-3
2026-05-21 15:27:37 status unpacked libmnl0:armhf 1.0.4-3
2026-05-21 15:27:37 install libmount-dev:armhf <none> 2.38.1-5+deb12u3
2026-05-21 15:27:37 status half-installed libmount-dev:armhf 2.38.1-5+deb12u3
2026-05-21 15:27:38 status unpacked libmount-dev:armhf 2.38.1-5+deb12u3
2026-05-21 15:27:38 install libmp3lame0:armhf <none> 3.100-6
2026-05-21 15:27:38 status half-installed libmp3lame0:armhf 3.100-6
2026-05-21 15:27:38 status unpacked libmp3lame0:armhf 3.100-6
2026-05-21 15:27:39 install libmpc3:armhf <none> 1.3.1-1
2026-05-21 15:27:39 status half-installed libmpc3:armhf 1.3.1-1
2026-05-21 15:27:39 status unpacked libmpc3:armhf 1.3.1-1
2026-05-21 15:27:39 install libmpfr6:armhf <none> 4.2.0-1
2026-05-21 15:27:39 status half-installed libmpfr6:armhf 4.2.0-1
2026-05-21 15:27:40 status unpacked libmpfr6:armhf 4.2.0-1
2026-05-21 15:27:40 install libmpg123-0:armhf <none> 1.31.2-1+deb12u1
2026-05-21 15:27:40 status half-installed libmpg123-0:armhf 1.31.2-1+deb12u1
2026-05-21 15:27:40 status unpacked libmpg123-0:armhf 1.31.2-1+deb12u1
2026-05-21 15:27:41 install libmpg123-dev:armhf <none> 1.31.2-1+deb12u1
2026-05-21 15:27:41 status half-installed libmpg123-dev:armhf 1.31.2-1+deb12u1
2026-05-21 15:27:41 status unpacked libmpg123-dev:armhf 1.31.2-1+deb12u1
2026-05-21 15:27:41 install libncurses6:armhf <none> 6.4-4
2026-05-21 15:27:41 status half-installed libncurses6:armhf 6.4-4
2026-05-21 15:27:42 status unpacked libncurses6:armhf 6.4-4
2026-05-21 15:27:42 install libncursesw6:armhf <none> 6.4-4
2026-05-21 15:27:42 status half-installed libncursesw6:armhf 6.4-4
2026-05-21 15:27:42 status unpacked libncursesw6:armhf 6.4-4
2026-05-21 15:27:43 install libnghttp2-14:armhf <none> 1.52.0-1+deb12u2
2026-05-21 15:27:43 status half-installed libnghttp2-14:armhf 1.52.0-1+deb12u2
2026-05-21 15:27:43 status unpacked libnghttp2-14:armhf 1.52.0-1+deb12u2
2026-05-21 15:27:43 install libnl-3-200:armhf <none> 3.7.0-0.2+b1
2026-05-21 15:27:43 status half-installed libnl-3-200:armhf 3.7.0-0.2+b1
2026-05-21 15:27:44 status unpacked libnl-3-200:armhf 3.7.0-0.2+b1
2026-05-21 15:27:44 install libnl-genl-3-200:armhf <none> 3.7.0-0.2+b1
2026-05-21 15:27:44 status half-installed libnl-genl-3-200:armhf 3.7.0-0.2+b1
2026-05-21 15:27:44 status unpacked libnl-genl-3-200:armhf 3.7.0-0.2+b1
2026-05-21 15:27:45 install libnl-route-3-200:armhf <none> 3.7.0-0.2+b1
2026-05-21 15:27:45 status half-installed libnl-route-3-200:armhf 3.7.0-0.2+b1
2026-05-21 15:27:45 status unpacked libnl-route-3-200:armhf 3.7.0-0.2+b1
2026-05-21 15:27:45 install libnsl-dev:armhf <none> 1.3.0-2
2026-05-21 15:27:45 status half-installed libnsl-dev:armhf 1.3.0-2
2026-05-21 15:27:45 status unpacked libnsl-dev:armhf 1.3.0-2
2026-05-21 15:27:46 install libnsl2:armhf <none> 1.3.0-2
2026-05-21 15:27:46 status half-installed libnsl2:armhf 1.3.0-2
2026-05-21 15:27:46 status unpacked libnsl2:armhf 1.3.0-2
2026-05-21 15:27:46 install libogg-dev:armhf <none> 1.3.5-3
2026-05-21 15:27:46 status half-installed libogg-dev:armhf 1.3.5-3
2026-05-21 15:27:47 status unpacked libogg-dev:armhf 1.3.5-3
2026-05-21 15:27:47 install libogg0:armhf <none> 1.3.5-3
2026-05-21 15:27:47 status half-installed libogg0:armhf 1.3.5-3
2026-05-21 15:27:47 status unpacked libogg0:armhf 1.3.5-3
2026-05-21 15:27:48 install libopenjp2-7:armhf <none> 2.5.0-2+deb12u2
2026-05-21 15:27:48 status half-installed libopenjp2-7:armhf 2.5.0-2+deb12u2
2026-05-21 15:27:48 status unpacked libopenjp2-7:armhf 2.5.0-2+deb12u2
2026-05-21 15:27:48 install libopus-dev:armhf <none> 1.3.1-3
2026-05-21 15:27:48 status half-installed libopus-dev:armhf 1.3.1-3
2026-05-21 15:27:48 status unpacked libopus-dev:armhf 1.3.1-3
2026-05-21 15:27:49 install libopus0:armhf <none> 1.3.1-3
2026-05-21 15:27:49 status half-installed libopus0:armhf 1.3.1-3
2026-05-21 15:27:49 status unpacked libopus0:armhf 1.3.1-3
2026-05-21 15:27:50 install liborc-0.4-0:armhf <none> 1:0.4.33-2
2026-05-21 15:27:50 status half-installed liborc-0.4-0:armhf 1:0.4.33-2
2026-05-21 15:27:50 status unpacked liborc-0.4-0:armhf 1:0.4.33-2
2026-05-21 15:27:50 install libout123-0:armhf <none> 1.31.2-1+deb12u1
2026-05-21 15:27:50 status half-installed libout123-0:armhf 1.31.2-1+deb12u1
2026-05-21 15:27:50 status unpacked libout123-0:armhf 1.31.2-1+deb12u1
2026-05-21 15:27:51 install libp11-kit-dev:armhf <none> 0.24.1-2
2026-05-21 15:27:51 status half-installed libp11-kit-dev:armhf 0.24.1-2
2026-05-21 15:27:51 status unpacked libp11-kit-dev:armhf 0.24.1-2
2026-05-21 15:27:51 install libpango-1.0-0:armhf <none> 1.50.12+ds-1
2026-05-21 15:27:51 status half-installed libpango-1.0-0:armhf 1.50.12+ds-1
2026-05-21 15:27:52 status unpacked libpango-1.0-0:armhf 1.50.12+ds-1
2026-05-21 15:27:52 install libpangocairo-1.0-0:armhf <none> 1.50.12+ds-1
2026-05-21 15:27:52 status half-installed libpangocairo-1.0-0:armhf 1.50.12+ds-1
2026-05-21 15:27:52 status unpacked libpangocairo-1.0-0:armhf 1.50.12+ds-1
2026-05-21 15:27:53 install libpangoft2-1.0-0:armhf <none> 1.50.12+ds-1
2026-05-21 15:27:53 status half-installed libpangoft2-1.0-0:armhf 1.50.12+ds-1
2026-05-21 15:27:53 status unpacked libpangoft2-1.0-0:armhf 1.50.12+ds-1
2026-05-21 15:27:53 install libpcre2-16-0:armhf <none> 10.42-1
2026-05-21 15:27:53 status half-installed libpcre2-16-0:armhf 10.42-1
2026-05-21 15:27:54 status unpacked libpcre2-16-0:armhf 10.42-1
2026-05-21 15:27:54 install libpcre2-32-0:armhf <none> 10.42-1
2026-05-21 15:27:54 status half-installed libpcre2-32-0:armhf 10.42-1
2026-05-21 15:27:54 status unpacked libpcre2-32-0:armhf 10.42-1
2026-05-21 15:27:54 install libpcre2-dev:armhf <none> 10.42-1
2026-05-21 15:27:54 status half-installed libpcre2-dev:armhf 10.42-1
2026-05-21 15:27:55 status unpacked libpcre2-dev:armhf 10.42-1
2026-05-21 15:27:55 install libpcre2-posix3:armhf <none> 10.42-1
2026-05-21 15:27:55 status half-installed libpcre2-posix3:armhf 10.42-1
2026-05-21 15:27:56 status unpacked libpcre2-posix3:armhf 10.42-1
2026-05-21 15:27:56 install libpcsclite1:armhf <none> 1.9.9-2
2026-05-21 15:27:56 status half-installed libpcsclite1:armhf 1.9.9-2
2026-05-21 15:27:56 status unpacked libpcsclite1:armhf 1.9.9-2
2026-05-21 15:27:57 install libperl5.36:armhf <none> 5.36.0-7+deb12u3
2026-05-21 15:27:57 status half-installed libperl5.36:armhf 5.36.0-7+deb12u3
2026-05-21 15:27:58 status unpacked libperl5.36:armhf 5.36.0-7+deb12u3
2026-05-21 15:27:59 install libpixman-1-0:armhf <none> 0.42.2-1
2026-05-21 15:27:59 status half-installed libpixman-1-0:armhf 0.42.2-1
2026-05-21 15:27:59 status unpacked libpixman-1-0:armhf 0.42.2-1
2026-05-21 15:27:59 install libpkgconf3:armhf <none> 1.8.1-1
2026-05-21 15:27:59 status half-installed libpkgconf3:armhf 1.8.1-1
2026-05-21 15:27:59 status unpacked libpkgconf3:armhf 1.8.1-1
2026-05-21 15:28:00 install libpng16-16:armhf <none> 1.6.39-2+deb12u5
2026-05-21 15:28:00 status half-installed libpng16-16:armhf 1.6.39-2+deb12u5
2026-05-21 15:28:00 status unpacked libpng16-16:armhf 1.6.39-2+deb12u5
2026-05-21 15:28:00 install libproc2-0:armhf <none> 2:4.0.2-3
2026-05-21 15:28:00 status half-installed libproc2-0:armhf 2:4.0.2-3
2026-05-21 15:28:01 status unpacked libproc2-0:armhf 2:4.0.2-3
2026-05-21 15:28:01 install libpsl5:armhf <none> 0.21.2-1
2026-05-21 15:28:01 status half-installed libpsl5:armhf 0.21.2-1
2026-05-21 15:28:01 status unpacked libpsl5:armhf 0.21.2-1
2026-05-21 15:28:02 install libpulse-dev:armhf <none> 16.1+dfsg1-2+b1
2026-05-21 15:28:02 status half-installed libpulse-dev:armhf 16.1+dfsg1-2+b1
2026-05-21 15:28:02 status unpacked libpulse-dev:armhf 16.1+dfsg1-2+b1
2026-05-21 15:28:02 install libpulse-mainloop-glib0:armhf <none> 16.1+dfsg1-2+b1
2026-05-21 15:28:02 status half-installed libpulse-mainloop-glib0:armhf 16.1+dfsg1-2+b1
2026-05-21 15:28:03 status unpacked libpulse-mainloop-glib0:armhf 16.1+dfsg1-2+b1
2026-05-21 15:28:03 install libpulse0:armhf <none> 16.1+dfsg1-2+b1
2026-05-21 15:28:03 status half-installed libpulse0:armhf 16.1+dfsg1-2+b1
2026-05-21 15:28:04 status unpacked libpulse0:armhf 16.1+dfsg1-2+b1
2026-05-21 15:28:04 install libpulsedsp:armhf <none> 16.1+dfsg1-2+b1
2026-05-21 15:28:04 status half-installed libpulsedsp:armhf 16.1+dfsg1-2+b1
2026-05-21 15:28:04 status unpacked libpulsedsp:armhf 16.1+dfsg1-2+b1
2026-05-21 15:28:05 install libpython3-stdlib:armhf <none> 3.11.2-1+b1
2026-05-21 15:28:05 status half-installed libpython3-stdlib:armhf 3.11.2-1+b1
2026-05-21 15:28:05 status unpacked libpython3-stdlib:armhf 3.11.2-1+b1
2026-05-21 15:28:05 install libpython3.11-stdlib:armhf <none> 3.11.2-6+deb12u7
2026-05-21 15:28:05 status half-installed libpython3.11-stdlib:armhf 3.11.2-6+deb12u7
2026-05-21 15:28:06 status unpacked libpython3.11-stdlib:armhf 3.11.2-6+deb12u7
2026-05-21 15:28:06 install librav1e0:armhf <none> 0.5.1-6
2026-05-21 15:28:06 status half-installed librav1e0:armhf 0.5.1-6
2026-05-21 15:28:07 status unpacked librav1e0:armhf 0.5.1-6
2026-05-21 15:28:07 install libreadline8:armhf <none> 8.2-1.3
2026-05-21 15:28:07 status half-installed libreadline8:armhf 8.2-1.3
2026-05-21 15:28:07 status unpacked libreadline8:armhf 8.2-1.3
2026-05-21 15:28:08 install libregexp-assemble-perl:all <none> 0.38-2
2026-05-21 15:28:08 status half-installed libregexp-assemble-perl:all 0.38-2
2026-05-21 15:28:08 status unpacked libregexp-assemble-perl:all 0.38-2
2026-05-21 15:28:08 install librsvg2-2:armhf <none> 2.54.7+dfsg-1~deb12u1
2026-05-21 15:28:08 status half-installed librsvg2-2:armhf 2.54.7+dfsg-1~deb12u1
2026-05-21 15:28:09 status unpacked librsvg2-2:armhf 2.54.7+dfsg-1~deb12u1
2026-05-21 15:28:10 install librtmp1:armhf <none> 2.4+20151223.gitfa8646d.1-2+b2
2026-05-21 15:28:10 status half-installed librtmp1:armhf 2.4+20151223.gitfa8646d.1-2+b2
2026-05-21 15:28:10 status unpacked librtmp1:armhf 2.4+20151223.gitfa8646d.1-2+b2
2026-05-21 15:28:11 install libsamplerate0:armhf <none> 0.2.2-3
2026-05-21 15:28:11 status half-installed libsamplerate0:armhf 0.2.2-3
2026-05-21 15:28:11 status unpacked libsamplerate0:armhf 0.2.2-3
2026-05-21 15:28:12 install libsasl2-2:armhf <none> 2.1.28+dfsg-10
2026-05-21 15:28:12 status half-installed libsasl2-2:armhf 2.1.28+dfsg-10
2026-05-21 15:28:12 status unpacked libsasl2-2:armhf 2.1.28+dfsg-10
2026-05-21 15:28:12 install libsasl2-modules-db:armhf <none> 2.1.28+dfsg-10
2026-05-21 15:28:12 status half-installed libsasl2-modules-db:armhf 2.1.28+dfsg-10
2026-05-21 15:28:12 status unpacked libsasl2-modules-db:armhf 2.1.28+dfsg-10
2026-05-21 15:28:13 install libsdl1.2debian:armhf <none> 1.2.15+dfsg2-8
2026-05-21 15:28:13 status half-installed libsdl1.2debian:armhf 1.2.15+dfsg2-8
2026-05-21 15:28:13 status unpacked libsdl1.2debian:armhf 1.2.15+dfsg2-8
2026-05-21 15:28:14 install libselinux1-dev:armhf <none> 3.4-1+b6
2026-05-21 15:28:14 status half-installed libselinux1-dev:armhf 3.4-1+b6
2026-05-21 15:28:14 status unpacked libselinux1-dev:armhf 3.4-1+b6
2026-05-21 15:28:14 install libsensors-config:all <none> 1:3.6.0-7.1
2026-05-21 15:28:14 status half-installed libsensors-config:all 1:3.6.0-7.1
2026-05-21 15:28:15 status unpacked libsensors-config:all 1:3.6.0-7.1
2026-05-21 15:28:15 install libsensors5:armhf <none> 1:3.6.0-7.1
2026-05-21 15:28:15 status half-installed libsensors5:armhf 1:3.6.0-7.1
2026-05-21 15:28:15 status unpacked libsensors5:armhf 1:3.6.0-7.1
2026-05-21 15:28:16 install libsepol-dev:armhf <none> 3.4-2.1
2026-05-21 15:28:16 status half-installed libsepol-dev:armhf 3.4-2.1
2026-05-21 15:28:16 status unpacked libsepol-dev:armhf 3.4-2.1
2026-05-21 15:28:17 install libshine3:armhf <none> 3.1.1-2
2026-05-21 15:28:17 status half-installed libshine3:armhf 3.1.1-2
2026-05-21 15:28:17 status unpacked libshine3:armhf 3.1.1-2
2026-05-21 15:28:18 install libslang2:armhf <none> 2.3.3-3
2026-05-21 15:28:18 status half-installed libslang2:armhf 2.3.3-3
2026-05-21 15:28:18 status unpacked libslang2:armhf 2.3.3-3
2026-05-21 15:28:18 install libsm6:armhf <none> 2:1.2.3-1
2026-05-21 15:28:18 status half-installed libsm6:armhf 2:1.2.3-1
2026-05-21 15:28:18 status unpacked libsm6:armhf 2:1.2.3-1
2026-05-21 15:28:19 install libsnappy1v5:armhf <none> 1.1.9-3
2026-05-21 15:28:19 status half-installed libsnappy1v5:armhf 1.1.9-3
2026-05-21 15:28:19 status unpacked libsnappy1v5:armhf 1.1.9-3
2026-05-21 15:28:19 install libsndfile1:armhf <none> 1.2.0-1+deb12u1
2026-05-21 15:28:19 status half-installed libsndfile1:armhf 1.2.0-1+deb12u1
2026-05-21 15:28:20 status unpacked libsndfile1:armhf 1.2.0-1+deb12u1
2026-05-21 15:28:20 install libsndfile1-dev:armhf <none> 1.2.0-1+deb12u1
2026-05-21 15:28:20 status half-installed libsndfile1-dev:armhf 1.2.0-1+deb12u1
2026-05-21 15:28:20 status unpacked libsndfile1-dev:armhf 1.2.0-1+deb12u1
2026-05-21 15:28:21 install libsodium23:armhf <none> 1.0.18-1+deb12u1
2026-05-21 15:28:21 status half-installed libsodium23:armhf 1.0.18-1+deb12u1
2026-05-21 15:28:21 status unpacked libsodium23:armhf 1.0.18-1+deb12u1
2026-05-21 15:28:21 install libsoxr0:armhf <none> 0.1.3-4
2026-05-21 15:28:21 status half-installed libsoxr0:armhf 0.1.3-4
2026-05-21 15:28:22 status unpacked libsoxr0:armhf 0.1.3-4
2026-05-21 15:28:22 install libspeex1:armhf <none> 1.2.1-2
2026-05-21 15:28:22 status half-installed libspeex1:armhf 1.2.1-2
2026-05-21 15:28:22 status unpacked libspeex1:armhf 1.2.1-2
2026-05-21 15:28:23 install libspeexdsp1:armhf <none> 1.2.1-1
2026-05-21 15:28:23 status half-installed libspeexdsp1:armhf 1.2.1-1
2026-05-21 15:28:23 status unpacked libspeexdsp1:armhf 1.2.1-1
2026-05-21 15:28:23 install libsqlite3-0:armhf <none> 3.40.1-2+deb12u2
2026-05-21 15:28:23 status half-installed libsqlite3-0:armhf 3.40.1-2+deb12u2
2026-05-21 15:28:24 status unpacked libsqlite3-0:armhf 3.40.1-2+deb12u2
2026-05-21 15:28:24 install libssh2-1:armhf <none> 1.10.0-3+b1
2026-05-21 15:28:24 status half-installed libssh2-1:armhf 1.10.0-3+b1
2026-05-21 15:28:24 status unpacked libssh2-1:armhf 1.10.0-3+b1
2026-05-21 15:28:25 install libstdc++-12-dev:armhf <none> 12.2.0-14+deb12u1
2026-05-21 15:28:25 status half-installed libstdc++-12-dev:armhf 12.2.0-14+deb12u1
2026-05-21 15:28:26 status unpacked libstdc++-12-dev:armhf 12.2.0-14+deb12u1
2026-05-21 15:28:26 install libsvtav1enc1:armhf <none> 1.4.1+dfsg-1
2026-05-21 15:28:26 status half-installed libsvtav1enc1:armhf 1.4.1+dfsg-1
2026-05-21 15:28:26 status unpacked libsvtav1enc1:armhf 1.4.1+dfsg-1
2026-05-21 15:28:27 install libswresample4:armhf <none> 7:5.1.8-0+deb12u1
2026-05-21 15:28:27 status half-installed libswresample4:armhf 7:5.1.8-0+deb12u1
2026-05-21 15:28:27 status unpacked libswresample4:armhf 7:5.1.8-0+deb12u1
2026-05-21 15:28:28 install libsyn123-0:armhf <none> 1.31.2-1+deb12u1
2026-05-21 15:28:28 status half-installed libsyn123-0:armhf 1.31.2-1+deb12u1
2026-05-21 15:28:28 status unpacked libsyn123-0:armhf 1.31.2-1+deb12u1
2026-05-21 15:28:28 install libtasn1-6-dev:armhf <none> 4.19.0-2+deb12u1
2026-05-21 15:28:28 status half-installed libtasn1-6-dev:armhf 4.19.0-2+deb12u1
2026-05-21 15:28:28 status unpacked libtasn1-6-dev:armhf 4.19.0-2+deb12u1
2026-05-21 15:28:29 install libtdb1:armhf <none> 1.4.8-2
2026-05-21 15:28:29 status half-installed libtdb1:armhf 1.4.8-2
2026-05-21 15:28:29 status unpacked libtdb1:armhf 1.4.8-2
2026-05-21 15:28:29 install libthai-data:all <none> 0.1.29-1
2026-05-21 15:28:29 status half-installed libthai-data:all 0.1.29-1
2026-05-21 15:28:30 status unpacked libthai-data:all 0.1.29-1
2026-05-21 15:28:30 install libthai0:armhf <none> 0.1.29-1
2026-05-21 15:28:30 status half-installed libthai0:armhf 0.1.29-1
2026-05-21 15:28:30 status unpacked libthai0:armhf 0.1.29-1
2026-05-21 15:28:30 install libtheora0:armhf <none> 1.1.1+dfsg.1-16.1+deb12u1
2026-05-21 15:28:30 status half-installed libtheora0:armhf 1.1.1+dfsg.1-16.1+deb12u1
2026-05-21 15:28:31 status unpacked libtheora0:armhf 1.1.1+dfsg.1-16.1+deb12u1
2026-05-21 15:28:31 install libtiff6:armhf <none> 4.5.0-6+deb12u4
2026-05-21 15:28:31 status half-installed libtiff6:armhf 4.5.0-6+deb12u4
2026-05-21 15:28:32 status unpacked libtiff6:armhf 4.5.0-6+deb12u4
2026-05-21 15:28:32 install libtirpc-common:all <none> 1.3.3+ds-1
2026-05-21 15:28:32 status half-installed libtirpc-common:all 1.3.3+ds-1
2026-05-21 15:28:32 status unpacked libtirpc-common:all 1.3.3+ds-1
2026-05-21 15:28:32 install libtirpc-dev:armhf <none> 1.3.3+ds-1
2026-05-21 15:28:32 status half-installed libtirpc-dev:armhf 1.3.3+ds-1
2026-05-21 15:28:33 status unpacked libtirpc-dev:armhf 1.3.3+ds-1
2026-05-21 15:28:33 install libtirpc3:armhf <none> 1.3.3+ds-1
2026-05-21 15:28:33 status half-installed libtirpc3:armhf 1.3.3+ds-1
2026-05-21 15:28:33 status unpacked libtirpc3:armhf 1.3.3+ds-1
2026-05-21 15:28:34 install libtwolame0:armhf <none> 0.4.0-2
2026-05-21 15:28:34 status half-installed libtwolame0:armhf 0.4.0-2
2026-05-21 15:28:34 status unpacked libtwolame0:armhf 0.4.0-2
2026-05-21 15:28:35 install libubsan1:armhf <none> 12.2.0-14+deb12u1
2026-05-21 15:28:35 status half-installed libubsan1:armhf 12.2.0-14+deb12u1
2026-05-21 15:28:35 status unpacked libubsan1:armhf 12.2.0-14+deb12u1
2026-05-21 15:28:36 install libunbound8:armhf <none> 1.17.1-2+deb12u4
2026-05-21 15:28:36 status half-installed libunbound8:armhf 1.17.1-2+deb12u4
2026-05-21 15:28:36 status unpacked libunbound8:armhf 1.17.1-2+deb12u4
2026-05-21 15:28:36 install libunwind8:armhf <none> 1.6.2-3
2026-05-21 15:28:36 status half-installed libunwind8:armhf 1.6.2-3
2026-05-21 15:28:37 status unpacked libunwind8:armhf 1.6.2-3
2026-05-21 15:28:37 install libusb-0.1-4:armhf <none> 2:0.1.12-32
2026-05-21 15:28:37 status half-installed libusb-0.1-4:armhf 2:0.1.12-32
2026-05-21 15:28:37 status unpacked libusb-0.1-4:armhf 2:0.1.12-32
2026-05-21 15:28:38 install libusb-1.0-0:armhf <none> 2:1.0.26-1
2026-05-21 15:28:38 status half-installed libusb-1.0-0:armhf 2:1.0.26-1
2026-05-21 15:28:38 status unpacked libusb-1.0-0:armhf 2:1.0.26-1
2026-05-21 15:28:39 install libusb-1.0-0-dev:armhf <none> 2:1.0.26-1
2026-05-21 15:28:39 status half-installed libusb-1.0-0-dev:armhf 2:1.0.26-1
2026-05-21 15:28:39 status unpacked libusb-1.0-0-dev:armhf 2:1.0.26-1
2026-05-21 15:28:39 install libutempter0:armhf <none> 1.2.1-3
2026-05-21 15:28:39 status half-installed libutempter0:armhf 1.2.1-3
2026-05-21 15:28:40 status unpacked libutempter0:armhf 1.2.1-3
2026-05-21 15:28:40 install libva-drm2:armhf <none> 2.17.0-1
2026-05-21 15:28:40 status half-installed libva-drm2:armhf 2.17.0-1
2026-05-21 15:28:40 status unpacked libva-drm2:armhf 2.17.0-1
2026-05-21 15:28:41 install libva-x11-2:armhf <none> 2.17.0-1
2026-05-21 15:28:41 status half-installed libva-x11-2:armhf 2.17.0-1
2026-05-21 15:28:41 status unpacked libva-x11-2:armhf 2.17.0-1
2026-05-21 15:28:42 install libva2:armhf <none> 2.17.0-1
2026-05-21 15:28:42 status half-installed libva2:armhf 2.17.0-1
2026-05-21 15:28:42 status unpacked libva2:armhf 2.17.0-1
2026-05-21 15:28:42 install libvdpau1:armhf <none> 1.5-2
2026-05-21 15:28:42 status half-installed libvdpau1:armhf 1.5-2
2026-05-21 15:28:42 status unpacked libvdpau1:armhf 1.5-2
2026-05-21 15:28:43 install libvorbis-dev:armhf <none> 1.3.7-1
2026-05-21 15:28:43 status half-installed libvorbis-dev:armhf 1.3.7-1
2026-05-21 15:28:43 status unpacked libvorbis-dev:armhf 1.3.7-1
2026-05-21 15:28:44 install libvorbis0a:armhf <none> 1.3.7-1
2026-05-21 15:28:44 status half-installed libvorbis0a:armhf 1.3.7-1
2026-05-21 15:28:44 status unpacked libvorbis0a:armhf 1.3.7-1
2026-05-21 15:28:44 install libvorbisenc2:armhf <none> 1.3.7-1
2026-05-21 15:28:44 status half-installed libvorbisenc2:armhf 1.3.7-1
2026-05-21 15:28:45 status unpacked libvorbisenc2:armhf 1.3.7-1
2026-05-21 15:28:45 install libvorbisfile3:armhf <none> 1.3.7-1
2026-05-21 15:28:45 status half-installed libvorbisfile3:armhf 1.3.7-1
2026-05-21 15:28:45 status unpacked libvorbisfile3:armhf 1.3.7-1
2026-05-21 15:28:46 install libvpx7:armhf <none> 1.12.0-1+deb12u5
2026-05-21 15:28:46 status half-installed libvpx7:armhf 1.12.0-1+deb12u5
2026-05-21 15:28:46 status unpacked libvpx7:armhf 1.12.0-1+deb12u5
2026-05-21 15:28:47 install libwebp7:armhf <none> 1.2.4-0.2+deb12u1
2026-05-21 15:28:47 status half-installed libwebp7:armhf 1.2.4-0.2+deb12u1
2026-05-21 15:28:47 status unpacked libwebp7:armhf 1.2.4-0.2+deb12u1
2026-05-21 15:28:47 install libwebpmux3:armhf <none> 1.2.4-0.2+deb12u1
2026-05-21 15:28:47 status half-installed libwebpmux3:armhf 1.2.4-0.2+deb12u1
2026-05-21 15:28:48 status unpacked libwebpmux3:armhf 1.2.4-0.2+deb12u1
2026-05-21 15:28:48 install libwebrtc-audio-processing1:armhf <none> 0.3-1+b1
2026-05-21 15:28:48 status half-installed libwebrtc-audio-processing1:armhf 0.3-1+b1
2026-05-21 15:28:48 status unpacked libwebrtc-audio-processing1:armhf 0.3-1+b1
2026-05-21 15:28:49 install libwrap0:armhf <none> 7.6.q-32
2026-05-21 15:28:49 status half-installed libwrap0:armhf 7.6.q-32
2026-05-21 15:28:49 status unpacked libwrap0:armhf 7.6.q-32
2026-05-21 15:28:49 install libx11-6:armhf <none> 2:1.8.4-2+deb12u2
2026-05-21 15:28:49 status half-installed libx11-6:armhf 2:1.8.4-2+deb12u2
2026-05-21 15:28:50 status unpacked libx11-6:armhf 2:1.8.4-2+deb12u2
2026-05-21 15:28:50 install libx11-data:all <none> 2:1.8.4-2+deb12u2
2026-05-21 15:28:50 status half-installed libx11-data:all 2:1.8.4-2+deb12u2
2026-05-21 15:28:50 status unpacked libx11-data:all 2:1.8.4-2+deb12u2
2026-05-21 15:28:51 install libx11-xcb1:armhf <none> 2:1.8.4-2+deb12u2
2026-05-21 15:28:51 status half-installed libx11-xcb1:armhf 2:1.8.4-2+deb12u2
2026-05-21 15:28:51 status unpacked libx11-xcb1:armhf 2:1.8.4-2+deb12u2
2026-05-21 15:28:52 install libx264-164:armhf <none> 2:0.164.3095+gitbaee400-3
2026-05-21 15:28:52 status half-installed libx264-164:armhf 2:0.164.3095+gitbaee400-3
2026-05-21 15:28:52 status unpacked libx264-164:armhf 2:0.164.3095+gitbaee400-3
2026-05-21 15:28:52 install libx265-199:armhf <none> 3.5-2+b1
2026-05-21 15:28:52 status half-installed libx265-199:armhf 3.5-2+b1
2026-05-21 15:28:53 status unpacked libx265-199:armhf 3.5-2+b1
2026-05-21 15:28:53 install libxau6:armhf <none> 1:1.0.9-1
2026-05-21 15:28:53 status half-installed libxau6:armhf 1:1.0.9-1
2026-05-21 15:28:53 status unpacked libxau6:armhf 1:1.0.9-1
2026-05-21 15:28:54 install libxaw7:armhf <none> 2:1.0.14-1
2026-05-21 15:28:54 status half-installed libxaw7:armhf 2:1.0.14-1
2026-05-21 15:28:54 status unpacked libxaw7:armhf 2:1.0.14-1
2026-05-21 15:28:54 install libxcb-dri3-0:armhf <none> 1.15-1
2026-05-21 15:28:54 status half-installed libxcb-dri3-0:armhf 1.15-1
2026-05-21 15:28:55 status unpacked libxcb-dri3-0:armhf 1.15-1
2026-05-21 15:28:55 install libxcb-render0:armhf <none> 1.15-1
2026-05-21 15:28:55 status half-installed libxcb-render0:armhf 1.15-1
2026-05-21 15:28:55 status unpacked libxcb-render0:armhf 1.15-1
2026-05-21 15:28:56 install libxcb-shm0:armhf <none> 1.15-1
2026-05-21 15:28:56 status half-installed libxcb-shm0:armhf 1.15-1
2026-05-21 15:28:56 status unpacked libxcb-shm0:armhf 1.15-1
2026-05-21 15:28:57 install libxcb1:armhf <none> 1.15-1
2026-05-21 15:28:57 status half-installed libxcb1:armhf 1.15-1
2026-05-21 15:28:57 status unpacked libxcb1:armhf 1.15-1
2026-05-21 15:28:57 install libxdmcp6:armhf <none> 1:1.1.2-3
2026-05-21 15:28:57 status half-installed libxdmcp6:armhf 1:1.1.2-3
2026-05-21 15:28:58 status unpacked libxdmcp6:armhf 1:1.1.2-3
2026-05-21 15:28:58 install libxext6:armhf <none> 2:1.3.4-1+b1
2026-05-21 15:28:58 status half-installed libxext6:armhf 2:1.3.4-1+b1
2026-05-21 15:28:58 status unpacked libxext6:armhf 2:1.3.4-1+b1
2026-05-21 15:28:59 install libxfixes3:armhf <none> 1:6.0.0-2
2026-05-21 15:28:59 status half-installed libxfixes3:armhf 1:6.0.0-2
2026-05-21 15:28:59 status unpacked libxfixes3:armhf 1:6.0.0-2
2026-05-21 15:28:59 install libxft2:armhf <none> 2.3.6-1
2026-05-21 15:28:59 status half-installed libxft2:armhf 2.3.6-1
2026-05-21 15:29:00 status unpacked libxft2:armhf 2.3.6-1
2026-05-21 15:29:00 install libxinerama1:armhf <none> 2:1.1.4-3
2026-05-21 15:29:00 status half-installed libxinerama1:armhf 2:1.1.4-3
2026-05-21 15:29:00 status unpacked libxinerama1:armhf 2:1.1.4-3
2026-05-21 15:29:01 install libxml2:armhf <none> 2.9.14+dfsg-1.3~deb12u5
2026-05-21 15:29:01 status half-installed libxml2:armhf 2.9.14+dfsg-1.3~deb12u5
2026-05-21 15:29:01 status unpacked libxml2:armhf 2.9.14+dfsg-1.3~deb12u5
2026-05-21 15:29:01 install libxmu6:armhf <none> 2:1.1.3-3
2026-05-21 15:29:01 status half-installed libxmu6:armhf 2:1.1.3-3
2026-05-21 15:29:02 status unpacked libxmu6:armhf 2:1.1.3-3
2026-05-21 15:29:02 install libxpm4:armhf <none> 1:3.5.12-1.1+deb12u1
2026-05-21 15:29:02 status half-installed libxpm4:armhf 1:3.5.12-1.1+deb12u1
2026-05-21 15:29:02 status unpacked libxpm4:armhf 1:3.5.12-1.1+deb12u1
2026-05-21 15:29:03 install libxrender1:armhf <none> 1:0.9.10-1.1
2026-05-21 15:29:03 status half-installed libxrender1:armhf 1:0.9.10-1.1
2026-05-21 15:29:03 status unpacked libxrender1:armhf 1:0.9.10-1.1
2026-05-21 15:29:03 install libxt6:armhf <none> 1:1.2.1-1.1
2026-05-21 15:29:03 status half-installed libxt6:armhf 1:1.2.1-1.1
2026-05-21 15:29:04 status unpacked libxt6:armhf 1:1.2.1-1.1
2026-05-21 15:29:04 install libxtables12:armhf <none> 1.8.9-2
2026-05-21 15:29:04 status half-installed libxtables12:armhf 1.8.9-2
2026-05-21 15:29:04 status unpacked libxtables12:armhf 1.8.9-2
2026-05-21 15:29:05 install libxtst6:armhf <none> 2:1.2.3-1.1
2026-05-21 15:29:05 status half-installed libxtst6:armhf 2:1.2.3-1.1
2026-05-21 15:29:05 status unpacked libxtst6:armhf 2:1.2.3-1.1
2026-05-21 15:29:05 install libxvidcore4:armhf <none> 2:1.3.7-1
2026-05-21 15:29:05 status half-installed libxvidcore4:armhf 2:1.3.7-1
2026-05-21 15:29:05 status unpacked libxvidcore4:armhf 2:1.3.7-1
2026-05-21 15:29:06 install libz3-4:armhf <none> 4.8.12-3.1
2026-05-21 15:29:06 status half-installed libz3-4:armhf 4.8.12-3.1
2026-05-21 15:29:08 status unpacked libz3-4:armhf 4.8.12-3.1
2026-05-21 15:29:08 install libzita-alsa-pcmi0:armhf <none> 0.6.1-1
2026-05-21 15:29:08 status half-installed libzita-alsa-pcmi0:armhf 0.6.1-1
2026-05-21 15:29:09 status unpacked libzita-alsa-pcmi0:armhf 0.6.1-1
2026-05-21 15:29:09 install libzita-resampler1:armhf <none> 1.8.0-2
2026-05-21 15:29:09 status half-installed libzita-resampler1:armhf 1.8.0-2
2026-05-21 15:29:09 status unpacked libzita-resampler1:armhf 1.8.0-2
2026-05-21 15:29:10 install libzvbi-common:all <none> 0.2.41-1+deb12u1
2026-05-21 15:29:10 status half-installed libzvbi-common:all 0.2.41-1+deb12u1
2026-05-21 15:29:10 status unpacked libzvbi-common:all 0.2.41-1+deb12u1
2026-05-21 15:29:10 install libzvbi0:armhf <none> 0.2.41-1+deb12u1
2026-05-21 15:29:10 status half-installed libzvbi0:armhf 0.2.41-1+deb12u1
2026-05-21 15:29:11 status unpacked libzvbi0:armhf 0.2.41-1+deb12u1
2026-05-21 15:29:11 install linux-base:all <none> 4.9
2026-05-21 15:29:11 status half-installed linux-base:all 4.9
2026-05-21 15:29:11 status unpacked linux-base:all 4.9
2026-05-21 15:29:12 install linux-libc-dev:armhf <none> 6.1.170-3
2026-05-21 15:29:12 status half-installed linux-libc-dev:armhf 6.1.170-3
2026-05-21 15:29:13 status unpacked linux-libc-dev:armhf 6.1.170-3
2026-05-21 15:29:13 install lm-sensors:armhf <none> 1:3.6.0-7.1
2026-05-21 15:29:13 status half-installed lm-sensors:armhf 1:3.6.0-7.1
2026-05-21 15:29:14 status unpacked lm-sensors:armhf 1:3.6.0-7.1
2026-05-21 15:29:14 install locales:all <none> 2.36-9+deb12u14
2026-05-21 15:29:14 status half-installed locales:all 2.36-9+deb12u14
2026-05-21 15:29:16 status unpacked locales:all 2.36-9+deb12u14
2026-05-21 15:29:16 install lrzsz:armhf <none> 0.12.21-10
2026-05-21 15:29:16 status half-installed lrzsz:armhf 0.12.21-10
2026-05-21 15:29:17 status unpacked lrzsz:armhf 0.12.21-10
2026-05-21 15:29:17 install lsb-base:all <none> 11.6
2026-05-21 15:29:17 status half-installed lsb-base:all 11.6
2026-05-21 15:29:17 status unpacked lsb-base:all 11.6
2026-05-21 15:29:17 install lsb-release:all <none> 12.0-1
2026-05-21 15:29:17 status half-installed lsb-release:all 12.0-1
2026-05-21 15:29:18 status unpacked lsb-release:all 12.0-1
2026-05-21 15:29:18 install m4:armhf <none> 1.4.19-3
2026-05-21 15:29:18 status half-installed m4:armhf 1.4.19-3
2026-05-21 15:29:18 status unpacked m4:armhf 1.4.19-3
2026-05-21 15:29:19 install make:armhf <none> 4.3-4.1
2026-05-21 15:29:19 status half-installed make:armhf 4.3-4.1
2026-05-21 15:29:19 status unpacked make:armhf 4.3-4.1
2026-05-21 15:29:19 install media-types:all <none> 10.0.0
2026-05-21 15:29:19 status half-installed media-types:all 10.0.0
2026-05-21 15:29:19 status unpacked media-types:all 10.0.0
2026-05-21 15:29:20 install nano:armhf <none> 7.2-1+deb12u1
2026-05-21 15:29:20 status half-installed nano:armhf 7.2-1+deb12u1
2026-05-21 15:29:20 status unpacked nano:armhf 7.2-1+deb12u1
2026-05-21 15:29:21 install net-tools:armhf <none> 2.10-0.1+deb12u2
2026-05-21 15:29:21 status half-installed net-tools:armhf 2.10-0.1+deb12u2
2026-05-21 15:29:21 status unpacked net-tools:armhf 2.10-0.1+deb12u2
2026-05-21 15:29:21 install netbase:all <none> 6.4
2026-05-21 15:29:21 status half-installed netbase:all 6.4
2026-05-21 15:29:22 status unpacked netbase:all 6.4
2026-05-21 15:29:22 install nettle-dev:armhf <none> 3.8.1-2
2026-05-21 15:29:22 status half-installed nettle-dev:armhf 3.8.1-2
2026-05-21 15:29:22 status unpacked nettle-dev:armhf 3.8.1-2
2026-05-21 15:29:23 install ntpdate:all <none> 1:4.2.8p15+dfsg-2~1.2.2+dfsg1-1+deb12u1
2026-05-21 15:29:23 status half-installed ntpdate:all 1:4.2.8p15+dfsg-2~1.2.2+dfsg1-1+deb12u1
2026-05-21 15:29:23 status unpacked ntpdate:all 1:4.2.8p15+dfsg-2~1.2.2+dfsg1-1+deb12u1
2026-05-21 15:29:23 install ntpsec-ntpdate:armhf <none> 1.2.2+dfsg1-1+deb12u1
2026-05-21 15:29:23 status half-installed ntpsec-ntpdate:armhf 1.2.2+dfsg1-1+deb12u1
2026-05-21 15:29:24 status unpacked ntpsec-ntpdate:armhf 1.2.2+dfsg1-1+deb12u1
2026-05-21 15:29:24 install ntpsec-ntpdig:armhf <none> 1.2.2+dfsg1-1+deb12u1
2026-05-21 15:29:24 status half-installed ntpsec-ntpdig:armhf 1.2.2+dfsg1-1+deb12u1
2026-05-21 15:29:24 status unpacked ntpsec-ntpdig:armhf 1.2.2+dfsg1-1+deb12u1
2026-05-21 15:29:24 install ocl-icd-libopencl1:armhf <none> 2.3.1-1
2026-05-21 15:29:24 status half-installed ocl-icd-libopencl1:armhf 2.3.1-1
2026-05-21 15:29:25 status unpacked ocl-icd-libopencl1:armhf 2.3.1-1
2026-05-21 15:29:25 install openssh-client:armhf <none> 1:9.2p1-2+deb12u10
2026-05-21 15:29:25 status half-installed openssh-client:armhf 1:9.2p1-2+deb12u10
2026-05-21 15:29:26 status unpacked openssh-client:armhf 1:9.2p1-2+deb12u10
2026-05-21 15:29:26 install openssh-server:armhf <none> 1:9.2p1-2+deb12u10
2026-05-21 15:29:26 status half-installed openssh-server:armhf 1:9.2p1-2+deb12u10
2026-05-21 15:29:27 status unpacked openssh-server:armhf 1:9.2p1-2+deb12u10
2026-05-21 15:29:27 install openssh-sftp-server:armhf <none> 1:9.2p1-2+deb12u10
2026-05-21 15:29:27 status half-installed openssh-sftp-server:armhf 1:9.2p1-2+deb12u10
2026-05-21 15:29:27 status unpacked openssh-sftp-server:armhf 1:9.2p1-2+deb12u10
2026-05-21 15:29:28 install openssl:armhf <none> 3.0.20-1~deb12u1
2026-05-21 15:29:28 status half-installed openssl:armhf 3.0.20-1~deb12u1
2026-05-21 15:29:29 status unpacked openssl:armhf 3.0.20-1~deb12u1
2026-05-21 15:29:29 install patch:armhf <none> 2.7.6-7
2026-05-21 15:29:29 status half-installed patch:armhf 2.7.6-7
2026-05-21 15:29:29 status unpacked patch:armhf 2.7.6-7
2026-05-21 15:29:29 install perl:armhf <none> 5.36.0-7+deb12u3
2026-05-21 15:29:29 status half-installed perl:armhf 5.36.0-7+deb12u3
2026-05-21 15:29:30 status unpacked perl:armhf 5.36.0-7+deb12u3
2026-05-21 15:29:30 install perl-modules-5.36:all <none> 5.36.0-7+deb12u3
2026-05-21 15:29:30 status half-installed perl-modules-5.36:all 5.36.0-7+deb12u3
2026-05-21 15:29:32 status unpacked perl-modules-5.36:all 5.36.0-7+deb12u3
2026-05-21 15:29:32 install pkg-config:armhf <none> 1.8.1-1
2026-05-21 15:29:32 status half-installed pkg-config:armhf 1.8.1-1
2026-05-21 15:29:32 status unpacked pkg-config:armhf 1.8.1-1
2026-05-21 15:29:33 install pkgconf:armhf <none> 1.8.1-1
2026-05-21 15:29:33 status half-installed pkgconf:armhf 1.8.1-1
2026-05-21 15:29:33 status unpacked pkgconf:armhf 1.8.1-1
2026-05-21 15:29:33 install pkgconf-bin:armhf <none> 1.8.1-1
2026-05-21 15:29:33 status half-installed pkgconf-bin:armhf 1.8.1-1
2026-05-21 15:29:33 status unpacked pkgconf-bin:armhf 1.8.1-1
2026-05-21 15:29:34 install procps:armhf <none> 2:4.0.2-3
2026-05-21 15:29:34 status half-installed procps:armhf 2:4.0.2-3
2026-05-21 15:29:35 status unpacked procps:armhf 2:4.0.2-3
2026-05-21 15:29:35 install psmisc:armhf <none> 23.6-1
2026-05-21 15:29:35 status half-installed psmisc:armhf 23.6-1
2026-05-21 15:29:35 status unpacked psmisc:armhf 23.6-1
2026-05-21 15:29:36 install pulseaudio:armhf <none> 16.1+dfsg1-2+b1
2026-05-21 15:29:36 status half-installed pulseaudio:armhf 16.1+dfsg1-2+b1
2026-05-21 15:29:36 status unpacked pulseaudio:armhf 16.1+dfsg1-2+b1
2026-05-21 15:29:37 install pulseaudio-utils:armhf <none> 16.1+dfsg1-2+b1
2026-05-21 15:29:37 status half-installed pulseaudio-utils:armhf 16.1+dfsg1-2+b1
2026-05-21 15:29:37 status unpacked pulseaudio-utils:armhf 16.1+dfsg1-2+b1
2026-05-21 15:29:37 install python-apt-common:all <none> 2.6.0
2026-05-21 15:29:37 status half-installed python-apt-common:all 2.6.0
2026-05-21 15:29:38 status unpacked python-apt-common:all 2.6.0
2026-05-21 15:29:38 install python3:armhf <none> 3.11.2-1+b1
2026-05-21 15:29:38 status half-installed python3:armhf 3.11.2-1+b1
2026-05-21 15:29:38 status unpacked python3:armhf 3.11.2-1+b1
2026-05-21 15:29:39 install python3-apt:armhf <none> 2.6.0
2026-05-21 15:29:39 status half-installed python3-apt:armhf 2.6.0
2026-05-21 15:29:39 status unpacked python3-apt:armhf 2.6.0
2026-05-21 15:29:40 install python3-dbus:armhf <none> 1.3.2-4+b1
2026-05-21 15:29:40 status half-installed python3-dbus:armhf 1.3.2-4+b1
2026-05-21 15:29:40 status unpacked python3-dbus:armhf 1.3.2-4+b1
2026-05-21 15:29:40 install python3-distutils:all <none> 3.11.2-3
2026-05-21 15:29:40 status half-installed python3-distutils:all 3.11.2-3
2026-05-21 15:29:40 status unpacked python3-distutils:all 3.11.2-3
2026-05-21 15:29:41 install python3-lib2to3:all <none> 3.11.2-3
2026-05-21 15:29:41 status half-installed python3-lib2to3:all 3.11.2-3
2026-05-21 15:29:41 status unpacked python3-lib2to3:all 3.11.2-3
2026-05-21 15:29:42 install python3-ntp:armhf <none> 1.2.2+dfsg1-1+deb12u1
2026-05-21 15:29:42 status half-installed python3-ntp:armhf 1.2.2+dfsg1-1+deb12u1
2026-05-21 15:29:42 status unpacked python3-ntp:armhf 1.2.2+dfsg1-1+deb12u1
2026-05-21 15:29:42 install python3.11:armhf <none> 3.11.2-6+deb12u7
2026-05-21 15:29:42 status half-installed python3.11:armhf 3.11.2-6+deb12u7
2026-05-21 15:29:43 status unpacked python3.11:armhf 3.11.2-6+deb12u7
2026-05-21 15:29:43 install readline-common:all <none> 8.2-1.3
2026-05-21 15:29:43 status half-installed readline-common:all 8.2-1.3
2026-05-21 15:29:43 status unpacked readline-common:all 8.2-1.3
2026-05-21 15:29:43 install rfkill:armhf <none> 2.38.1-5+deb12u3
2026-05-21 15:29:43 status half-installed rfkill:armhf 2.38.1-5+deb12u3
2026-05-21 15:29:44 status unpacked rfkill:armhf 2.38.1-5+deb12u3
2026-05-21 15:29:44 install rpcsvc-proto:armhf <none> 1.4.3-1
2026-05-21 15:29:44 status half-installed rpcsvc-proto:armhf 1.4.3-1
2026-05-21 15:29:44 status unpacked rpcsvc-proto:armhf 1.4.3-1
2026-05-21 15:29:45 install runit-helper:all <none> 2.15.2
2026-05-21 15:29:45 status half-installed runit-helper:all 2.15.2
2026-05-21 15:29:45 status unpacked runit-helper:all 2.15.2
2026-05-21 15:29:45 install sensible-utils:all <none> 0.0.17+nmu1
2026-05-21 15:29:45 status half-installed sensible-utils:all 0.0.17+nmu1
2026-05-21 15:29:45 status unpacked sensible-utils:all 0.0.17+nmu1
2026-05-21 15:29:46 install shared-mime-info:armhf <none> 2.2-1
2026-05-21 15:29:46 status half-installed shared-mime-info:armhf 2.2-1
2026-05-21 15:29:46 status unpacked shared-mime-info:armhf 2.2-1
2026-05-21 15:29:47 install sudo:armhf <none> 1.9.13p3-1+deb12u4
2026-05-21 15:29:47 status half-installed sudo:armhf 1.9.13p3-1+deb12u4
2026-05-21 15:29:48 status unpacked sudo:armhf 1.9.13p3-1+deb12u4
2026-05-21 15:29:48 install systemd-sysv:armhf <none> 252.39-1~deb12u2
2026-05-21 15:29:48 status half-installed systemd-sysv:armhf 252.39-1~deb12u2
2026-05-21 15:29:48 status unpacked systemd-sysv:armhf 252.39-1~deb12u2
2026-05-21 15:29:49 install tftp:all <none> 0.17-25
2026-05-21 15:29:49 status half-installed tftp:all 0.17-25
2026-05-21 15:29:49 status unpacked tftp:all 0.17-25
2026-05-21 15:29:49 install tftp-hpa:armhf <none> 5.2+20150808-1.4
2026-05-21 15:29:49 status half-installed tftp-hpa:armhf 5.2+20150808-1.4
2026-05-21 15:29:49 status unpacked tftp-hpa:armhf 5.2+20150808-1.4
2026-05-21 15:29:50 install tio:armhf <none> 2.5-1
2026-05-21 15:29:50 status half-installed tio:armhf 2.5-1
2026-05-21 15:29:50 status unpacked tio:armhf 2.5-1
2026-05-21 15:29:50 install ucf:all <none> 3.0043+nmu1+deb12u1
2026-05-21 15:29:50 status half-installed ucf:all 3.0043+nmu1+deb12u1
2026-05-21 15:29:51 status unpacked ucf:all 3.0043+nmu1+deb12u1
2026-05-21 15:29:51 install udev:armhf <none> 252.39-1~deb12u2
2026-05-21 15:29:51 status half-installed udev:armhf 252.39-1~deb12u2
2026-05-21 15:29:52 status unpacked udev:armhf 252.39-1~deb12u2
2026-05-21 15:29:52 install usbutils:armhf <none> 1:014-1+deb12u1
2026-05-21 15:29:52 status half-installed usbutils:armhf 1:014-1+deb12u1
2026-05-21 15:29:53 status unpacked usbutils:armhf 1:014-1+deb12u1
2026-05-21 15:29:53 install uuid-dev:armhf <none> 2.38.1-5+deb12u3
2026-05-21 15:29:53 status half-installed uuid-dev:armhf 2.38.1-5+deb12u3
2026-05-21 15:29:53 status unpacked uuid-dev:armhf 2.38.1-5+deb12u3
2026-05-21 15:29:54 install vim:armhf <none> 2:9.0.1378-2+deb12u2
2026-05-21 15:29:54 status half-installed vim:armhf 2:9.0.1378-2+deb12u2
2026-05-21 15:29:54 status unpacked vim:armhf 2:9.0.1378-2+deb12u2
2026-05-21 15:29:55 install vim-common:all <none> 2:9.0.1378-2+deb12u2
2026-05-21 15:29:55 status half-installed vim-common:all 2:9.0.1378-2+deb12u2
2026-05-21 15:29:55 status unpacked vim-common:all 2:9.0.1378-2+deb12u2
2026-05-21 15:29:55 install vim-runtime:all <none> 2:9.0.1378-2+deb12u2
2026-05-21 15:29:55 status half-installed vim-runtime:all 2:9.0.1378-2+deb12u2
2026-05-21 15:29:58 status unpacked vim-runtime:all 2:9.0.1378-2+deb12u2
2026-05-21 15:29:58 install wget:armhf <none> 1.21.3-1+deb12u1
2026-05-21 15:29:58 status half-installed wget:armhf 1.21.3-1+deb12u1
2026-05-21 15:29:59 status unpacked wget:armhf 1.21.3-1+deb12u1
2026-05-21 15:29:59 install wireless-regdb:all <none> 2026.02.04-1~deb12u1
2026-05-21 15:29:59 status half-installed wireless-regdb:all 2026.02.04-1~deb12u1
2026-05-21 15:29:59 status unpacked wireless-regdb:all 2026.02.04-1~deb12u1
2026-05-21 15:30:00 install wpasupplicant:armhf <none> 2:2.10-12+deb12u3
2026-05-21 15:30:00 status half-installed wpasupplicant:armhf 2:2.10-12+deb12u3
2026-05-21 15:30:00 status unpacked wpasupplicant:armhf 2:2.10-12+deb12u3
2026-05-21 15:30:01 install x11-common:all <none> 1:7.7+23
2026-05-21 15:30:01 status half-installed x11-common:all 1:7.7+23
2026-05-21 15:30:01 status unpacked x11-common:all 1:7.7+23
2026-05-21 15:30:01 install xbitmaps:all <none> 1.1.1-2.2
2026-05-21 15:30:01 status half-installed xbitmaps:all 1.1.1-2.2
2026-05-21 15:30:01 status unpacked xbitmaps:all 1.1.1-2.2
2026-05-21 15:30:02 install xterm:armhf <none> 379-1
2026-05-21 15:30:02 status half-installed xterm:armhf 379-1
2026-05-21 15:30:02 status unpacked xterm:armhf 379-1
2026-05-21 15:30:03 install xz-utils:armhf <none> 5.4.1-1
2026-05-21 15:30:03 status half-installed xz-utils:armhf 5.4.1-1
2026-05-21 15:30:03 status unpacked xz-utils:armhf 5.4.1-1
2026-05-21 15:30:04 install zlib1g-dev:armhf <none> 1:1.2.13.dfsg-1
2026-05-21 15:30:04 status half-installed zlib1g-dev:armhf 1:1.2.13.dfsg-1
2026-05-21 15:30:04 status unpacked zlib1g-dev:armhf 1:1.2.13.dfsg-1
2026-05-21 15:30:04 trigproc libc-bin:armhf 2.36-9+deb12u14 <none>
2026-05-21 15:30:04 status half-configured libc-bin:armhf 2.36-9+deb12u14
2026-05-21 15:30:04 status installed libc-bin:armhf 2.36-9+deb12u14
2026-05-21 15:30:04 startup packages configure
2026-05-21 15:30:04 configure media-types:all 10.0.0 <none>
2026-05-21 15:30:04 status unpacked media-types:all 10.0.0
2026-05-21 15:30:05 status half-configured media-types:all 10.0.0
2026-05-21 15:30:05 status installed media-types:all 10.0.0
2026-05-21 15:30:05 configure cpio:armhf 2.13+dfsg-7.1 <none>
2026-05-21 15:30:05 status unpacked cpio:armhf 2.13+dfsg-7.1
2026-05-21 15:30:05 status half-configured cpio:armhf 2.13+dfsg-7.1
2026-05-21 15:30:05 status installed cpio:armhf 2.13+dfsg-7.1
2026-05-21 15:30:05 configure libgraphite2-3:armhf 1.3.14-1 <none>
2026-05-21 15:30:05 status triggers-pending libc-bin:armhf 2.36-9+deb12u14
2026-05-21 15:30:05 status unpacked libgraphite2-3:armhf 1.3.14-1
2026-05-21 15:30:05 status half-configured libgraphite2-3:armhf 1.3.14-1
2026-05-21 15:30:05 status installed libgraphite2-3:armhf 1.3.14-1
2026-05-21 15:30:05 configure liblcms2-2:armhf 2.14-2+deb12u1 <none>
2026-05-21 15:30:05 status unpacked liblcms2-2:armhf 2.14-2+deb12u1
2026-05-21 15:30:05 status half-configured liblcms2-2:armhf 2.14-2+deb12u1
2026-05-21 15:30:05 status installed liblcms2-2:armhf 2.14-2+deb12u1
2026-05-21 15:30:05 configure libpixman-1-0:armhf 0.42.2-1 <none>
2026-05-21 15:30:05 status unpacked libpixman-1-0:armhf 0.42.2-1
2026-05-21 15:30:05 status half-configured libpixman-1-0:armhf 0.42.2-1
2026-05-21 15:30:05 status installed libpixman-1-0:armhf 0.42.2-1
2026-05-21 15:30:05 configure runit-helper:all 2.15.2 <none>
2026-05-21 15:30:05 status unpacked runit-helper:all 2.15.2
2026-05-21 15:30:05 status half-configured runit-helper:all 2.15.2
2026-05-21 15:30:05 status installed runit-helper:all 2.15.2
2026-05-21 15:30:05 configure lsb-base:all 11.6 <none>
2026-05-21 15:30:05 status unpacked lsb-base:all 11.6
2026-05-21 15:30:05 status half-configured lsb-base:all 11.6
2026-05-21 15:30:06 status installed lsb-base:all 11.6
2026-05-21 15:30:06 configure libaom3:armhf 3.6.0-1+deb12u2 <none>
2026-05-21 15:30:06 status unpacked libaom3:armhf 3.6.0-1+deb12u2
2026-05-21 15:30:06 status half-configured libaom3:armhf 3.6.0-1+deb12u2
2026-05-21 15:30:06 status installed libaom3:armhf 3.6.0-1+deb12u2
2026-05-21 15:30:06 configure systemd-sysv:armhf 252.39-1~deb12u2 <none>
2026-05-21 15:30:06 status unpacked systemd-sysv:armhf 252.39-1~deb12u2
2026-05-21 15:30:06 status half-configured systemd-sysv:armhf 252.39-1~deb12u2
2026-05-21 15:30:06 status installed systemd-sysv:armhf 252.39-1~deb12u2
2026-05-21 15:30:06 configure libxau6:armhf 1:1.0.9-1 <none>
2026-05-21 15:30:06 status unpacked libxau6:armhf 1:1.0.9-1
2026-05-21 15:30:06 status half-configured libxau6:armhf 1:1.0.9-1
2026-05-21 15:30:06 status installed libxau6:armhf 1:1.0.9-1
2026-05-21 15:30:06 configure net-tools:armhf 2.10-0.1+deb12u2 <none>
2026-05-21 15:30:06 status unpacked net-tools:armhf 2.10-0.1+deb12u2
2026-05-21 15:30:06 status half-configured net-tools:armhf 2.10-0.1+deb12u2
2026-05-21 15:30:06 status installed net-tools:armhf 2.10-0.1+deb12u2
2026-05-21 15:30:06 configure libkeyutils1:armhf 1.6.3-2 <none>
2026-05-21 15:30:06 status unpacked libkeyutils1:armhf 1.6.3-2
2026-05-21 15:30:06 status half-configured libkeyutils1:armhf 1.6.3-2
2026-05-21 15:30:06 status installed libkeyutils1:armhf 1.6.3-2
2026-05-21 15:30:06 configure libc-l10n:all 2.36-9+deb12u14 <none>
2026-05-21 15:30:06 status unpacked libc-l10n:all 2.36-9+deb12u14
2026-05-21 15:30:06 status half-configured libc-l10n:all 2.36-9+deb12u14
2026-05-21 15:30:06 status installed libc-l10n:all 2.36-9+deb12u14
2026-05-21 15:30:07 configure libpsl5:armhf 0.21.2-1 <none>
2026-05-21 15:30:07 status unpacked libpsl5:armhf 0.21.2-1
2026-05-21 15:30:07 status half-configured libpsl5:armhf 0.21.2-1
2026-05-21 15:30:07 status installed libpsl5:armhf 0.21.2-1
2026-05-21 15:30:07 configure libgnutls-openssl27:armhf 3.7.9-2+deb12u6 <none>
2026-05-21 15:30:07 status unpacked libgnutls-openssl27:armhf 3.7.9-2+deb12u6
2026-05-21 15:30:07 status half-configured libgnutls-openssl27:armhf 3.7.9-2+deb12u6
2026-05-21 15:30:07 status installed libgnutls-openssl27:armhf 3.7.9-2+deb12u6
2026-05-21 15:30:07 configure libcodec2-1.0:armhf 1.0.5-1 <none>
2026-05-21 15:30:07 status unpacked libcodec2-1.0:armhf 1.0.5-1
2026-05-21 15:30:07 status half-configured libcodec2-1.0:armhf 1.0.5-1
2026-05-21 15:30:07 status installed libcodec2-1.0:armhf 1.0.5-1
2026-05-21 15:30:07 configure libsodium23:armhf 1.0.18-1+deb12u1 <none>
2026-05-21 15:30:07 status unpacked libsodium23:armhf 1.0.18-1+deb12u1
2026-05-21 15:30:07 status half-configured libsodium23:armhf 1.0.18-1+deb12u1
2026-05-21 15:30:07 status installed libsodium23:armhf 1.0.18-1+deb12u1
2026-05-21 15:30:07 configure libgpm2:armhf 1.20.7-10+b1 <none>
2026-05-21 15:30:07 status unpacked libgpm2:armhf 1.20.7-10+b1
2026-05-21 15:30:07 status half-configured libgpm2:armhf 1.20.7-10+b1
2026-05-21 15:30:07 status installed libgpm2:armhf 1.20.7-10+b1
2026-05-21 15:30:07 configure libicu72:armhf 72.1-3+deb12u1 <none>
2026-05-21 15:30:07 status unpacked libicu72:armhf 72.1-3+deb12u1
2026-05-21 15:30:07 status half-configured libicu72:armhf 72.1-3+deb12u1
2026-05-21 15:30:07 status installed libicu72:armhf 72.1-3+deb12u1
2026-05-21 15:30:07 configure linux-base:all 4.9 <none>
2026-05-21 15:30:07 status unpacked linux-base:all 4.9
2026-05-21 15:30:07 status half-configured linux-base:all 4.9
2026-05-21 15:30:08 status installed linux-base:all 4.9
2026-05-21 15:30:08 configure libmpg123-0:armhf 1.31.2-1+deb12u1 <none>
2026-05-21 15:30:08 status unpacked libmpg123-0:armhf 1.31.2-1+deb12u1
2026-05-21 15:30:08 status half-configured libmpg123-0:armhf 1.31.2-1+deb12u1
2026-05-21 15:30:09 status installed libmpg123-0:armhf 1.31.2-1+deb12u1
2026-05-21 15:30:09 configure can-utils:armhf 2020.11.0-1 <none>
2026-05-21 15:30:09 status unpacked can-utils:armhf 2020.11.0-1
2026-05-21 15:30:09 status half-configured can-utils:armhf 2020.11.0-1
2026-05-21 15:30:09 status installed can-utils:armhf 2020.11.0-1
2026-05-21 15:30:09 configure libogg0:armhf 1.3.5-3 <none>
2026-05-21 15:30:09 status unpacked libogg0:armhf 1.3.5-3
2026-05-21 15:30:09 status half-configured libogg0:armhf 1.3.5-3
2026-05-21 15:30:09 status installed libogg0:armhf 1.3.5-3
2026-05-21 15:30:09 configure liblerc4:armhf 4.0.0+ds-2 <none>
2026-05-21 15:30:09 status unpacked liblerc4:armhf 4.0.0+ds-2
2026-05-21 15:30:09 status half-configured liblerc4:armhf 4.0.0+ds-2
2026-05-21 15:30:09 status installed liblerc4:armhf 4.0.0+ds-2
2026-05-21 15:30:09 configure libspeex1:armhf 1.2.1-2 <none>
2026-05-21 15:30:09 status unpacked libspeex1:armhf 1.2.1-2
2026-05-21 15:30:09 status half-configured libspeex1:armhf 1.2.1-2
2026-05-21 15:30:09 status installed libspeex1:armhf 1.2.1-2
2026-05-21 15:30:09 configure libshine3:armhf 3.1.1-2 <none>
2026-05-21 15:30:09 status unpacked libshine3:armhf 3.1.1-2
2026-05-21 15:30:09 status half-configured libshine3:armhf 3.1.1-2
2026-05-21 15:30:09 status installed libshine3:armhf 3.1.1-2
2026-05-21 15:30:09 configure bsdextrautils:armhf 2.38.1-5+deb12u3 <none>
2026-05-21 15:30:09 status unpacked bsdextrautils:armhf 2.38.1-5+deb12u3
2026-05-21 15:30:09 status half-configured bsdextrautils:armhf 2.38.1-5+deb12u3
2026-05-21 15:30:09 status installed bsdextrautils:armhf 2.38.1-5+deb12u3
2026-05-21 15:30:09 configure wget:armhf 1.21.3-1+deb12u1 <none>
2026-05-21 15:30:09 status unpacked wget:armhf 1.21.3-1+deb12u1
2026-05-21 15:30:10 status half-configured wget:armhf 1.21.3-1+deb12u1
2026-05-21 15:30:10 status installed wget:armhf 1.21.3-1+deb12u1
2026-05-21 15:30:10 configure libx264-164:armhf 2:0.164.3095+gitbaee400-3 <none>
2026-05-21 15:30:10 status unpacked libx264-164:armhf 2:0.164.3095+gitbaee400-3
2026-05-21 15:30:10 status half-configured libx264-164:armhf 2:0.164.3095+gitbaee400-3
2026-05-21 15:30:10 status installed libx264-164:armhf 2:0.164.3095+gitbaee400-3
2026-05-21 15:30:10 configure apt-transport-https:all 2.6.1 <none>
2026-05-21 15:30:10 status unpacked apt-transport-https:all 2.6.1
2026-05-21 15:30:10 status half-configured apt-transport-https:all 2.6.1
2026-05-21 15:30:10 status installed apt-transport-https:all 2.6.1
2026-05-21 15:30:10 configure libtwolame0:armhf 0.4.0-2 <none>
2026-05-21 15:30:10 status unpacked libtwolame0:armhf 0.4.0-2
2026-05-21 15:30:10 status half-configured libtwolame0:armhf 0.4.0-2
2026-05-21 15:30:10 status installed libtwolame0:armhf 0.4.0-2
2026-05-21 15:30:10 configure libdatrie1:armhf 0.2.13-2+b1 <none>
2026-05-21 15:30:10 status unpacked libdatrie1:armhf 0.2.13-2+b1
2026-05-21 15:30:10 status half-configured libdatrie1:armhf 0.2.13-2+b1
2026-05-21 15:30:10 status installed libdatrie1:armhf 0.2.13-2+b1
2026-05-21 15:30:10 configure libgsm1:armhf 1.0.22-1 <none>
2026-05-21 15:30:10 status unpacked libgsm1:armhf 1.0.22-1
2026-05-21 15:30:10 status half-configured libgsm1:armhf 1.0.22-1
2026-05-21 15:30:10 status installed libgsm1:armhf 1.0.22-1
2026-05-21 15:30:10 configure psmisc:armhf 23.6-1 <none>
2026-05-21 15:30:10 status unpacked psmisc:armhf 23.6-1
2026-05-21 15:30:10 status half-configured psmisc:armhf 23.6-1
2026-05-21 15:30:11 status installed psmisc:armhf 23.6-1
2026-05-21 15:30:11 configure libglib2.0-0:armhf 2.74.6-2+deb12u9 <none>
2026-05-21 15:30:11 status unpacked libglib2.0-0:armhf 2.74.6-2+deb12u9
2026-05-21 15:30:11 status half-configured libglib2.0-0:armhf 2.74.6-2+deb12u9
2026-05-21 15:30:11 status installed libglib2.0-0:armhf 2.74.6-2+deb12u9
2026-05-21 15:30:11 configure distro-info-data:all 0.58+deb12u7 <none>
2026-05-21 15:30:11 status unpacked distro-info-data:all 0.58+deb12u7
2026-05-21 15:30:11 status half-configured distro-info-data:all 0.58+deb12u7
2026-05-21 15:30:11 status installed distro-info-data:all 0.58+deb12u7
2026-05-21 15:30:11 configure libi2c0:armhf 4.3-2+b3 <none>
2026-05-21 15:30:11 status unpacked libi2c0:armhf 4.3-2+b3
2026-05-21 15:30:11 status half-configured libi2c0:armhf 4.3-2+b3
2026-05-21 15:30:11 status installed libi2c0:armhf 4.3-2+b3
2026-05-21 15:30:11 configure libinih1:armhf 55-1 <none>
2026-05-21 15:30:11 status unpacked libinih1:armhf 55-1
2026-05-21 15:30:11 status half-configured libinih1:armhf 55-1
2026-05-21 15:30:11 status installed libinih1:armhf 55-1
2026-05-21 15:30:11 configure libtdb1:armhf 1.4.8-2 <none>
2026-05-21 15:30:11 status unpacked libtdb1:armhf 1.4.8-2
2026-05-21 15:30:11 status half-configured libtdb1:armhf 1.4.8-2
2026-05-21 15:30:11 status installed libtdb1:armhf 1.4.8-2
2026-05-21 15:30:11 configure libtirpc-common:all 1.3.3+ds-1 <none>
2026-05-21 15:30:11 status unpacked libtirpc-common:all 1.3.3+ds-1
2026-05-21 15:30:12 status half-configured libtirpc-common:all 1.3.3+ds-1
2026-05-21 15:30:12 status installed libtirpc-common:all 1.3.3+ds-1
2026-05-21 15:30:12 configure libcbor0.8:armhf 0.8.0-2+b1 <none>
2026-05-21 15:30:12 status unpacked libcbor0.8:armhf 0.8.0-2+b1
2026-05-21 15:30:12 status half-configured libcbor0.8:armhf 0.8.0-2+b1
2026-05-21 15:30:12 status installed libcbor0.8:armhf 0.8.0-2+b1
2026-05-21 15:30:12 configure libbrotli1:armhf 1.0.9-2+b6 <none>
2026-05-21 15:30:12 status unpacked libbrotli1:armhf 1.0.9-2+b6
2026-05-21 15:30:12 status half-configured libbrotli1:armhf 1.0.9-2+b6
2026-05-21 15:30:12 status installed libbrotli1:armhf 1.0.9-2+b6
2026-05-21 15:30:12 configure chuck-data:all 1.4.2.0-1 <none>
2026-05-21 15:30:12 status unpacked chuck-data:all 1.4.2.0-1
2026-05-21 15:30:12 status half-configured chuck-data:all 1.4.2.0-1
2026-05-21 15:30:12 status installed chuck-data:all 1.4.2.0-1
2026-05-21 15:30:12 configure wireless-regdb:all 2026.02.04-1~deb12u1 <none>
2026-05-21 15:30:12 status unpacked wireless-regdb:all 2026.02.04-1~deb12u1
2026-05-21 15:30:12 status half-configured wireless-regdb:all 2026.02.04-1~deb12u1
2026-05-21 15:30:13 status installed wireless-regdb:all 2026.02.04-1~deb12u1
2026-05-21 15:30:13 configure libsqlite3-0:armhf 3.40.1-2+deb12u2 <none>
2026-05-21 15:30:13 status unpacked libsqlite3-0:armhf 3.40.1-2+deb12u2
2026-05-21 15:30:13 status half-configured libsqlite3-0:armhf 3.40.1-2+deb12u2
2026-05-21 15:30:13 status installed libsqlite3-0:armhf 3.40.1-2+deb12u2
2026-05-21 15:30:13 configure libgdk-pixbuf2.0-common:all 2.42.10+dfsg-1+deb12u4 <none>
2026-05-21 15:30:13 status unpacked libgdk-pixbuf2.0-common:all 2.42.10+dfsg-1+deb12u4
2026-05-21 15:30:13 status half-configured libgdk-pixbuf2.0-common:all 2.42.10+dfsg-1+deb12u4
2026-05-21 15:30:13 status installed libgdk-pixbuf2.0-common:all 2.42.10+dfsg-1+deb12u4
2026-05-21 15:30:13 configure binutils-common:armhf 2.40-2 <none>
2026-05-21 15:30:13 status unpacked binutils-common:armhf 2.40-2
2026-05-21 15:30:13 status half-configured binutils-common:armhf 2.40-2
2026-05-21 15:30:13 status installed binutils-common:armhf 2.40-2
2026-05-21 15:30:13 configure x11-common:all 1:7.7+23 <none>
2026-05-21 15:30:13 status unpacked x11-common:all 1:7.7+23
2026-05-21 15:30:14 status half-configured x11-common:all 1:7.7+23
2026-05-21 15:30:15 status installed x11-common:all 1:7.7+23
2026-05-21 15:30:15 configure libsensors-config:all 1:3.6.0-7.1 <none>
2026-05-21 15:30:15 status unpacked libsensors-config:all 1:3.6.0-7.1
2026-05-21 15:30:15 status half-configured libsensors-config:all 1:3.6.0-7.1
2026-05-21 15:30:15 status installed libsensors-config:all 1:3.6.0-7.1
2026-05-21 15:30:15 configure libnghttp2-14:armhf 1.52.0-1+deb12u2 <none>
2026-05-21 15:30:15 status unpacked libnghttp2-14:armhf 1.52.0-1+deb12u2
2026-05-21 15:30:15 status half-configured libnghttp2-14:armhf 1.52.0-1+deb12u2
2026-05-21 15:30:15 status installed libnghttp2-14:armhf 1.52.0-1+deb12u2
2026-05-21 15:30:15 configure libdeflate0:armhf 1.14-1 <none>
2026-05-21 15:30:15 status unpacked libdeflate0:armhf 1.14-1
2026-05-21 15:30:15 status half-configured libdeflate0:armhf 1.14-1
2026-05-21 15:30:15 status installed libdeflate0:armhf 1.14-1
2026-05-21 15:30:15 configure libapr1:armhf 1.7.2-3+deb12u1 <none>
2026-05-21 15:30:15 status unpacked libapr1:armhf 1.7.2-3+deb12u1
2026-05-21 15:30:15 status half-configured libapr1:armhf 1.7.2-3+deb12u1
2026-05-21 15:30:15 status installed libapr1:armhf 1.7.2-3+deb12u1
2026-05-21 15:30:16 configure libwebrtc-audio-processing1:armhf 0.3-1+b1 <none>
2026-05-21 15:30:16 status unpacked libwebrtc-audio-processing1:armhf 0.3-1+b1
2026-05-21 15:30:16 status half-configured libwebrtc-audio-processing1:armhf 0.3-1+b1
2026-05-21 15:30:16 status installed libwebrtc-audio-processing1:armhf 0.3-1+b1
2026-05-21 15:30:16 configure linux-libc-dev:armhf 6.1.170-3 <none>
2026-05-21 15:30:16 status unpacked linux-libc-dev:armhf 6.1.170-3
2026-05-21 15:30:16 status half-configured linux-libc-dev:armhf 6.1.170-3
2026-05-21 15:30:16 status installed linux-libc-dev:armhf 6.1.170-3
2026-05-21 15:30:16 configure libctf-nobfd0:armhf 2.40-2 <none>
2026-05-21 15:30:16 status unpacked libctf-nobfd0:armhf 2.40-2
2026-05-21 15:30:16 status half-configured libctf-nobfd0:armhf 2.40-2
2026-05-21 15:30:16 status installed libctf-nobfd0:armhf 2.40-2
2026-05-21 15:30:16 configure m4:armhf 1.4.19-3 <none>
2026-05-21 15:30:16 status unpacked m4:armhf 1.4.19-3
2026-05-21 15:30:16 status half-configured m4:armhf 1.4.19-3
2026-05-21 15:30:16 status installed m4:armhf 1.4.19-3
2026-05-21 15:30:16 configure libhwy1:armhf 1.0.3-3+deb12u1 <none>
2026-05-21 15:30:16 status unpacked libhwy1:armhf 1.0.3-3+deb12u1
2026-05-21 15:30:16 status half-configured libhwy1:armhf 1.0.3-3+deb12u1
2026-05-21 15:30:16 status installed libhwy1:armhf 1.0.3-3+deb12u1
2026-05-21 15:30:16 configure faust-common:all 2.54.9+ds0-1 <none>
2026-05-21 15:30:16 status unpacked faust-common:all 2.54.9+ds0-1
2026-05-21 15:30:16 status half-configured faust-common:all 2.54.9+ds0-1
2026-05-21 15:30:16 status installed faust-common:all 2.54.9+ds0-1
2026-05-21 15:30:16 configure libsvtav1enc1:armhf 1.4.1+dfsg-1 <none>
2026-05-21 15:30:16 status unpacked libsvtav1enc1:armhf 1.4.1+dfsg-1
2026-05-21 15:30:17 status half-configured libsvtav1enc1:armhf 1.4.1+dfsg-1
2026-05-21 15:30:17 status installed libsvtav1enc1:armhf 1.4.1+dfsg-1
2026-05-21 15:30:17 configure libogg-dev:armhf 1.3.5-3 <none>
2026-05-21 15:30:17 status unpacked libogg-dev:armhf 1.3.5-3
2026-05-21 15:30:17 status half-configured libogg-dev:armhf 1.3.5-3
2026-05-21 15:30:17 status installed libogg-dev:armhf 1.3.5-3
2026-05-21 15:30:17 configure kmod:armhf 30+20221128-1 <none>
2026-05-21 15:30:17 status unpacked kmod:armhf 30+20221128-1
2026-05-21 15:30:17 status half-configured kmod:armhf 30+20221128-1
2026-05-21 15:30:17 status installed kmod:armhf 30+20221128-1
2026-05-21 15:30:17 configure libgomp1:armhf 12.2.0-14+deb12u1 <none>
2026-05-21 15:30:17 status unpacked libgomp1:armhf 12.2.0-14+deb12u1
2026-05-21 15:30:17 status half-configured libgomp1:armhf 12.2.0-14+deb12u1
2026-05-21 15:30:17 status installed libgomp1:armhf 12.2.0-14+deb12u1
2026-05-21 15:30:17 configure libxvidcore4:armhf 2:1.3.7-1 <none>
2026-05-21 15:30:17 status unpacked libxvidcore4:armhf 2:1.3.7-1
2026-05-21 15:30:17 status half-configured libxvidcore4:armhf 2:1.3.7-1
2026-05-21 15:30:18 status installed libxvidcore4:armhf 2:1.3.7-1
2026-05-21 15:30:18 configure bzip2:armhf 1.0.8-5+b1 <none>
2026-05-21 15:30:18 status unpacked bzip2:armhf 1.0.8-5+b1
2026-05-21 15:30:18 status half-configured bzip2:armhf 1.0.8-5+b1
2026-05-21 15:30:18 status installed bzip2:armhf 1.0.8-5+b1
2026-05-21 15:30:18 configure libffi-dev:armhf 3.4.4-1 <none>
2026-05-21 15:30:18 status unpacked libffi-dev:armhf 3.4.4-1
2026-05-21 15:30:18 status half-configured libffi-dev:armhf 3.4.4-1
2026-05-21 15:30:18 status installed libffi-dev:armhf 3.4.4-1
2026-05-21 15:30:18 configure locales:all 2.36-9+deb12u14 <none>
2026-05-21 15:30:18 status unpacked locales:all 2.36-9+deb12u14
2026-05-21 15:30:18 status half-configured locales:all 2.36-9+deb12u14
2026-05-21 15:30:40 status installed locales:all 2.36-9+deb12u14
2026-05-21 15:30:40 configure libunwind8:armhf 1.6.2-3 <none>
2026-05-21 15:30:40 status unpacked libunwind8:armhf 1.6.2-3
2026-05-21 15:30:40 status half-configured libunwind8:armhf 1.6.2-3
2026-05-21 15:30:40 status installed libunwind8:armhf 1.6.2-3
2026-05-21 15:30:40 configure libjbig0:armhf 2.1-6.1 <none>
2026-05-21 15:30:40 status unpacked libjbig0:armhf 2.1-6.1
2026-05-21 15:30:41 status half-configured libjbig0:armhf 2.1-6.1
2026-05-21 15:30:41 status installed libjbig0:armhf 2.1-6.1
2026-05-21 15:30:41 configure libmicrohttpd12:armhf 0.9.75-6 <none>
2026-05-21 15:30:41 status unpacked libmicrohttpd12:armhf 0.9.75-6
2026-05-21 15:30:41 status half-configured libmicrohttpd12:armhf 0.9.75-6
2026-05-21 15:30:41 status installed libmicrohttpd12:armhf 0.9.75-6
2026-05-21 15:30:41 configure librav1e0:armhf 0.5.1-6 <none>
2026-05-21 15:30:41 status unpacked librav1e0:armhf 0.5.1-6
2026-05-21 15:30:41 status half-configured librav1e0:armhf 0.5.1-6
2026-05-21 15:30:41 status installed librav1e0:armhf 0.5.1-6
2026-05-21 15:30:41 configure libpcre2-16-0:armhf 10.42-1 <none>
2026-05-21 15:30:41 status unpacked libpcre2-16-0:armhf 10.42-1
2026-05-21 15:30:41 status half-configured libpcre2-16-0:armhf 10.42-1
2026-05-21 15:30:41 status installed libpcre2-16-0:armhf 10.42-1
2026-05-21 15:30:41 configure libjansson4:armhf 2.14-2 <none>
2026-05-21 15:30:41 status unpacked libjansson4:armhf 2.14-2
2026-05-21 15:30:41 status half-configured libjansson4:armhf 2.14-2
2026-05-21 15:30:41 status installed libjansson4:armhf 2.14-2
2026-05-21 15:30:41 configure libusb-0.1-4:armhf 2:0.1.12-32 <none>
2026-05-21 15:30:41 status unpacked libusb-0.1-4:armhf 2:0.1.12-32
2026-05-21 15:30:41 status half-configured libusb-0.1-4:armhf 2:0.1.12-32
2026-05-21 15:30:41 status installed libusb-0.1-4:armhf 2:0.1.12-32
2026-05-21 15:30:41 configure libsnappy1v5:armhf 1.1.9-3 <none>
2026-05-21 15:30:41 status unpacked libsnappy1v5:armhf 1.1.9-3
2026-05-21 15:30:41 status half-configured libsnappy1v5:armhf 1.1.9-3
2026-05-21 15:30:41 status installed libsnappy1v5:armhf 1.1.9-3
2026-05-21 15:30:41 configure libkrb5support0:armhf 1.20.1-2+deb12u4 <none>
2026-05-21 15:30:41 status unpacked libkrb5support0:armhf 1.20.1-2+deb12u4
2026-05-21 15:30:41 status half-configured libkrb5support0:armhf 1.20.1-2+deb12u4
2026-05-21 15:30:42 status installed libkrb5support0:armhf 1.20.1-2+deb12u4
2026-05-21 15:30:42 configure libout123-0:armhf 1.31.2-1+deb12u1 <none>
2026-05-21 15:30:42 status unpacked libout123-0:armhf 1.31.2-1+deb12u1
2026-05-21 15:30:42 status half-configured libout123-0:armhf 1.31.2-1+deb12u1
2026-05-21 15:30:42 status installed libout123-0:armhf 1.31.2-1+deb12u1
2026-05-21 15:30:42 configure libsasl2-modules-db:armhf 2.1.28+dfsg-10 <none>
2026-05-21 15:30:42 status unpacked libsasl2-modules-db:armhf 2.1.28+dfsg-10
2026-05-21 15:30:42 status half-configured libsasl2-modules-db:armhf 2.1.28+dfsg-10
2026-05-21 15:30:42 status installed libsasl2-modules-db:armhf 2.1.28+dfsg-10
2026-05-21 15:30:42 configure libcap2-bin:armhf 1:2.66-4+deb12u3+b1 <none>
2026-05-21 15:30:42 status unpacked libcap2-bin:armhf 1:2.66-4+deb12u3+b1
2026-05-21 15:30:42 status half-configured libcap2-bin:armhf 1:2.66-4+deb12u3+b1
2026-05-21 15:30:42 status installed libcap2-bin:armhf 1:2.66-4+deb12u3+b1
2026-05-21 15:30:42 configure libhavege2:armhf 1.9.14-1+b1 <none>
2026-05-21 15:30:42 status unpacked libhavege2:armhf 1.9.14-1+b1
2026-05-21 15:30:42 status half-configured libhavege2:armhf 1.9.14-1+b1
2026-05-21 15:30:42 status installed libhavege2:armhf 1.9.14-1+b1
2026-05-21 15:30:42 configure libsyn123-0:armhf 1.31.2-1+deb12u1 <none>
2026-05-21 15:30:42 status unpacked libsyn123-0:armhf 1.31.2-1+deb12u1
2026-05-21 15:30:42 status half-configured libsyn123-0:armhf 1.31.2-1+deb12u1
2026-05-21 15:30:42 status installed libsyn123-0:armhf 1.31.2-1+deb12u1
2026-05-21 15:30:42 configure libasound2-data:all 1.2.8-1 <none>
2026-05-21 15:30:42 status unpacked libasound2-data:all 1.2.8-1
2026-05-21 15:30:43 status half-configured libasound2-data:all 1.2.8-1
2026-05-21 15:30:43 status installed libasound2-data:all 1.2.8-1
2026-05-21 15:30:43 configure busybox:armhf 1:1.35.0-4+deb12u1+b1 <none>
2026-05-21 15:30:43 status unpacked busybox:armhf 1:1.35.0-4+deb12u1+b1
2026-05-21 15:30:43 status half-configured busybox:armhf 1:1.35.0-4+deb12u1+b1
2026-05-21 15:30:43 status installed busybox:armhf 1:1.35.0-4+deb12u1+b1
2026-05-21 15:30:43 configure libklibc:armhf 2.0.12-1 <none>
2026-05-21 15:30:43 status unpacked libklibc:armhf 2.0.12-1
2026-05-21 15:30:43 status half-configured libklibc:armhf 2.0.12-1
2026-05-21 15:30:43 status installed libklibc:armhf 2.0.12-1
2026-05-21 15:30:43 configure perl-modules-5.36:all 5.36.0-7+deb12u3 <none>
2026-05-21 15:30:43 status unpacked perl-modules-5.36:all 5.36.0-7+deb12u3
2026-05-21 15:30:43 status half-configured perl-modules-5.36:all 5.36.0-7+deb12u3
2026-05-21 15:30:43 status installed perl-modules-5.36:all 5.36.0-7+deb12u3
2026-05-21 15:30:43 configure libz3-4:armhf 4.8.12-3.1 <none>
2026-05-21 15:30:43 status unpacked libz3-4:armhf 4.8.12-3.1
2026-05-21 15:30:43 status half-configured libz3-4:armhf 4.8.12-3.1
2026-05-21 15:30:43 status installed libz3-4:armhf 4.8.12-3.1
2026-05-21 15:30:43 configure libpcre2-32-0:armhf 10.42-1 <none>
2026-05-21 15:30:43 status unpacked libpcre2-32-0:armhf 10.42-1
2026-05-21 15:30:43 status half-configured libpcre2-32-0:armhf 10.42-1
2026-05-21 15:30:43 status installed libpcre2-32-0:armhf 10.42-1
2026-05-21 15:30:43 configure libglib2.0-data:all 2.74.6-2+deb12u9 <none>
2026-05-21 15:30:43 status unpacked libglib2.0-data:all 2.74.6-2+deb12u9
2026-05-21 15:30:43 status half-configured libglib2.0-data:all 2.74.6-2+deb12u9
2026-05-21 15:30:43 status installed libglib2.0-data:all 2.74.6-2+deb12u9
2026-05-21 15:30:44 configure libpkgconf3:armhf 1.8.1-1 <none>
2026-05-21 15:30:44 status unpacked libpkgconf3:armhf 1.8.1-1
2026-05-21 15:30:44 status half-configured libpkgconf3:armhf 1.8.1-1
2026-05-21 15:30:44 status installed libpkgconf3:armhf 1.8.1-1
2026-05-21 15:30:44 configure libgmpxx4ldbl:armhf 2:6.2.1+dfsg1-1.1 <none>
2026-05-21 15:30:44 status unpacked libgmpxx4ldbl:armhf 2:6.2.1+dfsg1-1.1
2026-05-21 15:30:44 status half-configured libgmpxx4ldbl:armhf 2:6.2.1+dfsg1-1.1
2026-05-21 15:30:44 status installed libgmpxx4ldbl:armhf 2:6.2.1+dfsg1-1.1
2026-05-21 15:30:44 configure libflac12:armhf 1.4.2+ds-2 <none>
2026-05-21 15:30:44 status unpacked libflac12:armhf 1.4.2+ds-2
2026-05-21 15:30:44 status half-configured libflac12:armhf 1.4.2+ds-2
2026-05-21 15:30:44 status installed libflac12:armhf 1.4.2+ds-2
2026-05-21 15:30:44 configure rpcsvc-proto:armhf 1.4.3-1 <none>
2026-05-21 15:30:44 status unpacked rpcsvc-proto:armhf 1.4.3-1
2026-05-21 15:30:44 status half-configured rpcsvc-proto:armhf 1.4.3-1
2026-05-21 15:30:44 status installed rpcsvc-proto:armhf 1.4.3-1
2026-05-21 15:30:44 configure vim-common:all 2:9.0.1378-2+deb12u2 <none>
2026-05-21 15:30:44 status unpacked vim-common:all 2:9.0.1378-2+deb12u2
2026-05-21 15:30:44 status half-configured vim-common:all 2:9.0.1378-2+deb12u2
2026-05-21 15:30:44 status installed vim-common:all 2:9.0.1378-2+deb12u2
2026-05-21 15:30:44 configure libjpeg62-turbo:armhf 1:2.1.5-2 <none>
2026-05-21 15:30:44 status unpacked libjpeg62-turbo:armhf 1:2.1.5-2
2026-05-21 15:30:44 status half-configured libjpeg62-turbo:armhf 1:2.1.5-2
2026-05-21 15:30:44 status installed libjpeg62-turbo:armhf 1:2.1.5-2
2026-05-21 15:30:44 configure libslang2:armhf 2.3.3-3 <none>
2026-05-21 15:30:44 status unpacked libslang2:armhf 2.3.3-3
2026-05-21 15:30:44 status half-configured libslang2:armhf 2.3.3-3
2026-05-21 15:30:45 status installed libslang2:armhf 2.3.3-3
2026-05-21 15:30:45 configure libva2:armhf 2.17.0-1 <none>
2026-05-21 15:30:45 status unpacked libva2:armhf 2.17.0-1
2026-05-21 15:30:45 status half-configured libva2:armhf 2.17.0-1
2026-05-21 15:30:45 status installed libva2:armhf 2.17.0-1
2026-05-21 15:30:45 configure libx11-data:all 2:1.8.4-2+deb12u2 <none>
2026-05-21 15:30:45 status unpacked libx11-data:all 2:1.8.4-2+deb12u2
2026-05-21 15:30:45 status half-configured libx11-data:all 2:1.8.4-2+deb12u2
2026-05-21 15:30:45 status installed libx11-data:all 2:1.8.4-2+deb12u2
2026-05-21 15:30:45 configure make:armhf 4.3-4.1 <none>
2026-05-21 15:30:45 status unpacked make:armhf 4.3-4.1
2026-05-21 15:30:45 status half-configured make:armhf 4.3-4.1
2026-05-21 15:30:45 status installed make:armhf 4.3-4.1
2026-05-21 15:30:45 configure libmpfr6:armhf 4.2.0-1 <none>
2026-05-21 15:30:45 status unpacked libmpfr6:armhf 4.2.0-1
2026-05-21 15:30:45 status half-configured libmpfr6:armhf 4.2.0-1
2026-05-21 15:30:45 status installed libmpfr6:armhf 4.2.0-1
2026-05-21 15:30:45 configure librtmp1:armhf 2.4+20151223.gitfa8646d.1-2+b2 <none>
2026-05-21 15:30:45 status unpacked librtmp1:armhf 2.4+20151223.gitfa8646d.1-2+b2
2026-05-21 15:30:45 status half-configured librtmp1:armhf 2.4+20151223.gitfa8646d.1-2+b2
2026-05-21 15:30:45 status installed librtmp1:armhf 2.4+20151223.gitfa8646d.1-2+b2
2026-05-21 15:30:45 configure libgnutlsxx30:armhf 3.7.9-2+deb12u6 <none>
2026-05-21 15:30:45 status unpacked libgnutlsxx30:armhf 3.7.9-2+deb12u6
2026-05-21 15:30:45 status half-configured libgnutlsxx30:armhf 3.7.9-2+deb12u6
2026-05-21 15:30:45 status installed libgnutlsxx30:armhf 3.7.9-2+deb12u6
2026-05-21 15:30:45 configure libavahi-common-data:armhf 0.8-10+deb12u1 <none>
2026-05-21 15:30:45 status unpacked libavahi-common-data:armhf 0.8-10+deb12u1
2026-05-21 15:30:46 status half-configured libavahi-common-data:armhf 0.8-10+deb12u1
2026-05-21 15:30:46 status installed libavahi-common-data:armhf 0.8-10+deb12u1
2026-05-21 15:30:46 configure libncurses6:armhf 6.4-4 <none>
2026-05-21 15:30:46 status unpacked libncurses6:armhf 6.4-4
2026-05-21 15:30:46 status half-configured libncurses6:armhf 6.4-4
2026-05-21 15:30:46 status installed libncurses6:armhf 6.4-4
2026-05-21 15:30:46 configure libdbus-1-3:armhf 1.14.10-1~deb12u1 <none>
2026-05-21 15:30:46 status unpacked libdbus-1-3:armhf 1.14.10-1~deb12u1
2026-05-21 15:30:46 status half-configured libdbus-1-3:armhf 1.14.10-1~deb12u1
2026-05-21 15:30:46 status installed libdbus-1-3:armhf 1.14.10-1~deb12u1
2026-05-21 15:30:46 configure xz-utils:armhf 5.4.1-1 <none>
2026-05-21 15:30:46 status unpacked xz-utils:armhf 5.4.1-1
2026-05-21 15:30:46 status half-configured xz-utils:armhf 5.4.1-1
2026-05-21 15:30:46 status installed xz-utils:armhf 5.4.1-1
2026-05-21 15:30:46 configure libfribidi0:armhf 1.0.8-2.1 <none>
2026-05-21 15:30:46 status unpacked libfribidi0:armhf 1.0.8-2.1
2026-05-21 15:30:46 status half-configured libfribidi0:armhf 1.0.8-2.1
2026-05-21 15:30:46 status installed libfribidi0:armhf 1.0.8-2.1
2026-05-21 15:30:46 configure libopus0:armhf 1.3.1-3 <none>
2026-05-21 15:30:46 status unpacked libopus0:armhf 1.3.1-3
2026-05-21 15:30:46 status half-configured libopus0:armhf 1.3.1-3
2026-05-21 15:30:46 status installed libopus0:armhf 1.3.1-3
2026-05-21 15:30:46 configure libexif12:armhf 0.6.24-1+deb12u1 <none>
2026-05-21 15:30:46 status unpacked libexif12:armhf 0.6.24-1+deb12u1
2026-05-21 15:30:46 status half-configured libexif12:armhf 0.6.24-1+deb12u1
2026-05-21 15:30:47 status installed libexif12:armhf 0.6.24-1+deb12u1
2026-05-21 15:30:47 configure rfkill:armhf 2.38.1-5+deb12u3 <none>
2026-05-21 15:30:47 status unpacked rfkill:armhf 2.38.1-5+deb12u3
2026-05-21 15:30:47 status half-configured rfkill:armhf 2.38.1-5+deb12u3
2026-05-21 15:30:47 status installed rfkill:armhf 2.38.1-5+deb12u3
2026-05-21 15:30:47 configure libproc2-0:armhf 2:4.0.2-3 <none>
2026-05-21 15:30:47 status unpacked libproc2-0:armhf 2:4.0.2-3
2026-05-21 15:30:47 status half-configured libproc2-0:armhf 2:4.0.2-3
2026-05-21 15:30:47 status installed libproc2-0:armhf 2:4.0.2-3
2026-05-21 15:30:47 configure libpng16-16:armhf 1.6.39-2+deb12u5 <none>
2026-05-21 15:30:47 status unpacked libpng16-16:armhf 1.6.39-2+deb12u5
2026-05-21 15:30:47 status half-configured libpng16-16:armhf 1.6.39-2+deb12u5
2026-05-21 15:30:47 status installed libpng16-16:armhf 1.6.39-2+deb12u5
2026-05-21 15:30:47 configure libmpc3:armhf 1.3.1-1 <none>
2026-05-21 15:30:47 status unpacked libmpc3:armhf 1.3.1-1
2026-05-21 15:30:47 status half-configured libmpc3:armhf 1.3.1-1
2026-05-21 15:30:47 status installed libmpc3:armhf 1.3.1-1
2026-05-21 15:30:47 configure libmnl0:armhf 1.0.4-3 <none>
2026-05-21 15:30:47 status unpacked libmnl0:armhf 1.0.4-3
2026-05-21 15:30:47 status half-configured libmnl0:armhf 1.0.4-3
2026-05-21 15:30:47 status installed libmnl0:armhf 1.0.4-3
2026-05-21 15:30:47 configure libatomic1:armhf 12.2.0-14+deb12u1 <none>
2026-05-21 15:30:47 status unpacked libatomic1:armhf 12.2.0-14+deb12u1
2026-05-21 15:30:47 status half-configured libatomic1:armhf 12.2.0-14+deb12u1
2026-05-21 15:30:47 status installed libatomic1:armhf 12.2.0-14+deb12u1
2026-05-21 15:30:47 configure libvorbis0a:armhf 1.3.7-1 <none>
2026-05-21 15:30:47 status unpacked libvorbis0a:armhf 1.3.7-1
2026-05-21 15:30:48 status half-configured libvorbis0a:armhf 1.3.7-1
2026-05-21 15:30:48 status installed libvorbis0a:armhf 1.3.7-1
2026-05-21 15:30:48 configure udev:armhf 252.39-1~deb12u2 <none>
2026-05-21 15:30:48 status unpacked udev:armhf 252.39-1~deb12u2
2026-05-21 15:30:48 status half-configured udev:armhf 252.39-1~deb12u2
2026-05-21 15:30:53 status installed udev:armhf 252.39-1~deb12u2
2026-05-21 15:30:53 configure libevent-2.1-7:armhf 2.1.12-stable-8 <none>
2026-05-21 15:30:53 status unpacked libevent-2.1-7:armhf 2.1.12-stable-8
2026-05-21 15:30:54 status half-configured libevent-2.1-7:armhf 2.1.12-stable-8
2026-05-21 15:30:54 status installed libevent-2.1-7:armhf 2.1.12-stable-8
2026-05-21 15:30:54 configure patch:armhf 2.7.6-7 <none>
2026-05-21 15:30:54 status unpacked patch:armhf 2.7.6-7
2026-05-21 15:30:54 status half-configured patch:armhf 2.7.6-7
2026-05-21 15:30:54 status installed patch:armhf 2.7.6-7
2026-05-21 15:30:54 configure liborc-0.4-0:armhf 1:0.4.33-2 <none>
2026-05-21 15:30:54 status unpacked liborc-0.4-0:armhf 1:0.4.33-2
2026-05-21 15:30:54 status half-configured liborc-0.4-0:armhf 1:0.4.33-2
2026-05-21 15:30:54 status installed liborc-0.4-0:armhf 1:0.4.33-2
2026-05-21 15:30:54 configure sudo:armhf 1.9.13p3-1+deb12u4 <none>
2026-05-21 15:30:54 status unpacked sudo:armhf 1.9.13p3-1+deb12u4
2026-05-21 15:30:54 status half-configured sudo:armhf 1.9.13p3-1+deb12u4
2026-05-21 15:30:55 status installed sudo:armhf 1.9.13p3-1+deb12u4
2026-05-21 15:30:55 configure fonts-dejavu-core:all 2.37-6 <none>
2026-05-21 15:30:55 status unpacked fonts-dejavu-core:all 2.37-6
2026-05-21 15:30:56 status half-configured fonts-dejavu-core:all 2.37-6
2026-05-21 15:30:56 status installed fonts-dejavu-core:all 2.37-6
2026-05-21 15:30:56 configure libsepol-dev:armhf 3.4-2.1 <none>
2026-05-21 15:30:56 status unpacked libsepol-dev:armhf 3.4-2.1
2026-05-21 15:30:56 status half-configured libsepol-dev:armhf 3.4-2.1
2026-05-21 15:30:56 status installed libsepol-dev:armhf 3.4-2.1
2026-05-21 15:30:56 configure libpcsclite1:armhf 1.9.9-2 <none>
2026-05-21 15:30:56 status unpacked libpcsclite1:armhf 1.9.9-2
2026-05-21 15:30:56 status half-configured libpcsclite1:armhf 1.9.9-2
2026-05-21 15:30:56 status installed libpcsclite1:armhf 1.9.9-2
2026-05-21 15:30:56 configure pkgconf-bin:armhf 1.8.1-1 <none>
2026-05-21 15:30:56 status unpacked pkgconf-bin:armhf 1.8.1-1
2026-05-21 15:30:56 status half-configured pkgconf-bin:armhf 1.8.1-1
2026-05-21 15:30:56 status installed pkgconf-bin:armhf 1.8.1-1
2026-05-21 15:30:56 configure libsensors5:armhf 1:3.6.0-7.1 <none>
2026-05-21 15:30:56 status unpacked libsensors5:armhf 1:3.6.0-7.1
2026-05-21 15:30:56 status half-configured libsensors5:armhf 1:3.6.0-7.1
2026-05-21 15:30:56 status installed libsensors5:armhf 1:3.6.0-7.1
2026-05-21 15:30:56 configure libzita-resampler1:armhf 1.8.0-2 <none>
2026-05-21 15:30:56 status unpacked libzita-resampler1:armhf 1.8.0-2
2026-05-21 15:30:56 status half-configured libzita-resampler1:armhf 1.8.0-2
2026-05-21 15:30:56 status installed libzita-resampler1:armhf 1.8.0-2
2026-05-21 15:30:56 configure libjxl0.7:armhf 0.7.0-10+deb12u1 <none>
2026-05-21 15:30:56 status unpacked libjxl0.7:armhf 0.7.0-10+deb12u1
2026-05-21 15:30:57 status half-configured libjxl0.7:armhf 0.7.0-10+deb12u1
2026-05-21 15:30:57 status installed libjxl0.7:armhf 0.7.0-10+deb12u1
2026-05-21 15:30:57 configure libncursesw6:armhf 6.4-4 <none>
2026-05-21 15:30:57 status unpacked libncursesw6:armhf 6.4-4
2026-05-21 15:30:57 status half-configured libncursesw6:armhf 6.4-4
2026-05-21 15:30:57 status installed libncursesw6:armhf 6.4-4
2026-05-21 15:30:57 configure libk5crypto3:armhf 1.20.1-2+deb12u4 <none>
2026-05-21 15:30:57 status unpacked libk5crypto3:armhf 1.20.1-2+deb12u4
2026-05-21 15:30:57 status half-configured libk5crypto3:armhf 1.20.1-2+deb12u4
2026-05-21 15:30:57 status installed libk5crypto3:armhf 1.20.1-2+deb12u4
2026-05-21 15:30:57 configure libxtables12:armhf 1.8.9-2 <none>
2026-05-21 15:30:57 status unpacked libxtables12:armhf 1.8.9-2
2026-05-21 15:30:57 status half-configured libxtables12:armhf 1.8.9-2
2026-05-21 15:30:57 status installed libxtables12:armhf 1.8.9-2
2026-05-21 15:30:57 configure libdav1d6:armhf 1.0.0-2+deb12u1 <none>
2026-05-21 15:30:57 status unpacked libdav1d6:armhf 1.0.0-2+deb12u1
2026-05-21 15:30:57 status half-configured libdav1d6:armhf 1.0.0-2+deb12u1
2026-05-21 15:30:57 status installed libdav1d6:armhf 1.0.0-2+deb12u1
2026-05-21 15:30:57 configure libltdl7:armhf 2.4.7-7~deb12u1 <none>
2026-05-21 15:30:57 status unpacked libltdl7:armhf 2.4.7-7~deb12u1
2026-05-21 15:30:57 status half-configured libltdl7:armhf 2.4.7-7~deb12u1
2026-05-21 15:30:57 status installed libltdl7:armhf 2.4.7-7~deb12u1
2026-05-21 15:30:57 configure libidn2-dev:armhf 2.3.3-1+b1 <none>
2026-05-21 15:30:57 status unpacked libidn2-dev:armhf 2.3.3-1+b1
2026-05-21 15:30:57 status half-configured libidn2-dev:armhf 2.3.3-1+b1
2026-05-21 15:30:57 status installed libidn2-dev:armhf 2.3.3-1+b1
2026-05-21 15:30:57 configure libsasl2-2:armhf 2.1.28+dfsg-10 <none>
2026-05-21 15:30:57 status unpacked libsasl2-2:armhf 2.1.28+dfsg-10
2026-05-21 15:30:57 status half-configured libsasl2-2:armhf 2.1.28+dfsg-10
2026-05-21 15:30:58 status installed libsasl2-2:armhf 2.1.28+dfsg-10
2026-05-21 15:30:58 configure libx265-199:armhf 3.5-2+b1 <none>
2026-05-21 15:30:58 status unpacked libx265-199:armhf 3.5-2+b1
2026-05-21 15:30:58 status half-configured libx265-199:armhf 3.5-2+b1
2026-05-21 15:30:58 status installed libx265-199:armhf 3.5-2+b1
2026-05-21 15:30:58 configure libwebp7:armhf 1.2.4-0.2+deb12u1 <none>
2026-05-21 15:30:58 status unpacked libwebp7:armhf 1.2.4-0.2+deb12u1
2026-05-21 15:30:58 status half-configured libwebp7:armhf 1.2.4-0.2+deb12u1
2026-05-21 15:30:58 status installed libwebp7:armhf 1.2.4-0.2+deb12u1
2026-05-21 15:30:58 configure libutempter0:armhf 1.2.1-3 <none>
2026-05-21 15:30:58 status unpacked libutempter0:armhf 1.2.1-3
2026-05-21 15:30:58 status half-configured libutempter0:armhf 1.2.1-3
2026-05-21 15:30:58 status installed libutempter0:armhf 1.2.1-3
2026-05-21 15:30:58 configure libubsan1:armhf 12.2.0-14+deb12u1 <none>
2026-05-21 15:30:58 status unpacked libubsan1:armhf 12.2.0-14+deb12u1
2026-05-21 15:30:58 status half-configured libubsan1:armhf 12.2.0-14+deb12u1
2026-05-21 15:30:58 status installed libubsan1:armhf 12.2.0-14+deb12u1
2026-05-21 15:30:58 configure libgif7:armhf 5.2.1-2.5 <none>
2026-05-21 15:30:58 status unpacked libgif7:armhf 5.2.1-2.5
2026-05-21 15:30:58 status half-configured libgif7:armhf 5.2.1-2.5
2026-05-21 15:30:58 status installed libgif7:armhf 5.2.1-2.5
2026-05-21 15:30:58 configure nano:armhf 7.2-1+deb12u1 <none>
2026-05-21 15:30:58 status unpacked nano:armhf 7.2-1+deb12u1
2026-05-21 15:30:58 status half-configured nano:armhf 7.2-1+deb12u1
2026-05-21 15:30:59 status installed nano:armhf 7.2-1+deb12u1
2026-05-21 15:30:59 configure libpcre2-posix3:armhf 10.42-1 <none>
2026-05-21 15:30:59 status unpacked libpcre2-posix3:armhf 10.42-1
2026-05-21 15:30:59 status half-configured libpcre2-posix3:armhf 10.42-1
2026-05-21 15:30:59 status installed libpcre2-posix3:armhf 10.42-1
2026-05-21 15:30:59 configure python-apt-common:all 2.6.0 <none>
2026-05-21 15:30:59 status unpacked python-apt-common:all 2.6.0
2026-05-21 15:30:59 status half-configured python-apt-common:all 2.6.0
2026-05-21 15:30:59 status installed python-apt-common:all 2.6.0
2026-05-21 15:30:59 configure sensible-utils:all 0.0.17+nmu1 <none>
2026-05-21 15:30:59 status unpacked sensible-utils:all 0.0.17+nmu1
2026-05-21 15:30:59 status half-configured sensible-utils:all 0.0.17+nmu1
2026-05-21 15:30:59 status installed sensible-utils:all 0.0.17+nmu1
2026-05-21 15:30:59 configure ocl-icd-libopencl1:armhf 2.3.1-1 <none>
2026-05-21 15:30:59 status unpacked ocl-icd-libopencl1:armhf 2.3.1-1
2026-05-21 15:30:59 status half-configured ocl-icd-libopencl1:armhf 2.3.1-1
2026-05-21 15:30:59 status installed ocl-icd-libopencl1:armhf 2.3.1-1
2026-05-21 15:30:59 configure libasyncns0:armhf 0.8-6+b3 <none>
2026-05-21 15:30:59 status unpacked libasyncns0:armhf 0.8-6+b3
2026-05-21 15:30:59 status half-configured libasyncns0:armhf 0.8-6+b3
2026-05-21 15:30:59 status installed libasyncns0:armhf 0.8-6+b3
2026-05-21 15:30:59 configure libcrypt-dev:armhf 1:4.4.33-2 <none>
2026-05-21 15:30:59 status unpacked libcrypt-dev:armhf 1:4.4.33-2
2026-05-21 15:30:59 status half-configured libcrypt-dev:armhf 1:4.4.33-2
2026-05-21 15:31:00 status installed libcrypt-dev:armhf 1:4.4.33-2
2026-05-21 15:31:00 configure libtiff6:armhf 4.5.0-6+deb12u4 <none>
2026-05-21 15:31:00 status unpacked libtiff6:armhf 4.5.0-6+deb12u4
2026-05-21 15:31:00 status half-configured libtiff6:armhf 4.5.0-6+deb12u4
2026-05-21 15:31:00 status installed libtiff6:armhf 4.5.0-6+deb12u4
2026-05-21 15:31:00 configure libasan8:armhf 12.2.0-14+deb12u1 <none>
2026-05-21 15:31:00 status unpacked libasan8:armhf 12.2.0-14+deb12u1
2026-05-21 15:31:00 status half-configured libasan8:armhf 12.2.0-14+deb12u1
2026-05-21 15:31:00 status installed libasan8:armhf 12.2.0-14+deb12u1
2026-05-21 15:31:00 configure liblua5.3-0:armhf 5.3.6-2 <none>
2026-05-21 15:31:00 status unpacked liblua5.3-0:armhf 5.3.6-2
2026-05-21 15:31:00 status half-configured liblua5.3-0:armhf 5.3.6-2
2026-05-21 15:31:00 status installed liblua5.3-0:armhf 5.3.6-2
2026-05-21 15:31:00 configure procps:armhf 2:4.0.2-3 <none>
2026-05-21 15:31:00 status unpacked procps:armhf 2:4.0.2-3
2026-05-21 15:31:01 status half-configured procps:armhf 2:4.0.2-3
2026-05-21 15:31:01 status installed procps:armhf 2:4.0.2-3
2026-05-21 15:31:01 configure libspeexdsp1:armhf 1.2.1-1 <none>
2026-05-21 15:31:01 status unpacked libspeexdsp1:armhf 1.2.1-1
2026-05-21 15:31:01 status half-configured libspeexdsp1:armhf 1.2.1-1
2026-05-21 15:31:01 status installed libspeexdsp1:armhf 1.2.1-1
2026-05-21 15:31:01 configure libasound2:armhf 1.2.8-1+b1 <none>
2026-05-21 15:31:01 status unpacked libasound2:armhf 1.2.8-1+b1
2026-05-21 15:31:01 status half-configured libasound2:armhf 1.2.8-1+b1
2026-05-21 15:31:01 status installed libasound2:armhf 1.2.8-1+b1
2026-05-21 15:31:02 configure libnl-3-200:armhf 3.7.0-0.2+b1 <none>
2026-05-21 15:31:02 status unpacked libnl-3-200:armhf 3.7.0-0.2+b1
2026-05-21 15:31:02 status half-configured libnl-3-200:armhf 3.7.0-0.2+b1
2026-05-21 15:31:02 status installed libnl-3-200:armhf 3.7.0-0.2+b1
2026-05-21 15:31:02 configure bison:armhf 2:3.8.2+dfsg-1+b1 <none>
2026-05-21 15:31:02 status unpacked bison:armhf 2:3.8.2+dfsg-1+b1
2026-05-21 15:31:02 status half-configured bison:armhf 2:3.8.2+dfsg-1+b1
2026-05-21 15:31:02 status installed bison:armhf 2:3.8.2+dfsg-1+b1
2026-05-21 15:31:02 configure libopenjp2-7:armhf 2.5.0-2+deb12u2 <none>
2026-05-21 15:31:02 status unpacked libopenjp2-7:armhf 2.5.0-2+deb12u2
2026-05-21 15:31:02 status half-configured libopenjp2-7:armhf 2.5.0-2+deb12u2
2026-05-21 15:31:02 status installed libopenjp2-7:armhf 2.5.0-2+deb12u2
2026-05-21 15:31:02 configure libthai-data:all 0.1.29-1 <none>
2026-05-21 15:31:02 status unpacked libthai-data:all 0.1.29-1
2026-05-21 15:31:02 status half-configured libthai-data:all 0.1.29-1
2026-05-21 15:31:02 status installed libthai-data:all 0.1.29-1
2026-05-21 15:31:02 configure libssh2-1:armhf 1.10.0-3+b1 <none>
2026-05-21 15:31:02 status unpacked libssh2-1:armhf 1.10.0-3+b1
2026-05-21 15:31:02 status half-configured libssh2-1:armhf 1.10.0-3+b1
2026-05-21 15:31:02 status installed libssh2-1:armhf 1.10.0-3+b1
2026-05-21 15:31:02 configure netbase:all 6.4 <none>
2026-05-21 15:31:02 status unpacked netbase:all 6.4
2026-05-21 15:31:03 status half-configured netbase:all 6.4
2026-05-21 15:31:03 status installed netbase:all 6.4
2026-05-21 15:31:03 configure libvpx7:armhf 1.12.0-1+deb12u5 <none>
2026-05-21 15:31:03 status unpacked libvpx7:armhf 1.12.0-1+deb12u5
2026-05-21 15:31:03 status half-configured libvpx7:armhf 1.12.0-1+deb12u5
2026-05-21 15:31:03 status installed libvpx7:armhf 1.12.0-1+deb12u5
2026-05-21 15:31:03 configure libkrb5-3:armhf 1.20.1-2+deb12u4 <none>
2026-05-21 15:31:03 status unpacked libkrb5-3:armhf 1.20.1-2+deb12u4
2026-05-21 15:31:03 status half-configured libkrb5-3:armhf 1.20.1-2+deb12u4
2026-05-21 15:31:03 status installed libkrb5-3:armhf 1.20.1-2+deb12u4
2026-05-21 15:31:03 configure apache2-data:all 2.4.67-1~deb12u2 <none>
2026-05-21 15:31:03 status unpacked apache2-data:all 2.4.67-1~deb12u2
2026-05-21 15:31:03 status half-configured apache2-data:all 2.4.67-1~deb12u2
2026-05-21 15:31:03 status installed apache2-data:all 2.4.67-1~deb12u2
2026-05-21 15:31:03 configure libusb-1.0-0:armhf 2:1.0.26-1 <none>
2026-05-21 15:31:03 status unpacked libusb-1.0-0:armhf 2:1.0.26-1
2026-05-21 15:31:03 status half-configured libusb-1.0-0:armhf 2:1.0.26-1
2026-05-21 15:31:03 status installed libusb-1.0-0:armhf 2:1.0.26-1
2026-05-21 15:31:04 configure libdjvulibre-text:all 3.5.28-2.2~deb12u1 <none>
2026-05-21 15:31:04 status unpacked libdjvulibre-text:all 3.5.28-2.2~deb12u1
2026-05-21 15:31:04 status half-configured libdjvulibre-text:all 3.5.28-2.2~deb12u1
2026-05-21 15:31:04 status installed libdjvulibre-text:all 3.5.28-2.2~deb12u1
2026-05-21 15:31:04 configure libgpiod2:armhf 1.6.3-1+b3 <none>
2026-05-21 15:31:04 status unpacked libgpiod2:armhf 1.6.3-1+b3
2026-05-21 15:31:04 status half-configured libgpiod2:armhf 1.6.3-1+b3
2026-05-21 15:31:04 status installed libgpiod2:armhf 1.6.3-1+b3
2026-05-21 15:31:04 configure libbinutils:armhf 2.40-2 <none>
2026-05-21 15:31:04 status unpacked libbinutils:armhf 2.40-2
2026-05-21 15:31:04 status half-configured libbinutils:armhf 2.40-2
2026-05-21 15:31:04 status installed libbinutils:armhf 2.40-2
2026-05-21 15:31:04 configure vim-runtime:all 2:9.0.1378-2+deb12u2 <none>
2026-05-21 15:31:04 status unpacked vim-runtime:all 2:9.0.1378-2+deb12u2
2026-05-21 15:31:04 status half-configured vim-runtime:all 2:9.0.1378-2+deb12u2
2026-05-21 15:31:05 status installed vim-runtime:all 2:9.0.1378-2+deb12u2
2026-05-21 15:31:05 configure lsb-release:all 12.0-1 <none>
2026-05-21 15:31:05 status unpacked lsb-release:all 12.0-1
2026-05-21 15:31:05 status half-configured lsb-release:all 12.0-1
2026-05-21 15:31:05 status installed lsb-release:all 12.0-1
2026-05-21 15:31:05 configure libfido2-1:armhf 1.12.0-2+b1 <none>
2026-05-21 15:31:05 status unpacked libfido2-1:armhf 1.12.0-2+b1
2026-05-21 15:31:05 status half-configured libfido2-1:armhf 1.12.0-2+b1
2026-05-21 15:31:06 status installed libfido2-1:armhf 1.12.0-2+b1
2026-05-21 15:31:06 configure libisl23:armhf 0.25-1.1 <none>
2026-05-21 15:31:06 status unpacked libisl23:armhf 0.25-1.1
2026-05-21 15:31:06 status half-configured libisl23:armhf 0.25-1.1
2026-05-21 15:31:06 status installed libisl23:armhf 0.25-1.1
2026-05-21 15:31:06 configure libasound2-dev:armhf 1.2.8-1+b1 <none>
2026-05-21 15:31:06 status unpacked libasound2-dev:armhf 1.2.8-1+b1
2026-05-21 15:31:06 status half-configured libasound2-dev:armhf 1.2.8-1+b1
2026-05-21 15:31:06 status installed libasound2-dev:armhf 1.2.8-1+b1
2026-05-21 15:31:06 configure libc-dev-bin:armhf 2.36-9+deb12u14 <none>
2026-05-21 15:31:06 status unpacked libc-dev-bin:armhf 2.36-9+deb12u14
2026-05-21 15:31:06 status half-configured libc-dev-bin:armhf 2.36-9+deb12u14
2026-05-21 15:31:06 status installed libc-dev-bin:armhf 2.36-9+deb12u14
2026-05-21 15:31:06 configure klibc-utils:armhf 2.0.12-1 <none>
2026-05-21 15:31:06 status unpacked klibc-utils:armhf 2.0.12-1
2026-05-21 15:31:06 status half-configured klibc-utils:armhf 2.0.12-1
2026-05-21 15:31:06 status installed klibc-utils:armhf 2.0.12-1
2026-05-21 15:31:06 configure libsamplerate0:armhf 0.2.2-3 <none>
2026-05-21 15:31:06 status unpacked libsamplerate0:armhf 0.2.2-3
2026-05-21 15:31:06 status half-configured libsamplerate0:armhf 0.2.2-3
2026-05-21 15:31:06 status installed libsamplerate0:armhf 0.2.2-3
2026-05-21 15:31:07 configure libtasn1-6-dev:armhf 4.19.0-2+deb12u1 <none>
2026-05-21 15:31:07 status unpacked libtasn1-6-dev:armhf 4.19.0-2+deb12u1
2026-05-21 15:31:07 status half-configured libtasn1-6-dev:armhf 4.19.0-2+deb12u1
2026-05-21 15:31:07 status installed libtasn1-6-dev:armhf 4.19.0-2+deb12u1
2026-05-21 15:31:07 configure openssl:armhf 3.0.20-1~deb12u1 <none>
2026-05-21 15:31:07 status unpacked openssl:armhf 3.0.20-1~deb12u1
2026-05-21 15:31:07 status half-configured openssl:armhf 3.0.20-1~deb12u1
2026-05-21 15:31:07 status installed openssl:armhf 3.0.20-1~deb12u1
2026-05-21 15:31:07 configure libwebpmux3:armhf 1.2.4-0.2+deb12u1 <none>
2026-05-21 15:31:07 status unpacked libwebpmux3:armhf 1.2.4-0.2+deb12u1
2026-05-21 15:31:07 status half-configured libwebpmux3:armhf 1.2.4-0.2+deb12u1
2026-05-21 15:31:07 status installed libwebpmux3:armhf 1.2.4-0.2+deb12u1
2026-05-21 15:31:07 configure libbsd0:armhf 0.11.7-2 <none>
2026-05-21 15:31:07 status unpacked libbsd0:armhf 0.11.7-2
2026-05-21 15:31:07 status half-configured libbsd0:armhf 0.11.7-2
2026-05-21 15:31:07 status installed libbsd0:armhf 0.11.7-2
2026-05-21 15:31:07 configure libatopology2:armhf 1.2.8-1+b1 <none>
2026-05-21 15:31:07 status unpacked libatopology2:armhf 1.2.8-1+b1
2026-05-21 15:31:07 status half-configured libatopology2:armhf 1.2.8-1+b1
2026-05-21 15:31:07 status installed libatopology2:armhf 1.2.8-1+b1
2026-05-21 15:31:07 configure lrzsz:armhf 0.12.21-10 <none>
2026-05-21 15:31:07 status unpacked lrzsz:armhf 0.12.21-10
2026-05-21 15:31:07 status half-configured lrzsz:armhf 0.12.21-10
2026-05-21 15:31:07 status installed lrzsz:armhf 0.12.21-10
2026-05-21 15:31:08 configure libdrm-common:all 2.4.114-1 <none>
2026-05-21 15:31:08 status unpacked libdrm-common:all 2.4.114-1
2026-05-21 15:31:08 status half-configured libdrm-common:all 2.4.114-1
2026-05-21 15:31:08 status installed libdrm-common:all 2.4.114-1
2026-05-21 15:31:08 configure libelf1:armhf 0.188-2.1 <none>
2026-05-21 15:31:08 status unpacked libelf1:armhf 0.188-2.1
2026-05-21 15:31:08 status half-configured libelf1:armhf 0.188-2.1
2026-05-21 15:31:08 status installed libelf1:armhf 0.188-2.1
2026-05-21 15:31:08 configure iputils-ping:armhf 3:20221126-1+deb12u1 <none>
2026-05-21 15:31:08 status unpacked iputils-ping:armhf 3:20221126-1+deb12u1
2026-05-21 15:31:08 status half-configured iputils-ping:armhf 3:20221126-1+deb12u1
2026-05-21 15:31:08 status installed iputils-ping:armhf 3:20221126-1+deb12u1
2026-05-21 15:31:08 configure readline-common:all 8.2-1.3 <none>
2026-05-21 15:31:08 status unpacked readline-common:all 8.2-1.3
2026-05-21 15:31:08 status half-configured readline-common:all 8.2-1.3
2026-05-21 15:31:08 status installed readline-common:all 8.2-1.3
2026-05-21 15:31:08 configure libxml2:armhf 2.9.14+dfsg-1.3~deb12u5 <none>
2026-05-21 15:31:08 status unpacked libxml2:armhf 2.9.14+dfsg-1.3~deb12u5
2026-05-21 15:31:08 status half-configured libxml2:armhf 2.9.14+dfsg-1.3~deb12u5
2026-05-21 15:31:08 status installed libxml2:armhf 2.9.14+dfsg-1.3~deb12u5
2026-05-21 15:31:08 configure libcc1-0:armhf 12.2.0-14+deb12u1 <none>
2026-05-21 15:31:08 status unpacked libcc1-0:armhf 12.2.0-14+deb12u1
2026-05-21 15:31:08 status half-configured libcc1-0:armhf 12.2.0-14+deb12u1
2026-05-21 15:31:08 status installed libcc1-0:armhf 12.2.0-14+deb12u1
2026-05-21 15:31:09 configure iso-codes:all 4.15.0-1 <none>
2026-05-21 15:31:09 status unpacked iso-codes:all 4.15.0-1
2026-05-21 15:31:09 status half-configured iso-codes:all 4.15.0-1
2026-05-21 15:31:09 status installed iso-codes:all 4.15.0-1
2026-05-21 15:31:09 configure xbitmaps:all 1.1.1-2.2 <none>
2026-05-21 15:31:09 status unpacked xbitmaps:all 1.1.1-2.2
2026-05-21 15:31:09 status half-configured xbitmaps:all 1.1.1-2.2
2026-05-21 15:31:09 status installed xbitmaps:all 1.1.1-2.2
2026-05-21 15:31:09 configure libzvbi-common:all 0.2.41-1+deb12u1 <none>
2026-05-21 15:31:09 status unpacked libzvbi-common:all 0.2.41-1+deb12u1
2026-05-21 15:31:09 status half-configured libzvbi-common:all 0.2.41-1+deb12u1
2026-05-21 15:31:09 status installed libzvbi-common:all 0.2.41-1+deb12u1
2026-05-21 15:31:09 configure libbpf1:armhf 1:1.1.2-0+deb12u1 <none>
2026-05-21 15:31:09 status unpacked libbpf1:armhf 1:1.1.2-0+deb12u1
2026-05-21 15:31:09 status half-configured libbpf1:armhf 1:1.1.2-0+deb12u1
2026-05-21 15:31:09 status installed libbpf1:armhf 1:1.1.2-0+deb12u1
2026-05-21 15:31:09 configure libp11-kit-dev:armhf 0.24.1-2 <none>
2026-05-21 15:31:09 status unpacked libp11-kit-dev:armhf 0.24.1-2
2026-05-21 15:31:09 status half-configured libp11-kit-dev:armhf 0.24.1-2
2026-05-21 15:31:09 status installed libp11-kit-dev:armhf 0.24.1-2
2026-05-21 15:31:09 configure libmp3lame0:armhf 3.100-6 <none>
2026-05-21 15:31:09 status unpacked libmp3lame0:armhf 3.100-6
2026-05-21 15:31:09 status half-configured libmp3lame0:armhf 3.100-6
2026-05-21 15:31:09 status installed libmp3lame0:armhf 3.100-6
2026-05-21 15:31:09 configure libvorbisenc2:armhf 1.3.7-1 <none>
2026-05-21 15:31:09 status unpacked libvorbisenc2:armhf 1.3.7-1
2026-05-21 15:31:10 status half-configured libvorbisenc2:armhf 1.3.7-1
2026-05-21 15:31:10 status installed libvorbisenc2:armhf 1.3.7-1
2026-05-21 15:31:10 configure libgdbm6:armhf 1.23-3 <none>
2026-05-21 15:31:10 status unpacked libgdbm6:armhf 1.23-3
2026-05-21 15:31:10 status half-configured libgdbm6:armhf 1.23-3
2026-05-21 15:31:10 status installed libgdbm6:armhf 1.23-3
2026-05-21 15:31:10 configure tftp-hpa:armhf 5.2+20150808-1.4 <none>
2026-05-21 15:31:10 status unpacked tftp-hpa:armhf 5.2+20150808-1.4
2026-05-21 15:31:10 status half-configured tftp-hpa:armhf 5.2+20150808-1.4
2026-05-21 15:31:10 status installed tftp-hpa:armhf 5.2+20150808-1.4
2026-05-21 15:31:10 configure ethtool:armhf 1:6.1-1 <none>
2026-05-21 15:31:10 status unpacked ethtool:armhf 1:6.1-1
2026-05-21 15:31:10 status half-configured ethtool:armhf 1:6.1-1
2026-05-21 15:31:10 status installed ethtool:armhf 1:6.1-1
2026-05-21 15:31:10 configure tftp:all 0.17-25 <none>
2026-05-21 15:31:10 status unpacked tftp:all 0.17-25
2026-05-21 15:31:10 status half-configured tftp:all 0.17-25
2026-05-21 15:31:10 status installed tftp:all 0.17-25
2026-05-21 15:31:10 configure libaprutil1:armhf 1.6.3-1 <none>
2026-05-21 15:31:10 status unpacked libaprutil1:armhf 1.6.3-1
2026-05-21 15:31:10 status half-configured libaprutil1:armhf 1.6.3-1
2026-05-21 15:31:10 status installed libaprutil1:armhf 1.6.3-1
2026-05-21 15:31:10 configure libctf0:armhf 2.40-2 <none>
2026-05-21 15:31:10 status unpacked libctf0:armhf 2.40-2
2026-05-21 15:31:10 status half-configured libctf0:armhf 2.40-2
2026-05-21 15:31:10 status installed libctf0:armhf 2.40-2
2026-05-21 15:31:11 configure libzvbi0:armhf 0.2.41-1+deb12u1 <none>
2026-05-21 15:31:11 status unpacked libzvbi0:armhf 0.2.41-1+deb12u1
2026-05-21 15:31:11 status half-configured libzvbi0:armhf 0.2.41-1+deb12u1
2026-05-21 15:31:11 status installed libzvbi0:armhf 0.2.41-1+deb12u1
2026-05-21 15:31:11 configure libice6:armhf 2:1.0.10-1 <none>
2026-05-21 15:31:11 status unpacked libice6:armhf 2:1.0.10-1
2026-05-21 15:31:11 status half-configured libice6:armhf 2:1.0.10-1
2026-05-21 15:31:11 status installed libice6:armhf 2:1.0.10-1
2026-05-21 15:31:11 configure haveged:armhf 1.9.14-1+b1 <none>
2026-05-21 15:31:11 status unpacked haveged:armhf 1.9.14-1+b1
2026-05-21 15:31:11 status half-configured haveged:armhf 1.9.14-1+b1
2026-05-21 15:31:13 status installed haveged:armhf 1.9.14-1+b1
2026-05-21 15:31:13 configure libdw1:armhf 0.188-2.1 <none>
2026-05-21 15:31:13 status unpacked libdw1:armhf 0.188-2.1
2026-05-21 15:31:13 status half-configured libdw1:armhf 0.188-2.1
2026-05-21 15:31:13 status installed libdw1:armhf 0.188-2.1
2026-05-21 15:31:13 configure libxdmcp6:armhf 1:1.1.2-3 <none>
2026-05-21 15:31:13 status unpacked libxdmcp6:armhf 1:1.1.2-3
2026-05-21 15:31:13 status half-configured libxdmcp6:armhf 1:1.1.2-3
2026-05-21 15:31:13 status installed libxdmcp6:armhf 1:1.1.2-3
2026-05-21 15:31:13 configure libflac-dev:armhf 1.4.2+ds-2 <none>
2026-05-21 15:31:13 status unpacked libflac-dev:armhf 1.4.2+ds-2
2026-05-21 15:31:13 status half-configured libflac-dev:armhf 1.4.2+ds-2
2026-05-21 15:31:13 status installed libflac-dev:armhf 1.4.2+ds-2
2026-05-21 15:31:14 configure tio:armhf 2.5-1 <none>
2026-05-21 15:31:14 status unpacked tio:armhf 2.5-1
2026-05-21 15:31:14 status half-configured tio:armhf 2.5-1
2026-05-21 15:31:14 status installed tio:armhf 2.5-1
2026-05-21 15:31:14 configure flex:armhf 2.6.4-8.2 <none>
2026-05-21 15:31:14 status unpacked flex:armhf 2.6.4-8.2
2026-05-21 15:31:14 status half-configured flex:armhf 2.6.4-8.2
2026-05-21 15:31:14 status installed flex:armhf 2.6.4-8.2
2026-05-21 15:31:14 configure cpp-12:armhf 12.2.0-14+deb12u1 <none>
2026-05-21 15:31:14 status unpacked cpp-12:armhf 12.2.0-14+deb12u1
2026-05-21 15:31:14 status half-configured cpp-12:armhf 12.2.0-14+deb12u1
2026-05-21 15:31:14 status installed cpp-12:armhf 12.2.0-14+deb12u1
2026-05-21 15:31:14 configure libxcb1:armhf 1.15-1 <none>
2026-05-21 15:31:14 status unpacked libxcb1:armhf 1.15-1
2026-05-21 15:31:14 status half-configured libxcb1:armhf 1.15-1
2026-05-21 15:31:14 status installed libxcb1:armhf 1.15-1
2026-05-21 15:31:14 configure libfftw3-single3:armhf 3.3.10-1 <none>
2026-05-21 15:31:14 status unpacked libfftw3-single3:armhf 3.3.10-1
2026-05-21 15:31:14 status half-configured libfftw3-single3:armhf 3.3.10-1
2026-05-21 15:31:14 status installed libfftw3-single3:armhf 3.3.10-1
2026-05-21 15:31:14 configure vim:armhf 2:9.0.1378-2+deb12u2 <none>
2026-05-21 15:31:14 status unpacked vim:armhf 2:9.0.1378-2+deb12u2
2026-05-21 15:31:14 status half-configured vim:armhf 2:9.0.1378-2+deb12u2
2026-05-21 15:31:15 status installed vim:armhf 2:9.0.1378-2+deb12u2
2026-05-21 15:31:15 configure libgmp-dev:armhf 2:6.2.1+dfsg1-1.1 <none>
2026-05-21 15:31:15 status unpacked libgmp-dev:armhf 2:6.2.1+dfsg1-1.1
2026-05-21 15:31:15 status half-configured libgmp-dev:armhf 2:6.2.1+dfsg1-1.1
2026-05-21 15:31:15 status installed libgmp-dev:armhf 2:6.2.1+dfsg1-1.1
2026-05-21 15:31:15 configure libcaca0:armhf 0.99.beta20-3 <none>
2026-05-21 15:31:15 status unpacked libcaca0:armhf 0.99.beta20-3
2026-05-21 15:31:15 status half-configured libcaca0:armhf 0.99.beta20-3
2026-05-21 15:31:15 status installed libcaca0:armhf 0.99.beta20-3
2026-05-21 15:31:15 configure nettle-dev:armhf 3.8.1-2 <none>
2026-05-21 15:31:15 status unpacked nettle-dev:armhf 3.8.1-2
2026-05-21 15:31:15 status half-configured nettle-dev:armhf 3.8.1-2
2026-05-21 15:31:15 status installed nettle-dev:armhf 3.8.1-2
2026-05-21 15:31:15 configure libzita-alsa-pcmi0:armhf 0.6.1-1 <none>
2026-05-21 15:31:15 status unpacked libzita-alsa-pcmi0:armhf 0.6.1-1
2026-05-21 15:31:15 status half-configured libzita-alsa-pcmi0:armhf 0.6.1-1
2026-05-21 15:31:16 status installed libzita-alsa-pcmi0:armhf 0.6.1-1
2026-05-21 15:31:16 configure libxcb-render0:armhf 1.15-1 <none>
2026-05-21 15:31:16 status unpacked libxcb-render0:armhf 1.15-1
2026-05-21 15:31:16 status half-configured libxcb-render0:armhf 1.15-1
2026-05-21 15:31:16 status installed libxcb-render0:armhf 1.15-1
2026-05-21 15:31:16 configure libsoxr0:armhf 0.1.3-4 <none>
2026-05-21 15:31:16 status unpacked libsoxr0:armhf 0.1.3-4
2026-05-21 15:31:16 status half-configured libsoxr0:armhf 0.1.3-4
2026-05-21 15:31:16 status installed libsoxr0:armhf 0.1.3-4
2026-05-21 15:31:16 configure fontconfig-config:armhf 2.14.1-4 <none>
2026-05-21 15:31:16 status unpacked fontconfig-config:armhf 2.14.1-4
2026-05-21 15:31:16 status half-configured fontconfig-config:armhf 2.14.1-4
2026-05-21 15:31:20 status installed fontconfig-config:armhf 2.14.1-4
2026-05-21 15:31:20 configure libedit2:armhf 3.1-20221030-2 <none>
2026-05-21 15:31:20 status unpacked libedit2:armhf 3.1-20221030-2
2026-05-21 15:31:20 status half-configured libedit2:armhf 3.1-20221030-2
2026-05-21 15:31:20 status installed libedit2:armhf 3.1-20221030-2
2026-05-21 15:31:20 configure libreadline8:armhf 8.2-1.3 <none>
2026-05-21 15:31:20 status unpacked libreadline8:armhf 8.2-1.3
2026-05-21 15:31:20 status half-configured libreadline8:armhf 8.2-1.3
2026-05-21 15:31:20 status installed libreadline8:armhf 8.2-1.3
2026-05-21 15:31:20 configure libdjvulibre21:armhf 3.5.28-2.2~deb12u1 <none>
2026-05-21 15:31:20 status unpacked libdjvulibre21:armhf 3.5.28-2.2~deb12u1
2026-05-21 15:31:20 status half-configured libdjvulibre21:armhf 3.5.28-2.2~deb12u1
2026-05-21 15:31:21 status installed libdjvulibre21:armhf 3.5.28-2.2~deb12u1
2026-05-21 15:31:21 configure libavahi-common3:armhf 0.8-10+deb12u1 <none>
2026-05-21 15:31:21 status unpacked libavahi-common3:armhf 0.8-10+deb12u1
2026-05-21 15:31:21 status half-configured libavahi-common3:armhf 0.8-10+deb12u1
2026-05-21 15:31:21 status installed libavahi-common3:armhf 0.8-10+deb12u1
2026-05-21 15:31:21 configure libftdi1:armhf 0.20-4+b1 <none>
2026-05-21 15:31:21 status unpacked libftdi1:armhf 0.20-4+b1
2026-05-21 15:31:21 status half-configured libftdi1:armhf 0.20-4+b1
2026-05-21 15:31:21 status installed libftdi1:armhf 0.20-4+b1
2026-05-21 15:31:21 configure libglib2.0-bin:armhf 2.74.6-2+deb12u9 <none>
2026-05-21 15:31:21 status unpacked libglib2.0-bin:armhf 2.74.6-2+deb12u9
2026-05-21 15:31:21 status half-configured libglib2.0-bin:armhf 2.74.6-2+deb12u9
2026-05-21 15:31:21 status installed libglib2.0-bin:armhf 2.74.6-2+deb12u9
2026-05-21 15:31:21 configure libusb-1.0-0-dev:armhf 2:1.0.26-1 <none>
2026-05-21 15:31:21 status unpacked libusb-1.0-0-dev:armhf 2:1.0.26-1
2026-05-21 15:31:21 status half-configured libusb-1.0-0-dev:armhf 2:1.0.26-1
2026-05-21 15:31:21 status installed libusb-1.0-0-dev:armhf 2:1.0.26-1
2026-05-21 15:31:21 configure libxcb-shm0:armhf 1.15-1 <none>
2026-05-21 15:31:21 status unpacked libxcb-shm0:armhf 1.15-1
2026-05-21 15:31:21 status half-configured libxcb-shm0:armhf 1.15-1
2026-05-21 15:31:21 status installed libxcb-shm0:armhf 1.15-1
2026-05-21 15:31:21 configure libaprutil1-dbd-sqlite3:armhf 1.6.3-1 <none>
2026-05-21 15:31:21 status unpacked libaprutil1-dbd-sqlite3:armhf 1.6.3-1
2026-05-21 15:31:21 status half-configured libaprutil1-dbd-sqlite3:armhf 1.6.3-1
2026-05-21 15:31:21 status installed libaprutil1-dbd-sqlite3:armhf 1.6.3-1
2026-05-21 15:31:22 configure libopus-dev:armhf 1.3.1-3 <none>
2026-05-21 15:31:22 status unpacked libopus-dev:armhf 1.3.1-3
2026-05-21 15:31:22 status half-configured libopus-dev:armhf 1.3.1-3
2026-05-21 15:31:22 status installed libopus-dev:armhf 1.3.1-3
2026-05-21 15:31:22 configure libmpg123-dev:armhf 1.31.2-1+deb12u1 <none>
2026-05-21 15:31:22 status unpacked libmpg123-dev:armhf 1.31.2-1+deb12u1
2026-05-21 15:31:22 status half-configured libmpg123-dev:armhf 1.31.2-1+deb12u1
2026-05-21 15:31:22 status installed libmpg123-dev:armhf 1.31.2-1+deb12u1
2026-05-21 15:31:22 configure usbutils:armhf 1:014-1+deb12u1 <none>
2026-05-21 15:31:22 status unpacked usbutils:armhf 1:014-1+deb12u1
2026-05-21 15:31:22 status half-configured usbutils:armhf 1:014-1+deb12u1
2026-05-21 15:31:22 status installed usbutils:armhf 1:014-1+deb12u1
2026-05-21 15:31:22 configure libldap-2.5-0:armhf 2.5.13+dfsg-5 <none>
2026-05-21 15:31:22 status unpacked libldap-2.5-0:armhf 2.5.13+dfsg-5
2026-05-21 15:31:22 status half-configured libldap-2.5-0:armhf 2.5.13+dfsg-5
2026-05-21 15:31:22 status installed libldap-2.5-0:armhf 2.5.13+dfsg-5
2026-05-21 15:31:22 configure fdisk:armhf 2.38.1-5+deb12u3 <none>
2026-05-21 15:31:22 status unpacked fdisk:armhf 2.38.1-5+deb12u3
2026-05-21 15:31:22 status half-configured fdisk:armhf 2.38.1-5+deb12u3
2026-05-21 15:31:22 status installed fdisk:armhf 2.38.1-5+deb12u3
2026-05-21 15:31:22 configure pkgconf:armhf 1.8.1-1 <none>
2026-05-21 15:31:22 status unpacked pkgconf:armhf 1.8.1-1
2026-05-21 15:31:22 status half-configured pkgconf:armhf 1.8.1-1
2026-05-21 15:31:23 status installed pkgconf:armhf 1.8.1-1
2026-05-21 15:31:23 configure libnl-route-3-200:armhf 3.7.0-0.2+b1 <none>
2026-05-21 15:31:23 status unpacked libnl-route-3-200:armhf 3.7.0-0.2+b1
2026-05-21 15:31:23 status half-configured libnl-route-3-200:armhf 3.7.0-0.2+b1
2026-05-21 15:31:23 status installed libnl-route-3-200:armhf 3.7.0-0.2+b1
2026-05-21 15:31:23 configure libthai0:armhf 0.1.29-1 <none>
2026-05-21 15:31:23 status unpacked libthai0:armhf 0.1.29-1
2026-05-21 15:31:23 status half-configured libthai0:armhf 0.1.29-1
2026-05-21 15:31:23 status installed libthai0:armhf 0.1.29-1
2026-05-21 15:31:23 configure libftdi1-2:armhf 1.5-6+b2 <none>
2026-05-21 15:31:23 status unpacked libftdi1-2:armhf 1.5-6+b2
2026-05-21 15:31:23 status half-configured libftdi1-2:armhf 1.5-6+b2
2026-05-21 15:31:23 status installed libftdi1-2:armhf 1.5-6+b2
2026-05-21 15:31:23 configure ca-certificates:all 20230311+deb12u1 <none>
2026-05-21 15:31:23 status unpacked ca-certificates:all 20230311+deb12u1
2026-05-21 15:31:23 status half-configured ca-certificates:all 20230311+deb12u1
2026-05-21 15:31:52 status installed ca-certificates:all 20230311+deb12u1
2026-05-21 15:31:52 status triggers-pending ca-certificates:all 20230311+deb12u1
2026-05-21 15:31:52 configure libvorbisfile3:armhf 1.3.7-1 <none>
2026-05-21 15:31:52 status unpacked libvorbisfile3:armhf 1.3.7-1
2026-05-21 15:31:52 status half-configured libvorbisfile3:armhf 1.3.7-1
2026-05-21 15:31:52 status installed libvorbisfile3:armhf 1.3.7-1
2026-05-21 15:31:52 configure alsa-utils:armhf 1.2.8-1 <none>
2026-05-21 15:31:52 status unpacked alsa-utils:armhf 1.2.8-1
2026-05-21 15:31:52 status half-configured alsa-utils:armhf 1.2.8-1
2026-05-21 15:31:52 status installed alsa-utils:armhf 1.2.8-1
2026-05-21 15:31:52 configure libftdi1-dev:armhf 1.5-6+b2 <none>
2026-05-21 15:31:52 status unpacked libftdi1-dev:armhf 1.5-6+b2
2026-05-21 15:31:52 status half-configured libftdi1-dev:armhf 1.5-6+b2
2026-05-21 15:31:52 status installed libftdi1-dev:armhf 1.5-6+b2
2026-05-21 15:31:52 configure libunbound8:armhf 1.17.1-2+deb12u4 <none>
2026-05-21 15:31:52 status unpacked libunbound8:armhf 1.17.1-2+deb12u4
2026-05-21 15:31:52 status half-configured libunbound8:armhf 1.17.1-2+deb12u4
2026-05-21 15:31:53 status installed libunbound8:armhf 1.17.1-2+deb12u4
2026-05-21 15:31:53 configure libfreetype6:armhf 2.12.1+dfsg-5+deb12u4 <none>
2026-05-21 15:31:53 status unpacked libfreetype6:armhf 2.12.1+dfsg-5+deb12u4
2026-05-21 15:31:53 status half-configured libfreetype6:armhf 2.12.1+dfsg-5+deb12u4
2026-05-21 15:31:53 status installed libfreetype6:armhf 2.12.1+dfsg-5+deb12u4
2026-05-21 15:31:53 configure libgcc-12-dev:armhf 12.2.0-14+deb12u1 <none>
2026-05-21 15:31:53 status unpacked libgcc-12-dev:armhf 12.2.0-14+deb12u1
2026-05-21 15:31:53 status half-configured libgcc-12-dev:armhf 12.2.0-14+deb12u1
2026-05-21 15:31:53 status installed libgcc-12-dev:armhf 12.2.0-14+deb12u1
2026-05-21 15:31:53 configure shared-mime-info:armhf 2.2-1 <none>
2026-05-21 15:31:53 status unpacked shared-mime-info:armhf 2.2-1
2026-05-21 15:31:53 status half-configured shared-mime-info:armhf 2.2-1
2026-05-21 15:32:16 status installed shared-mime-info:armhf 2.2-1
2026-05-21 15:32:16 configure libgssapi-krb5-2:armhf 1.20.1-2+deb12u4 <none>
2026-05-21 15:32:16 status unpacked libgssapi-krb5-2:armhf 1.20.1-2+deb12u4
2026-05-21 15:32:16 status half-configured libgssapi-krb5-2:armhf 1.20.1-2+deb12u4
2026-05-21 15:32:16 status installed libgssapi-krb5-2:armhf 1.20.1-2+deb12u4
2026-05-21 15:32:16 configure pkg-config:armhf 1.8.1-1 <none>
2026-05-21 15:32:16 status unpacked pkg-config:armhf 1.8.1-1
2026-05-21 15:32:16 status half-configured pkg-config:armhf 1.8.1-1
2026-05-21 15:32:16 status installed pkg-config:armhf 1.8.1-1
2026-05-21 15:32:16 configure libgdbm-compat4:armhf 1.23-3 <none>
2026-05-21 15:32:16 status unpacked libgdbm-compat4:armhf 1.23-3
2026-05-21 15:32:16 status half-configured libgdbm-compat4:armhf 1.23-3
2026-05-21 15:32:16 status installed libgdbm-compat4:armhf 1.23-3
2026-05-21 15:32:16 configure ucf:all 3.0043+nmu1+deb12u1 <none>
2026-05-21 15:32:16 status unpacked ucf:all 3.0043+nmu1+deb12u1
2026-05-21 15:32:16 status half-configured ucf:all 3.0043+nmu1+deb12u1
2026-05-21 15:32:17 status installed ucf:all 3.0043+nmu1+deb12u1
2026-05-21 15:32:17 configure libllvm14:armhf 1:14.0.6-12 <none>
2026-05-21 15:32:17 status unpacked libllvm14:armhf 1:14.0.6-12
2026-05-21 15:32:17 status half-configured libllvm14:armhf 1:14.0.6-12
2026-05-21 15:32:17 status installed libllvm14:armhf 1:14.0.6-12
2026-05-21 15:32:17 configure libjack-jackd2-0:armhf 1.9.21~dfsg-3 <none>
2026-05-21 15:32:17 status unpacked libjack-jackd2-0:armhf 1.9.21~dfsg-3
2026-05-21 15:32:17 status half-configured libjack-jackd2-0:armhf 1.9.21~dfsg-3
2026-05-21 15:32:18 status installed libjack-jackd2-0:armhf 1.9.21~dfsg-3
2026-05-21 15:32:18 configure libdrm2:armhf 2.4.114-1+b1 <none>
2026-05-21 15:32:18 status unpacked libdrm2:armhf 2.4.114-1+b1
2026-05-21 15:32:18 status half-configured libdrm2:armhf 2.4.114-1+b1
2026-05-21 15:32:18 status installed libdrm2:armhf 2.4.114-1+b1
2026-05-21 15:32:18 configure libva-drm2:armhf 2.17.0-1 <none>
2026-05-21 15:32:18 status unpacked libva-drm2:armhf 2.17.0-1
2026-05-21 15:32:18 status half-configured libva-drm2:armhf 2.17.0-1
2026-05-21 15:32:18 status installed libva-drm2:armhf 2.17.0-1
2026-05-21 15:32:18 configure cpp:armhf 4:12.2.0-3 <none>
2026-05-21 15:32:18 status unpacked cpp:armhf 4:12.2.0-3
2026-05-21 15:32:18 status half-configured cpp:armhf 4:12.2.0-3
2026-05-21 15:32:18 status installed cpp:armhf 4:12.2.0-3
2026-05-21 15:32:18 configure libnl-genl-3-200:armhf 3.7.0-0.2+b1 <none>
2026-05-21 15:32:18 status unpacked libnl-genl-3-200:armhf 3.7.0-0.2+b1
2026-05-21 15:32:18 status half-configured libnl-genl-3-200:armhf 3.7.0-0.2+b1
2026-05-21 15:32:18 status installed libnl-genl-3-200:armhf 3.7.0-0.2+b1
2026-05-21 15:32:18 configure gpiod:armhf 1.6.3-1+b3 <none>
2026-05-21 15:32:18 status unpacked gpiod:armhf 1.6.3-1+b3
2026-05-21 15:32:18 status half-configured gpiod:armhf 1.6.3-1+b3
2026-05-21 15:32:18 status installed gpiod:armhf 1.6.3-1+b3
2026-05-21 15:32:18 configure libcurl4:armhf 7.88.1-10+deb12u14 <none>
2026-05-21 15:32:18 status unpacked libcurl4:armhf 7.88.1-10+deb12u14
2026-05-21 15:32:18 status half-configured libcurl4:armhf 7.88.1-10+deb12u14
2026-05-21 15:32:19 status installed libcurl4:armhf 7.88.1-10+deb12u14
2026-05-21 15:32:19 configure libx11-6:armhf 2:1.8.4-2+deb12u2 <none>
2026-05-21 15:32:19 status unpacked libx11-6:armhf 2:1.8.4-2+deb12u2
2026-05-21 15:32:19 status half-configured libx11-6:armhf 2:1.8.4-2+deb12u2
2026-05-21 15:32:19 status installed libx11-6:armhf 2:1.8.4-2+deb12u2
2026-05-21 15:32:19 configure libharfbuzz0b:armhf 6.0.0+dfsg-3 <none>
2026-05-21 15:32:19 status unpacked libharfbuzz0b:armhf 6.0.0+dfsg-3
2026-05-21 15:32:19 status half-configured libharfbuzz0b:armhf 6.0.0+dfsg-3
2026-05-21 15:32:19 status installed libharfbuzz0b:armhf 6.0.0+dfsg-3
2026-05-21 15:32:19 configure libgdk-pixbuf-2.0-0:armhf 2.42.10+dfsg-1+deb12u4 <none>
2026-05-21 15:32:19 status unpacked libgdk-pixbuf-2.0-0:armhf 2.42.10+dfsg-1+deb12u4
2026-05-21 15:32:19 status half-configured libgdk-pixbuf-2.0-0:armhf 2.42.10+dfsg-1+deb12u4
2026-05-21 15:32:19 status installed libgdk-pixbuf-2.0-0:armhf 2.42.10+dfsg-1+deb12u4
2026-05-21 15:32:19 configure curl:armhf 7.88.1-10+deb12u14 <none>
2026-05-21 15:32:19 status unpacked curl:armhf 7.88.1-10+deb12u14
2026-05-21 15:32:19 status half-configured curl:armhf 7.88.1-10+deb12u14
2026-05-21 15:32:19 status installed curl:armhf 7.88.1-10+deb12u14
2026-05-21 15:32:19 configure libfontconfig1:armhf 2.14.1-4 <none>
2026-05-21 15:32:19 status unpacked libfontconfig1:armhf 2.14.1-4
2026-05-21 15:32:19 status half-configured libfontconfig1:armhf 2.14.1-4
2026-05-21 15:32:20 status installed libfontconfig1:armhf 2.14.1-4
2026-05-21 15:32:20 configure libsndfile1:armhf 1.2.0-1+deb12u1 <none>
2026-05-21 15:32:20 status unpacked libsndfile1:armhf 1.2.0-1+deb12u1
2026-05-21 15:32:20 status half-configured libsndfile1:armhf 1.2.0-1+deb12u1
2026-05-21 15:32:20 status installed libsndfile1:armhf 1.2.0-1+deb12u1
2026-05-21 15:32:20 configure iw:armhf 5.19-1 <none>
2026-05-21 15:32:20 status unpacked iw:armhf 5.19-1
2026-05-21 15:32:20 status half-configured iw:armhf 5.19-1
2026-05-21 15:32:20 status installed iw:armhf 5.19-1
2026-05-21 15:32:20 configure initramfs-tools-core:all 0.142+deb12u3 <none>
2026-05-21 15:32:20 status unpacked initramfs-tools-core:all 0.142+deb12u3
2026-05-21 15:32:20 status half-configured initramfs-tools-core:all 0.142+deb12u3
2026-05-21 15:32:20 status installed initramfs-tools-core:all 0.142+deb12u3
2026-05-21 15:32:20 configure binutils-arm-linux-gnueabihf:armhf 2.40-2 <none>
2026-05-21 15:32:20 status unpacked binutils-arm-linux-gnueabihf:armhf 2.40-2
2026-05-21 15:32:20 status half-configured binutils-arm-linux-gnueabihf:armhf 2.40-2
2026-05-21 15:32:20 status installed binutils-arm-linux-gnueabihf:armhf 2.40-2
2026-05-21 15:32:20 configure libsm6:armhf 2:1.2.3-1 <none>
2026-05-21 15:32:20 status unpacked libsm6:armhf 2:1.2.3-1
2026-05-21 15:32:20 status half-configured libsm6:armhf 2:1.2.3-1
2026-05-21 15:32:20 status installed libsm6:armhf 2:1.2.3-1
2026-05-21 15:32:21 configure libavahi-client3:armhf 0.8-10+deb12u1 <none>
2026-05-21 15:32:21 status unpacked libavahi-client3:armhf 0.8-10+deb12u1
2026-05-21 15:32:21 status half-configured libavahi-client3:armhf 0.8-10+deb12u1
2026-05-21 15:32:21 status installed libavahi-client3:armhf 0.8-10+deb12u1
2026-05-21 15:32:21 configure libperl5.36:armhf 5.36.0-7+deb12u3 <none>
2026-05-21 15:32:21 status unpacked libperl5.36:armhf 5.36.0-7+deb12u3
2026-05-21 15:32:21 status half-configured libperl5.36:armhf 5.36.0-7+deb12u3
2026-05-21 15:32:21 status installed libperl5.36:armhf 5.36.0-7+deb12u3
2026-05-21 15:32:21 configure libgstreamer1.0-0:armhf 1.22.0-2+deb12u1 <none>
2026-05-21 15:32:21 status unpacked libgstreamer1.0-0:armhf 1.22.0-2+deb12u1
2026-05-21 15:32:21 status half-configured libgstreamer1.0-0:armhf 1.22.0-2+deb12u1
2026-05-21 15:32:21 status installed libgstreamer1.0-0:armhf 1.22.0-2+deb12u1
2026-05-21 15:32:21 configure libaa1:armhf 1.4p5-50 <none>
2026-05-21 15:32:21 status unpacked libaa1:armhf 1.4p5-50
2026-05-21 15:32:21 status half-configured libaa1:armhf 1.4p5-50
2026-05-21 15:32:21 status installed libaa1:armhf 1.4p5-50
2026-05-21 15:32:21 configure apache2-utils:armhf 2.4.67-1~deb12u2 <none>
2026-05-21 15:32:21 status unpacked apache2-utils:armhf 2.4.67-1~deb12u2
2026-05-21 15:32:21 status half-configured apache2-utils:armhf 2.4.67-1~deb12u2
2026-05-21 15:32:21 status installed apache2-utils:armhf 2.4.67-1~deb12u2
2026-05-21 15:32:21 configure libvorbis-dev:armhf 1.3.7-1 <none>
2026-05-21 15:32:21 status unpacked libvorbis-dev:armhf 1.3.7-1
2026-05-21 15:32:21 status half-configured libvorbis-dev:armhf 1.3.7-1
2026-05-21 15:32:21 status installed libvorbis-dev:armhf 1.3.7-1
2026-05-21 15:32:21 configure libtirpc3:armhf 1.3.3+ds-1 <none>
2026-05-21 15:32:21 status unpacked libtirpc3:armhf 1.3.3+ds-1
2026-05-21 15:32:22 status half-configured libtirpc3:armhf 1.3.3+ds-1
2026-05-21 15:32:22 status installed libtirpc3:armhf 1.3.3+ds-1
2026-05-21 15:32:22 configure libxcb-dri3-0:armhf 1.15-1 <none>
2026-05-21 15:32:22 status unpacked libxcb-dri3-0:armhf 1.15-1
2026-05-21 15:32:22 status half-configured libxcb-dri3-0:armhf 1.15-1
2026-05-21 15:32:22 status installed libxcb-dri3-0:armhf 1.15-1
2026-05-21 15:32:22 configure libx11-xcb1:armhf 2:1.8.4-2+deb12u2 <none>
2026-05-21 15:32:22 status unpacked libx11-xcb1:armhf 2:1.8.4-2+deb12u2
2026-05-21 15:32:22 status half-configured libx11-xcb1:armhf 2:1.8.4-2+deb12u2
2026-05-21 15:32:22 status installed libx11-xcb1:armhf 2:1.8.4-2+deb12u2
2026-05-21 15:32:22 configure fontconfig:armhf 2.14.1-4 <none>
2026-05-21 15:32:22 status unpacked fontconfig:armhf 2.14.1-4
2026-05-21 15:32:22 status half-configured fontconfig:armhf 2.14.1-4
2026-05-21 15:32:24 status installed fontconfig:armhf 2.14.1-4
2026-05-21 15:32:24 configure libgnutls-dane0:armhf 3.7.9-2+deb12u6 <none>
2026-05-21 15:32:24 status unpacked libgnutls-dane0:armhf 3.7.9-2+deb12u6
2026-05-21 15:32:24 status half-configured libgnutls-dane0:armhf 3.7.9-2+deb12u6
2026-05-21 15:32:24 status installed libgnutls-dane0:armhf 3.7.9-2+deb12u6
2026-05-21 15:32:24 configure initramfs-tools:all 0.142+deb12u3 <none>
2026-05-21 15:32:24 status unpacked initramfs-tools:all 0.142+deb12u3
2026-05-21 15:32:25 status half-configured initramfs-tools:all 0.142+deb12u3
2026-05-21 15:32:25 status installed initramfs-tools:all 0.142+deb12u3
2026-05-21 15:32:25 status triggers-pending initramfs-tools:all 0.142+deb12u3
2026-05-21 15:32:25 configure libxpm4:armhf 1:3.5.12-1.1+deb12u1 <none>
2026-05-21 15:32:25 status unpacked libxpm4:armhf 1:3.5.12-1.1+deb12u1
2026-05-21 15:32:25 status half-configured libxpm4:armhf 1:3.5.12-1.1+deb12u1
2026-05-21 15:32:25 status installed libxpm4:armhf 1:3.5.12-1.1+deb12u1
2026-05-21 15:32:25 configure libxrender1:armhf 1:0.9.10-1.1 <none>
2026-05-21 15:32:25 status unpacked libxrender1:armhf 1:0.9.10-1.1
2026-05-21 15:32:25 status half-configured libxrender1:armhf 1:0.9.10-1.1
2026-05-21 15:32:25 status installed libxrender1:armhf 1:0.9.10-1.1
2026-05-21 15:32:25 configure libpulse0:armhf 16.1+dfsg1-2+b1 <none>
2026-05-21 15:32:25 status unpacked libpulse0:armhf 16.1+dfsg1-2+b1
2026-05-21 15:32:26 status half-configured libpulse0:armhf 16.1+dfsg1-2+b1
2026-05-21 15:32:26 status installed libpulse0:armhf 16.1+dfsg1-2+b1
2026-05-21 15:32:26 configure iproute2:armhf 6.1.0-3 <none>
2026-05-21 15:32:26 status unpacked iproute2:armhf 6.1.0-3
2026-05-21 15:32:26 status half-configured iproute2:armhf 6.1.0-3
2026-05-21 15:32:27 status installed iproute2:armhf 6.1.0-3
2026-05-21 15:32:27 configure openssh-client:armhf 1:9.2p1-2+deb12u10 <none>
2026-05-21 15:32:27 status unpacked openssh-client:armhf 1:9.2p1-2+deb12u10
2026-05-21 15:32:27 status half-configured openssh-client:armhf 1:9.2p1-2+deb12u10
2026-05-21 15:32:29 status installed openssh-client:armhf 1:9.2p1-2+deb12u10
2026-05-21 15:32:29 configure chrony:armhf 4.3-2+deb12u2 <none>
2026-05-21 15:32:29 status unpacked chrony:armhf 4.3-2+deb12u2
2026-05-21 15:32:29 status half-configured chrony:armhf 4.3-2+deb12u2
2026-05-21 15:32:40 status installed chrony:armhf 4.3-2+deb12u2
2026-05-21 15:32:40 configure libfaust2:armhf 2.54.9+ds0-1 <none>
2026-05-21 15:32:40 status unpacked libfaust2:armhf 2.54.9+ds0-1
2026-05-21 15:32:40 status half-configured libfaust2:armhf 2.54.9+ds0-1
2026-05-21 15:32:40 status installed libfaust2:armhf 2.54.9+ds0-1
2026-05-21 15:32:40 configure libpango-1.0-0:armhf 1.50.12+ds-1 <none>
2026-05-21 15:32:40 status unpacked libpango-1.0-0:armhf 1.50.12+ds-1
2026-05-21 15:32:40 status half-configured libpango-1.0-0:armhf 1.50.12+ds-1
2026-05-21 15:32:40 status installed libpango-1.0-0:armhf 1.50.12+ds-1
2026-05-21 15:32:40 configure libiio0:armhf 0.24-4 <none>
2026-05-21 15:32:40 status unpacked libiio0:armhf 0.24-4
2026-05-21 15:32:40 status half-configured libiio0:armhf 0.24-4
2026-05-21 15:32:40 status installed libiio0:armhf 0.24-4
2026-05-21 15:32:40 configure libxext6:armhf 2:1.3.4-1+b1 <none>
2026-05-21 15:32:40 status unpacked libxext6:armhf 2:1.3.4-1+b1
2026-05-21 15:32:40 status half-configured libxext6:armhf 2:1.3.4-1+b1
2026-05-21 15:32:40 status installed libxext6:armhf 2:1.3.4-1+b1
2026-05-21 15:32:40 configure isc-dhcp-client:armhf 4.4.3-P1-2 <none>
2026-05-21 15:32:40 status unpacked isc-dhcp-client:armhf 4.4.3-P1-2
2026-05-21 15:32:40 status half-configured isc-dhcp-client:armhf 4.4.3-P1-2
2026-05-21 15:32:41 status installed isc-dhcp-client:armhf 4.4.3-P1-2
2026-05-21 15:32:41 configure libpulsedsp:armhf 16.1+dfsg1-2+b1 <none>
2026-05-21 15:32:41 status unpacked libpulsedsp:armhf 16.1+dfsg1-2+b1
2026-05-21 15:32:41 status half-configured libpulsedsp:armhf 16.1+dfsg1-2+b1
2026-05-21 15:32:41 status installed libpulsedsp:armhf 16.1+dfsg1-2+b1
2026-05-21 15:32:41 configure libgstreamer-plugins-base1.0-0:armhf 1.22.0-3+deb12u6 <none>
2026-05-21 15:32:41 status unpacked libgstreamer-plugins-base1.0-0:armhf 1.22.0-3+deb12u6
2026-05-21 15:32:41 status half-configured libgstreamer-plugins-base1.0-0:armhf 1.22.0-3+deb12u6
2026-05-21 15:32:41 status installed libgstreamer-plugins-base1.0-0:armhf 1.22.0-3+deb12u6
2026-05-21 15:32:41 configure binutils:armhf 2.40-2 <none>
2026-05-21 15:32:41 status unpacked binutils:armhf 2.40-2
2026-05-21 15:32:41 status half-configured binutils:armhf 2.40-2
2026-05-21 15:32:41 status installed binutils:armhf 2.40-2
2026-05-21 15:32:41 configure libaprutil1-ldap:armhf 1.6.3-1 <none>
2026-05-21 15:32:41 status unpacked libaprutil1-ldap:armhf 1.6.3-1
2026-05-21 15:32:41 status half-configured libaprutil1-ldap:armhf 1.6.3-1
2026-05-21 15:32:41 status installed libaprutil1-ldap:armhf 1.6.3-1
2026-05-21 15:32:41 configure libjack-jackd2-dev:armhf 1.9.21~dfsg-3 <none>
2026-05-21 15:32:41 status unpacked libjack-jackd2-dev:armhf 1.9.21~dfsg-3
2026-05-21 15:32:41 status half-configured libjack-jackd2-dev:armhf 1.9.21~dfsg-3
2026-05-21 15:32:41 status installed libjack-jackd2-dev:armhf 1.9.21~dfsg-3
2026-05-21 15:32:41 configure chuck:armhf 1.4.2.0-1 <none>
2026-05-21 15:32:41 status unpacked chuck:armhf 1.4.2.0-1
2026-05-21 15:32:42 status half-configured chuck:armhf 1.4.2.0-1
2026-05-21 15:32:42 status installed chuck:armhf 1.4.2.0-1
2026-05-21 15:32:42 configure libcairo2:armhf 1.16.0-7 <none>
2026-05-21 15:32:42 status unpacked libcairo2:armhf 1.16.0-7
2026-05-21 15:32:42 status half-configured libcairo2:armhf 1.16.0-7
2026-05-21 15:32:42 status installed libcairo2:armhf 1.16.0-7
2026-05-21 15:32:42 configure wpasupplicant:armhf 2:2.10-12+deb12u3 <none>
2026-05-21 15:32:42 status unpacked wpasupplicant:armhf 2:2.10-12+deb12u3
2026-05-21 15:32:42 status half-configured wpasupplicant:armhf 2:2.10-12+deb12u3
2026-05-21 15:32:44 status installed wpasupplicant:armhf 2:2.10-12+deb12u3
2026-05-21 15:32:44 configure perl:armhf 5.36.0-7+deb12u3 <none>
2026-05-21 15:32:44 status unpacked perl:armhf 5.36.0-7+deb12u3
2026-05-21 15:32:44 status half-configured perl:armhf 5.36.0-7+deb12u3
2026-05-21 15:32:45 status installed perl:armhf 5.36.0-7+deb12u3
2026-05-21 15:32:45 configure libtirpc-dev:armhf 1.3.3+ds-1 <none>
2026-05-21 15:32:45 status unpacked libtirpc-dev:armhf 1.3.3+ds-1
2026-05-21 15:32:45 status half-configured libtirpc-dev:armhf 1.3.3+ds-1
2026-05-21 15:32:45 status installed libtirpc-dev:armhf 1.3.3+ds-1
2026-05-21 15:32:45 configure gcc-12:armhf 12.2.0-14+deb12u1 <none>
2026-05-21 15:32:45 status unpacked gcc-12:armhf 12.2.0-14+deb12u1
2026-05-21 15:32:45 status half-configured gcc-12:armhf 12.2.0-14+deb12u1
2026-05-21 15:32:45 status installed gcc-12:armhf 12.2.0-14+deb12u1
2026-05-21 15:32:45 configure libxfixes3:armhf 1:6.0.0-2 <none>
2026-05-21 15:32:45 status unpacked libxfixes3:armhf 1:6.0.0-2
2026-05-21 15:32:45 status half-configured libxfixes3:armhf 1:6.0.0-2
2026-05-21 15:32:45 status installed libxfixes3:armhf 1:6.0.0-2
2026-05-21 15:32:45 configure libsndfile1-dev:armhf 1.2.0-1+deb12u1 <none>
2026-05-21 15:32:45 status unpacked libsndfile1-dev:armhf 1.2.0-1+deb12u1
2026-05-21 15:32:45 status half-configured libsndfile1-dev:armhf 1.2.0-1+deb12u1
2026-05-21 15:32:45 status installed libsndfile1-dev:armhf 1.2.0-1+deb12u1
2026-05-21 15:32:45 configure ifupdown:armhf 0.8.41 <none>
2026-05-21 15:32:45 status unpacked ifupdown:armhf 0.8.41
2026-05-21 15:32:46 status half-configured ifupdown:armhf 0.8.41
2026-05-21 15:32:49 status installed ifupdown:armhf 0.8.41
2026-05-21 15:32:49 configure libpulse-mainloop-glib0:armhf 16.1+dfsg1-2+b1 <none>
2026-05-21 15:32:49 status unpacked libpulse-mainloop-glib0:armhf 16.1+dfsg1-2+b1
2026-05-21 15:32:49 status half-configured libpulse-mainloop-glib0:armhf 16.1+dfsg1-2+b1
2026-05-21 15:32:49 status installed libpulse-mainloop-glib0:armhf 16.1+dfsg1-2+b1
2026-05-21 15:32:49 configure pulseaudio-utils:armhf 16.1+dfsg1-2+b1 <none>
2026-05-21 15:32:49 status unpacked pulseaudio-utils:armhf 16.1+dfsg1-2+b1
2026-05-21 15:32:49 status half-configured pulseaudio-utils:armhf 16.1+dfsg1-2+b1
2026-05-21 15:32:49 status installed pulseaudio-utils:armhf 16.1+dfsg1-2+b1
2026-05-21 15:32:49 configure libxinerama1:armhf 2:1.1.4-3 <none>
2026-05-21 15:32:49 status unpacked libxinerama1:armhf 2:1.1.4-3
2026-05-21 15:32:49 status half-configured libxinerama1:armhf 2:1.1.4-3
2026-05-21 15:32:49 status installed libxinerama1:armhf 2:1.1.4-3
2026-05-21 15:32:49 configure libsdl1.2debian:armhf 1.2.15+dfsg2-8 <none>
2026-05-21 15:32:49 status unpacked libsdl1.2debian:armhf 1.2.15+dfsg2-8
2026-05-21 15:32:50 status half-configured libsdl1.2debian:armhf 1.2.15+dfsg2-8
2026-05-21 15:32:50 status installed libsdl1.2debian:armhf 1.2.15+dfsg2-8
2026-05-21 15:32:50 configure i2c-tools:armhf 4.3-2+b3 <none>
2026-05-21 15:32:50 status unpacked i2c-tools:armhf 4.3-2+b3
2026-05-21 15:32:50 status half-configured i2c-tools:armhf 4.3-2+b3
2026-05-21 15:32:51 status installed i2c-tools:armhf 4.3-2+b3
2026-05-21 15:32:51 configure libxt6:armhf 1:1.2.1-1.1 <none>
2026-05-21 15:32:51 status unpacked libxt6:armhf 1:1.2.1-1.1
2026-05-21 15:32:51 status half-configured libxt6:armhf 1:1.2.1-1.1
2026-05-21 15:32:51 status installed libxt6:armhf 1:1.2.1-1.1
2026-05-21 15:32:51 configure libdpkg-perl:all 1.21.23 <none>
2026-05-21 15:32:51 status unpacked libdpkg-perl:all 1.21.23
2026-05-21 15:32:51 status half-configured libdpkg-perl:all 1.21.23
2026-05-21 15:32:51 status installed libdpkg-perl:all 1.21.23
2026-05-21 15:32:51 configure lm-sensors:armhf 1:3.6.0-7.1 <none>
2026-05-21 15:32:51 status unpacked lm-sensors:armhf 1:3.6.0-7.1
2026-05-21 15:32:51 status half-configured lm-sensors:armhf 1:3.6.0-7.1
2026-05-21 15:32:53 status installed lm-sensors:armhf 1:3.6.0-7.1
2026-05-21 15:32:53 configure libvdpau1:armhf 1.5-2 <none>
2026-05-21 15:32:53 status unpacked libvdpau1:armhf 1.5-2
2026-05-21 15:32:53 status half-configured libvdpau1:armhf 1.5-2
2026-05-21 15:32:54 status installed libvdpau1:armhf 1.5-2
2026-05-21 15:32:54 configure libtheora0:armhf 1.1.1+dfsg.1-16.1+deb12u1 <none>
2026-05-21 15:32:54 status unpacked libtheora0:armhf 1.1.1+dfsg.1-16.1+deb12u1
2026-05-21 15:32:54 status half-configured libtheora0:armhf 1.1.1+dfsg.1-16.1+deb12u1
2026-05-21 15:32:54 status installed libtheora0:armhf 1.1.1+dfsg.1-16.1+deb12u1
2026-05-21 15:32:54 configure libnsl2:armhf 1.3.0-2 <none>
2026-05-21 15:32:54 status unpacked libnsl2:armhf 1.3.0-2
2026-05-21 15:32:54 status half-configured libnsl2:armhf 1.3.0-2
2026-05-21 15:32:54 status installed libnsl2:armhf 1.3.0-2
2026-05-21 15:32:54 configure faust:armhf 2.54.9+ds0-1 <none>
2026-05-21 15:32:54 status unpacked faust:armhf 2.54.9+ds0-1
2026-05-21 15:32:54 status half-configured faust:armhf 2.54.9+ds0-1
2026-05-21 15:32:54 status installed faust:armhf 2.54.9+ds0-1
2026-05-21 15:32:54 configure libcairo-gobject2:armhf 1.16.0-7 <none>
2026-05-21 15:32:54 status unpacked libcairo-gobject2:armhf 1.16.0-7
2026-05-21 15:32:54 status half-configured libcairo-gobject2:armhf 1.16.0-7
2026-05-21 15:32:54 status installed libcairo-gobject2:armhf 1.16.0-7
2026-05-21 15:32:54 configure libpangoft2-1.0-0:armhf 1.50.12+ds-1 <none>
2026-05-21 15:32:54 status unpacked libpangoft2-1.0-0:armhf 1.50.12+ds-1
2026-05-21 15:32:54 status half-configured libpangoft2-1.0-0:armhf 1.50.12+ds-1
2026-05-21 15:32:54 status installed libpangoft2-1.0-0:armhf 1.50.12+ds-1
2026-05-21 15:32:54 configure libregexp-assemble-perl:all 0.38-2 <none>
2026-05-21 15:32:54 status unpacked libregexp-assemble-perl:all 0.38-2
2026-05-21 15:32:54 status half-configured libregexp-assemble-perl:all 0.38-2
2026-05-21 15:32:54 status installed libregexp-assemble-perl:all 0.38-2
2026-05-21 15:32:54 configure libva-x11-2:armhf 2.17.0-1 <none>
2026-05-21 15:32:54 status unpacked libva-x11-2:armhf 2.17.0-1
2026-05-21 15:32:54 status half-configured libva-x11-2:armhf 2.17.0-1
2026-05-21 15:32:54 status installed libva-x11-2:armhf 2.17.0-1
2026-05-21 15:32:55 configure libpangocairo-1.0-0:armhf 1.50.12+ds-1 <none>
2026-05-21 15:32:55 status unpacked libpangocairo-1.0-0:armhf 1.50.12+ds-1
2026-05-21 15:32:55 status half-configured libpangocairo-1.0-0:armhf 1.50.12+ds-1
2026-05-21 15:32:55 status installed libpangocairo-1.0-0:armhf 1.50.12+ds-1
2026-05-21 15:32:55 configure libapt-pkg-perl:armhf 0.1.40+b2 <none>
2026-05-21 15:32:55 status unpacked libapt-pkg-perl:armhf 0.1.40+b2
2026-05-21 15:32:55 status half-configured libapt-pkg-perl:armhf 0.1.40+b2
2026-05-21 15:32:55 status installed libapt-pkg-perl:armhf 0.1.40+b2
2026-05-21 15:32:55 configure openssh-sftp-server:armhf 1:9.2p1-2+deb12u10 <none>
2026-05-21 15:32:55 status unpacked openssh-sftp-server:armhf 1:9.2p1-2+deb12u10
2026-05-21 15:32:55 status half-configured openssh-sftp-server:armhf 1:9.2p1-2+deb12u10
2026-05-21 15:32:55 status installed openssh-sftp-server:armhf 1:9.2p1-2+deb12u10
2026-05-21 15:32:55 configure libxft2:armhf 2.3.6-1 <none>
2026-05-21 15:32:55 status unpacked libxft2:armhf 2.3.6-1
2026-05-21 15:32:55 status half-configured libxft2:armhf 2.3.6-1
2026-05-21 15:32:55 status installed libxft2:armhf 2.3.6-1
2026-05-21 15:32:55 configure libxmu6:armhf 2:1.1.3-3 <none>
2026-05-21 15:32:55 status unpacked libxmu6:armhf 2:1.1.3-3
2026-05-21 15:32:55 status half-configured libxmu6:armhf 2:1.1.3-3
2026-05-21 15:32:55 status installed libxmu6:armhf 2:1.1.3-3
2026-05-21 15:32:55 configure libiio-utils:armhf 0.24-4 <none>
2026-05-21 15:32:55 status unpacked libiio-utils:armhf 0.24-4
2026-05-21 15:32:55 status half-configured libiio-utils:armhf 0.24-4
2026-05-21 15:32:55 status installed libiio-utils:armhf 0.24-4
2026-05-21 15:32:55 configure libxtst6:armhf 2:1.2.3-1.1 <none>
2026-05-21 15:32:55 status unpacked libxtst6:armhf 2:1.2.3-1.1
2026-05-21 15:32:55 status half-configured libxtst6:armhf 2:1.2.3-1.1
2026-05-21 15:32:56 status installed libxtst6:armhf 2:1.2.3-1.1
2026-05-21 15:32:56 configure libpython3.11-stdlib:armhf 3.11.2-6+deb12u7 <none>
2026-05-21 15:32:56 status unpacked libpython3.11-stdlib:armhf 3.11.2-6+deb12u7
2026-05-21 15:32:56 status half-configured libpython3.11-stdlib:armhf 3.11.2-6+deb12u7
2026-05-21 15:32:56 status installed libpython3.11-stdlib:armhf 3.11.2-6+deb12u7
2026-05-21 15:32:56 configure apt-file:all 3.3 <none>
2026-05-21 15:32:56 status unpacked apt-file:all 3.3
2026-05-21 15:32:56 status half-configured apt-file:all 3.3
2026-05-21 15:33:00 status installed apt-file:all 3.3
2026-05-21 15:33:00 configure fim:armhf 0.5.3-10+b1 <none>
2026-05-21 15:33:00 status unpacked fim:armhf 0.5.3-10+b1
2026-05-21 15:33:00 status half-configured fim:armhf 0.5.3-10+b1
2026-05-21 15:33:00 status installed fim:armhf 0.5.3-10+b1
2026-05-21 15:33:00 configure libxaw7:armhf 2:1.0.14-1 <none>
2026-05-21 15:33:00 status unpacked libxaw7:armhf 2:1.0.14-1
2026-05-21 15:33:00 status half-configured libxaw7:armhf 2:1.0.14-1
2026-05-21 15:33:00 status installed libxaw7:armhf 2:1.0.14-1
2026-05-21 15:33:00 configure apache2-bin:armhf 2.4.67-1~deb12u2 <none>
2026-05-21 15:33:00 status unpacked apache2-bin:armhf 2.4.67-1~deb12u2
2026-05-21 15:33:00 status half-configured apache2-bin:armhf 2.4.67-1~deb12u2
2026-05-21 15:33:00 status installed apache2-bin:armhf 2.4.67-1~deb12u2
2026-05-21 15:33:00 configure gcc:armhf 4:12.2.0-3 <none>
2026-05-21 15:33:00 status unpacked gcc:armhf 4:12.2.0-3
2026-05-21 15:33:00 status half-configured gcc:armhf 4:12.2.0-3
2026-05-21 15:33:01 status installed gcc:armhf 4:12.2.0-3
2026-05-21 15:33:01 configure dpkg-dev:all 1.21.23 <none>
2026-05-21 15:33:01 status unpacked dpkg-dev:all 1.21.23
2026-05-21 15:33:01 status half-configured dpkg-dev:all 1.21.23
2026-05-21 15:33:01 status installed dpkg-dev:all 1.21.23
2026-05-21 15:33:01 configure librsvg2-2:armhf 2.54.7+dfsg-1~deb12u1 <none>
2026-05-21 15:33:01 status unpacked librsvg2-2:armhf 2.54.7+dfsg-1~deb12u1
2026-05-21 15:33:01 status half-configured librsvg2-2:armhf 2.54.7+dfsg-1~deb12u1
2026-05-21 15:33:01 status installed librsvg2-2:armhf 2.54.7+dfsg-1~deb12u1
2026-05-21 15:33:01 configure libavutil57:armhf 7:5.1.8-0+deb12u1 <none>
2026-05-21 15:33:01 status unpacked libavutil57:armhf 7:5.1.8-0+deb12u1
2026-05-21 15:33:01 status half-configured libavutil57:armhf 7:5.1.8-0+deb12u1
2026-05-21 15:33:01 status installed libavutil57:armhf 7:5.1.8-0+deb12u1
2026-05-21 15:33:01 configure libwrap0:armhf 7.6.q-32 <none>
2026-05-21 15:33:01 status unpacked libwrap0:armhf 7.6.q-32
2026-05-21 15:33:01 status half-configured libwrap0:armhf 7.6.q-32
2026-05-21 15:33:01 status installed libwrap0:armhf 7.6.q-32
2026-05-21 15:33:02 configure libswresample4:armhf 7:5.1.8-0+deb12u1 <none>
2026-05-21 15:33:02 status unpacked libswresample4:armhf 7:5.1.8-0+deb12u1
2026-05-21 15:33:02 status half-configured libswresample4:armhf 7:5.1.8-0+deb12u1
2026-05-21 15:33:02 status installed libswresample4:armhf 7:5.1.8-0+deb12u1
2026-05-21 15:33:02 configure libnsl-dev:armhf 1.3.0-2 <none>
2026-05-21 15:33:02 status unpacked libnsl-dev:armhf 1.3.0-2
2026-05-21 15:33:02 status half-configured libnsl-dev:armhf 1.3.0-2
2026-05-21 15:33:02 status installed libnsl-dev:armhf 1.3.0-2
2026-05-21 15:33:02 configure libc6-dev:armhf 2.36-9+deb12u14 <none>
2026-05-21 15:33:02 status unpacked libc6-dev:armhf 2.36-9+deb12u14
2026-05-21 15:33:02 status half-configured libc6-dev:armhf 2.36-9+deb12u14
2026-05-21 15:33:02 status installed libc6-dev:armhf 2.36-9+deb12u14
2026-05-21 15:33:02 configure xterm:armhf 379-1 <none>
2026-05-21 15:33:02 status unpacked xterm:armhf 379-1
2026-05-21 15:33:02 status half-configured xterm:armhf 379-1
2026-05-21 15:33:03 status installed xterm:armhf 379-1
2026-05-21 15:33:03 configure libavcodec59:armhf 7:5.1.8-0+deb12u1 <none>
2026-05-21 15:33:03 status unpacked libavcodec59:armhf 7:5.1.8-0+deb12u1
2026-05-21 15:33:03 status half-configured libavcodec59:armhf 7:5.1.8-0+deb12u1
2026-05-21 15:33:03 status installed libavcodec59:armhf 7:5.1.8-0+deb12u1
2026-05-21 15:33:03 configure libpython3-stdlib:armhf 3.11.2-1+b1 <none>
2026-05-21 15:33:03 status unpacked libpython3-stdlib:armhf 3.11.2-1+b1
2026-05-21 15:33:03 status half-configured libpython3-stdlib:armhf 3.11.2-1+b1
2026-05-21 15:33:03 status installed libpython3-stdlib:armhf 3.11.2-1+b1
2026-05-21 15:33:03 configure libgnutls28-dev:armhf 3.7.9-2+deb12u6 <none>
2026-05-21 15:33:03 status unpacked libgnutls28-dev:armhf 3.7.9-2+deb12u6
2026-05-21 15:33:03 status half-configured libgnutls28-dev:armhf 3.7.9-2+deb12u6
2026-05-21 15:33:03 status installed libgnutls28-dev:armhf 3.7.9-2+deb12u6
2026-05-21 15:33:03 configure python3.11:armhf 3.11.2-6+deb12u7 <none>
2026-05-21 15:33:03 status unpacked python3.11:armhf 3.11.2-6+deb12u7
2026-05-21 15:33:03 status half-configured python3.11:armhf 3.11.2-6+deb12u7
2026-05-21 15:33:09 status installed python3.11:armhf 3.11.2-6+deb12u7
2026-05-21 15:33:09 configure libasound2-plugins:armhf 1.2.7.1-1 <none>
2026-05-21 15:33:09 status unpacked libasound2-plugins:armhf 1.2.7.1-1
2026-05-21 15:33:09 status half-configured libasound2-plugins:armhf 1.2.7.1-1
2026-05-21 15:33:09 status installed libasound2-plugins:armhf 1.2.7.1-1
2026-05-21 15:33:09 configure libpcre2-dev:armhf 10.42-1 <none>
2026-05-21 15:33:09 status unpacked libpcre2-dev:armhf 10.42-1
2026-05-21 15:33:09 status half-configured libpcre2-dev:armhf 10.42-1
2026-05-21 15:33:09 status installed libpcre2-dev:armhf 10.42-1
2026-05-21 15:33:09 configure openssh-server:armhf 1:9.2p1-2+deb12u10 <none>
2026-05-21 15:33:09 status unpacked openssh-server:armhf 1:9.2p1-2+deb12u10
2026-05-21 15:33:09 status half-configured openssh-server:armhf 1:9.2p1-2+deb12u10
2026-05-21 15:33:28 status installed openssh-server:armhf 1:9.2p1-2+deb12u10
2026-05-21 15:33:28 configure libstdc++-12-dev:armhf 12.2.0-14+deb12u1 <none>
2026-05-21 15:33:28 status unpacked libstdc++-12-dev:armhf 12.2.0-14+deb12u1
2026-05-21 15:33:28 status half-configured libstdc++-12-dev:armhf 12.2.0-14+deb12u1
2026-05-21 15:33:28 status installed libstdc++-12-dev:armhf 12.2.0-14+deb12u1
2026-05-21 15:33:28 configure libselinux1-dev:armhf 3.4-1+b6 <none>
2026-05-21 15:33:28 status unpacked libselinux1-dev:armhf 3.4-1+b6
2026-05-21 15:33:28 status half-configured libselinux1-dev:armhf 3.4-1+b6
2026-05-21 15:33:28 status installed libselinux1-dev:armhf 3.4-1+b6
2026-05-21 15:33:28 configure apache2:armhf 2.4.67-1~deb12u2 <none>
2026-05-21 15:33:28 status unpacked apache2:armhf 2.4.67-1~deb12u2
2026-05-21 15:33:36 status half-configured apache2:armhf 2.4.67-1~deb12u2
2026-05-21 15:33:54 status installed apache2:armhf 2.4.67-1~deb12u2
2026-05-21 15:33:55 configure python3:armhf 3.11.2-1+b1 <none>
2026-05-21 15:33:55 status unpacked python3:armhf 3.11.2-1+b1
2026-05-21 15:33:55 status half-configured python3:armhf 3.11.2-1+b1
2026-05-21 15:34:01 status installed python3:armhf 3.11.2-1+b1
2026-05-21 15:34:01 configure pulseaudio:armhf 16.1+dfsg1-2+b1 <none>
2026-05-21 15:34:01 status unpacked pulseaudio:armhf 16.1+dfsg1-2+b1
2026-05-21 15:34:01 status half-configured pulseaudio:armhf 16.1+dfsg1-2+b1
2026-05-21 15:34:07 status installed pulseaudio:armhf 16.1+dfsg1-2+b1
2026-05-21 15:34:07 configure uuid-dev:armhf 2.38.1-5+deb12u3 <none>
2026-05-21 15:34:07 status unpacked uuid-dev:armhf 2.38.1-5+deb12u3
2026-05-21 15:34:07 status half-configured uuid-dev:armhf 2.38.1-5+deb12u3
2026-05-21 15:34:07 status installed uuid-dev:armhf 2.38.1-5+deb12u3
2026-05-21 15:34:08 configure zlib1g-dev:armhf 1:1.2.13.dfsg-1 <none>
2026-05-21 15:34:08 status unpacked zlib1g-dev:armhf 1:1.2.13.dfsg-1
2026-05-21 15:34:08 status half-configured zlib1g-dev:armhf 1:1.2.13.dfsg-1
2026-05-21 15:34:08 status installed zlib1g-dev:armhf 1:1.2.13.dfsg-1
2026-05-21 15:34:08 configure libmicrohttpd-dev:armhf 0.9.75-6 <none>
2026-05-21 15:34:08 status unpacked libmicrohttpd-dev:armhf 0.9.75-6
2026-05-21 15:34:08 status half-configured libmicrohttpd-dev:armhf 0.9.75-6
2026-05-21 15:34:08 status installed libmicrohttpd-dev:armhf 0.9.75-6
2026-05-21 15:34:08 configure python3-lib2to3:all 3.11.2-3 <none>
2026-05-21 15:34:08 status unpacked python3-lib2to3:all 3.11.2-3
2026-05-21 15:34:08 status half-configured python3-lib2to3:all 3.11.2-3
2026-05-21 15:34:09 status installed python3-lib2to3:all 3.11.2-3
2026-05-21 15:34:09 configure g++-12:armhf 12.2.0-14+deb12u1 <none>
2026-05-21 15:34:09 status unpacked g++-12:armhf 12.2.0-14+deb12u1
2026-05-21 15:34:09 status half-configured g++-12:armhf 12.2.0-14+deb12u1
2026-05-21 15:34:09 status installed g++-12:armhf 12.2.0-14+deb12u1
2026-05-21 15:34:09 configure python3-distutils:all 3.11.2-3 <none>
2026-05-21 15:34:09 status unpacked python3-distutils:all 3.11.2-3
2026-05-21 15:34:09 status half-configured python3-distutils:all 3.11.2-3
2026-05-21 15:34:10 status installed python3-distutils:all 3.11.2-3
2026-05-21 15:34:10 configure libglib2.0-dev-bin:armhf 2.74.6-2+deb12u9 <none>
2026-05-21 15:34:10 status unpacked libglib2.0-dev-bin:armhf 2.74.6-2+deb12u9
2026-05-21 15:34:11 status half-configured libglib2.0-dev-bin:armhf 2.74.6-2+deb12u9
2026-05-21 15:34:12 status installed libglib2.0-dev-bin:armhf 2.74.6-2+deb12u9
2026-05-21 15:34:12 configure libblkid-dev:armhf 2.38.1-5+deb12u3 <none>
2026-05-21 15:34:12 status unpacked libblkid-dev:armhf 2.38.1-5+deb12u3
2026-05-21 15:34:12 status half-configured libblkid-dev:armhf 2.38.1-5+deb12u3
2026-05-21 15:34:12 status installed libblkid-dev:armhf 2.38.1-5+deb12u3
2026-05-21 15:34:12 configure python3-dbus:armhf 1.3.2-4+b1 <none>
2026-05-21 15:34:12 status unpacked python3-dbus:armhf 1.3.2-4+b1
2026-05-21 15:34:12 status half-configured python3-dbus:armhf 1.3.2-4+b1
2026-05-21 15:34:14 status installed python3-dbus:armhf 1.3.2-4+b1
2026-05-21 15:34:14 configure python3-apt:armhf 2.6.0 <none>
2026-05-21 15:34:14 status unpacked python3-apt:armhf 2.6.0
2026-05-21 15:34:14 status half-configured python3-apt:armhf 2.6.0
2026-05-21 15:34:16 status installed python3-apt:armhf 2.6.0
2026-05-21 15:34:16 configure python3-ntp:armhf 1.2.2+dfsg1-1+deb12u1 <none>
2026-05-21 15:34:16 status unpacked python3-ntp:armhf 1.2.2+dfsg1-1+deb12u1
2026-05-21 15:34:16 status half-configured python3-ntp:armhf 1.2.2+dfsg1-1+deb12u1
2026-05-21 15:34:18 status installed python3-ntp:armhf 1.2.2+dfsg1-1+deb12u1
2026-05-21 15:34:18 configure command-not-found:all 23.04.0-1 <none>
2026-05-21 15:34:18 status unpacked command-not-found:all 23.04.0-1
2026-05-21 15:34:18 status half-configured command-not-found:all 23.04.0-1
2026-05-21 15:34:20 status installed command-not-found:all 23.04.0-1
2026-05-21 15:34:20 configure jackd2:armhf 1.9.21~dfsg-3 <none>
2026-05-21 15:34:20 status unpacked jackd2:armhf 1.9.21~dfsg-3
2026-05-21 15:34:20 status half-configured jackd2:armhf 1.9.21~dfsg-3
2026-05-21 15:34:21 status installed jackd2:armhf 1.9.21~dfsg-3
2026-05-21 15:34:21 configure ntpsec-ntpdig:armhf 1.2.2+dfsg1-1+deb12u1 <none>
2026-05-21 15:34:21 status unpacked ntpsec-ntpdig:armhf 1.2.2+dfsg1-1+deb12u1
2026-05-21 15:34:21 status half-configured ntpsec-ntpdig:armhf 1.2.2+dfsg1-1+deb12u1
2026-05-21 15:34:21 status installed ntpsec-ntpdig:armhf 1.2.2+dfsg1-1+deb12u1
2026-05-21 15:34:21 configure g++:armhf 4:12.2.0-3 <none>
2026-05-21 15:34:21 status unpacked g++:armhf 4:12.2.0-3
2026-05-21 15:34:21 status half-configured g++:armhf 4:12.2.0-3
2026-05-21 15:34:21 status installed g++:armhf 4:12.2.0-3
2026-05-21 15:34:21 configure build-essential:armhf 12.9 <none>
2026-05-21 15:34:21 status unpacked build-essential:armhf 12.9
2026-05-21 15:34:21 status half-configured build-essential:armhf 12.9
2026-05-21 15:34:21 status installed build-essential:armhf 12.9
2026-05-21 15:34:21 configure libmount-dev:armhf 2.38.1-5+deb12u3 <none>
2026-05-21 15:34:21 status unpacked libmount-dev:armhf 2.38.1-5+deb12u3
2026-05-21 15:34:22 status half-configured libmount-dev:armhf 2.38.1-5+deb12u3
2026-05-21 15:34:22 status installed libmount-dev:armhf 2.38.1-5+deb12u3
2026-05-21 15:34:22 configure ntpsec-ntpdate:armhf 1.2.2+dfsg1-1+deb12u1 <none>
2026-05-21 15:34:22 status unpacked ntpsec-ntpdate:armhf 1.2.2+dfsg1-1+deb12u1
2026-05-21 15:34:22 status half-configured ntpsec-ntpdate:armhf 1.2.2+dfsg1-1+deb12u1
2026-05-21 15:34:22 status installed ntpsec-ntpdate:armhf 1.2.2+dfsg1-1+deb12u1
2026-05-21 15:34:22 configure ntpdate:all 1:4.2.8p15+dfsg-2~1.2.2+dfsg1-1+deb12u1 <none>
2026-05-21 15:34:22 status unpacked ntpdate:all 1:4.2.8p15+dfsg-2~1.2.2+dfsg1-1+deb12u1
2026-05-21 15:34:22 status half-configured ntpdate:all 1:4.2.8p15+dfsg-2~1.2.2+dfsg1-1+deb12u1
2026-05-21 15:34:22 status installed ntpdate:all 1:4.2.8p15+dfsg-2~1.2.2+dfsg1-1+deb12u1
2026-05-21 15:34:22 configure libglib2.0-dev:armhf 2.74.6-2+deb12u9 <none>
2026-05-21 15:34:22 status unpacked libglib2.0-dev:armhf 2.74.6-2+deb12u9
2026-05-21 15:34:22 status half-configured libglib2.0-dev:armhf 2.74.6-2+deb12u9
2026-05-21 15:34:22 status installed libglib2.0-dev:armhf 2.74.6-2+deb12u9
2026-05-21 15:34:22 configure libpulse-dev:armhf 16.1+dfsg1-2+b1 <none>
2026-05-21 15:34:22 status unpacked libpulse-dev:armhf 16.1+dfsg1-2+b1
2026-05-21 15:34:22 status half-configured libpulse-dev:armhf 16.1+dfsg1-2+b1
2026-05-21 15:34:22 status installed libpulse-dev:armhf 16.1+dfsg1-2+b1
2026-05-21 15:34:22 trigproc libc-bin:armhf 2.36-9+deb12u14 <none>
2026-05-21 15:34:22 status half-configured libc-bin:armhf 2.36-9+deb12u14
2026-05-21 15:34:23 status installed libc-bin:armhf 2.36-9+deb12u14
2026-05-21 15:34:23 trigproc ca-certificates:all 20230311+deb12u1 <none>
2026-05-21 15:34:23 status half-configured ca-certificates:all 20230311+deb12u1
2026-05-21 15:34:37 status installed ca-certificates:all 20230311+deb12u1
2026-05-21 15:34:37 trigproc initramfs-tools:all 0.142+deb12u3 <none>
2026-05-21 15:34:37 status half-configured initramfs-tools:all 0.142+deb12u3
2026-05-21 15:34:38 status installed initramfs-tools:all 0.142+deb12u3
2026-05-22 15:37:01 startup archives unpack
2026-05-22 15:37:03 install libmagic-mgc:armhf <none> 1:5.44-3
2026-05-22 15:37:03 status half-installed libmagic-mgc:armhf 1:5.44-3
2026-05-22 15:37:03 status unpacked libmagic-mgc:armhf 1:5.44-3
2026-05-22 15:37:04 install libmagic1:armhf <none> 1:5.44-3
2026-05-22 15:37:04 status triggers-pending libc-bin:armhf 2.36-9+deb12u14
2026-05-22 15:37:04 status half-installed libmagic1:armhf 1:5.44-3
2026-05-22 15:37:04 status unpacked libmagic1:armhf 1:5.44-3
2026-05-22 15:37:05 install file:armhf <none> 1:5.44-3
2026-05-22 15:37:05 status half-installed file:armhf 1:5.44-3
2026-05-22 15:37:05 status unpacked file:armhf 1:5.44-3
2026-05-22 15:37:05 startup packages configure
2026-05-22 15:37:05 configure libmagic-mgc:armhf 1:5.44-3 <none>
2026-05-22 15:37:05 status unpacked libmagic-mgc:armhf 1:5.44-3
2026-05-22 15:37:05 status half-configured libmagic-mgc:armhf 1:5.44-3
2026-05-22 15:37:05 status installed libmagic-mgc:armhf 1:5.44-3
2026-05-22 15:37:05 configure libmagic1:armhf 1:5.44-3 <none>
2026-05-22 15:37:05 status unpacked libmagic1:armhf 1:5.44-3
2026-05-22 15:37:06 status half-configured libmagic1:armhf 1:5.44-3
2026-05-22 15:37:06 status installed libmagic1:armhf 1:5.44-3
2026-05-22 15:37:06 configure file:armhf 1:5.44-3 <none>
2026-05-22 15:37:06 status unpacked file:armhf 1:5.44-3
2026-05-22 15:37:06 status half-configured file:armhf 1:5.44-3
2026-05-22 15:37:06 status installed file:armhf 1:5.44-3
2026-05-22 15:37:06 trigproc libc-bin:armhf 2.36-9+deb12u14 <none>
2026-05-22 15:37:06 status half-configured libc-bin:armhf 2.36-9+deb12u14
2026-05-22 15:37:06 status installed libc-bin:armhf 2.36-9+deb12u14
2026-05-22 16:12:25 startup archives unpack
2026-05-22 16:12:27 install dbus-bin:armhf <none> 1.14.10-1~deb12u1
2026-05-22 16:12:27 status half-installed dbus-bin:armhf 1.14.10-1~deb12u1
2026-05-22 16:12:27 status unpacked dbus-bin:armhf 1.14.10-1~deb12u1
2026-05-22 16:12:27 install dbus-session-bus-common:all <none> 1.14.10-1~deb12u1
2026-05-22 16:12:27 status half-installed dbus-session-bus-common:all 1.14.10-1~deb12u1
2026-05-22 16:12:28 status unpacked dbus-session-bus-common:all 1.14.10-1~deb12u1
2026-05-22 16:12:28 install dbus-daemon:armhf <none> 1.14.10-1~deb12u1
2026-05-22 16:12:28 status half-installed dbus-daemon:armhf 1.14.10-1~deb12u1
2026-05-22 16:12:29 status unpacked dbus-daemon:armhf 1.14.10-1~deb12u1
2026-05-22 16:12:29 install dbus-system-bus-common:all <none> 1.14.10-1~deb12u1
2026-05-22 16:12:29 status half-installed dbus-system-bus-common:all 1.14.10-1~deb12u1
2026-05-22 16:12:29 status unpacked dbus-system-bus-common:all 1.14.10-1~deb12u1
2026-05-22 16:12:30 install dbus:armhf <none> 1.14.10-1~deb12u1
2026-05-22 16:12:30 status half-installed dbus:armhf 1.14.10-1~deb12u1
2026-05-22 16:12:30 status unpacked dbus:armhf 1.14.10-1~deb12u1
2026-05-22 16:12:30 install sgml-base:all <none> 1.31
2026-05-22 16:12:30 status half-installed sgml-base:all 1.31
2026-05-22 16:12:31 status unpacked sgml-base:all 1.31
2026-05-22 16:12:31 install libpam-systemd:armhf <none> 252.39-1~deb12u2
2026-05-22 16:12:31 status half-installed libpam-systemd:armhf 252.39-1~deb12u2
2026-05-22 16:12:32 status unpacked libpam-systemd:armhf 252.39-1~deb12u2
2026-05-22 16:12:32 install dbus-user-session:armhf <none> 1.14.10-1~deb12u1
2026-05-22 16:12:32 status half-installed dbus-user-session:armhf 1.14.10-1~deb12u1
2026-05-22 16:12:32 status unpacked dbus-user-session:armhf 1.14.10-1~deb12u1
2026-05-22 16:12:33 install libduktape207:armhf <none> 2.7.0-2
2026-05-22 16:12:33 status triggers-pending libc-bin:armhf 2.36-9+deb12u14
2026-05-22 16:12:33 status half-installed libduktape207:armhf 2.7.0-2
2026-05-22 16:12:33 status unpacked libduktape207:armhf 2.7.0-2
2026-05-22 16:12:34 install libserd-0-0:armhf <none> 0.30.16-1
2026-05-22 16:12:34 status half-installed libserd-0-0:armhf 0.30.16-1
2026-05-22 16:12:34 status unpacked libserd-0-0:armhf 0.30.16-1
2026-05-22 16:12:34 install libsord-0-0:armhf <none> 0.16.14+git221008-1
2026-05-22 16:12:34 status half-installed libsord-0-0:armhf 0.16.14+git221008-1
2026-05-22 16:12:34 status unpacked libsord-0-0:armhf 0.16.14+git221008-1
2026-05-22 16:12:36 install libsratom-0-0:armhf <none> 0.6.14-1
2026-05-22 16:12:36 status half-installed libsratom-0-0:armhf 0.6.14-1
2026-05-22 16:12:40 status unpacked libsratom-0-0:armhf 0.6.14-1
2026-05-22 16:12:44 install liblilv-0-0:armhf <none> 0.24.14-1
2026-05-22 16:12:44 status half-installed liblilv-0-0:armhf 0.24.14-1
2026-05-22 16:12:47 status unpacked liblilv-0-0:armhf 0.24.14-1
2026-05-22 16:12:51 install liblo7:armhf <none> 0.31-1
2026-05-22 16:12:51 status half-installed liblo7:armhf 0.31-1
2026-05-22 16:12:55 status unpacked liblo7:armhf 0.31-1
2026-05-22 16:12:58 install liblo-dev:armhf <none> 0.31-1
2026-05-22 16:12:58 status half-installed liblo-dev:armhf 0.31-1
2026-05-22 16:13:05 status unpacked liblo-dev:armhf 0.31-1
2026-05-22 16:13:08 install libspa-0.2-modules:armhf <none> 0.3.65-3+deb12u1
2026-05-22 16:13:08 status half-installed libspa-0.2-modules:armhf 0.3.65-3+deb12u1
2026-05-22 16:13:11 status unpacked libspa-0.2-modules:armhf 0.3.65-3+deb12u1
2026-05-22 16:13:16 install libpipewire-0.3-0:armhf <none> 0.3.65-3+deb12u1
2026-05-22 16:13:16 status half-installed libpipewire-0.3-0:armhf 0.3.65-3+deb12u1
2026-05-22 16:13:19 status unpacked libpipewire-0.3-0:armhf 0.3.65-3+deb12u1
2026-05-22 16:13:22 install libpipewire-0.3-common:all <none> 0.3.65-3+deb12u1
2026-05-22 16:13:22 status half-installed libpipewire-0.3-common:all 0.3.65-3+deb12u1
2026-05-22 16:13:28 status unpacked libpipewire-0.3-common:all 0.3.65-3+deb12u1
2026-05-22 16:13:35 install libpipewire-0.3-modules:armhf <none> 0.3.65-3+deb12u1
2026-05-22 16:13:35 status half-installed libpipewire-0.3-modules:armhf 0.3.65-3+deb12u1
2026-05-22 16:13:39 status unpacked libpipewire-0.3-modules:armhf 0.3.65-3+deb12u1
2026-05-22 16:13:44 install libpolkit-gobject-1-0:armhf <none> 122-3
2026-05-22 16:13:44 status half-installed libpolkit-gobject-1-0:armhf 122-3
2026-05-22 16:13:47 status unpacked libpolkit-gobject-1-0:armhf 122-3
2026-05-22 16:13:52 install libpolkit-agent-1-0:armhf <none> 122-3
2026-05-22 16:13:52 status half-installed libpolkit-agent-1-0:armhf 122-3
2026-05-22 16:13:55 status unpacked libpolkit-agent-1-0:armhf 122-3
2026-05-22 16:13:59 install libwireplumber-0.4-0:armhf <none> 0.4.13-1
2026-05-22 16:13:59 status half-installed libwireplumber-0.4-0:armhf 0.4.13-1
2026-05-22 16:14:00 status unpacked libwireplumber-0.4-0:armhf 0.4.13-1
2026-05-22 16:14:00 install pipewire-bin:armhf <none> 0.3.65-3+deb12u1
2026-05-22 16:14:00 status half-installed pipewire-bin:armhf 0.3.65-3+deb12u1
2026-05-22 16:14:02 status unpacked pipewire-bin:armhf 0.3.65-3+deb12u1
2026-05-22 16:14:03 install pipewire:armhf <none> 0.3.65-3+deb12u1
2026-05-22 16:14:03 status half-installed pipewire:armhf 0.3.65-3+deb12u1
2026-05-22 16:14:03 status unpacked pipewire:armhf 0.3.65-3+deb12u1
2026-05-22 16:14:03 install pipewire-jack:armhf <none> 0.3.65-3+deb12u1
2026-05-22 16:14:03 status half-installed pipewire-jack:armhf 0.3.65-3+deb12u1
2026-05-22 16:14:04 status unpacked pipewire-jack:armhf 0.3.65-3+deb12u1
2026-05-22 16:14:04 install pipewire-pulse:armhf <none> 0.3.65-3+deb12u1
2026-05-22 16:14:04 status half-installed pipewire-pulse:armhf 0.3.65-3+deb12u1
2026-05-22 16:14:04 status unpacked pipewire-pulse:armhf 0.3.65-3+deb12u1
2026-05-22 16:14:05 install xml-core:all <none> 0.18+nmu1
2026-05-22 16:14:05 status half-installed xml-core:all 0.18+nmu1
2026-05-22 16:14:05 status unpacked xml-core:all 0.18+nmu1
2026-05-22 16:14:06 install polkitd:armhf <none> 122-3
2026-05-22 16:14:06 status half-installed polkitd:armhf 122-3
2026-05-22 16:14:07 status unpacked polkitd:armhf 122-3
2026-05-22 16:14:07 install rtkit:armhf <none> 0.13-5
2026-05-22 16:14:07 status half-installed rtkit:armhf 0.13-5
2026-05-22 16:14:08 status unpacked rtkit:armhf 0.13-5
2026-05-22 16:14:08 install wireplumber:armhf <none> 0.4.13-1
2026-05-22 16:14:08 status half-installed wireplumber:armhf 0.4.13-1
2026-05-22 16:14:11 status unpacked wireplumber:armhf 0.4.13-1
2026-05-22 16:14:11 startup packages configure
2026-05-22 16:14:11 configure libpipewire-0.3-common:all 0.3.65-3+deb12u1 <none>
2026-05-22 16:14:11 status unpacked libpipewire-0.3-common:all 0.3.65-3+deb12u1
2026-05-22 16:14:11 status half-configured libpipewire-0.3-common:all 0.3.65-3+deb12u1
2026-05-22 16:14:11 status installed libpipewire-0.3-common:all 0.3.65-3+deb12u1
2026-05-22 16:14:11 configure libspa-0.2-modules:armhf 0.3.65-3+deb12u1 <none>
2026-05-22 16:14:11 status unpacked libspa-0.2-modules:armhf 0.3.65-3+deb12u1
2026-05-22 16:14:12 status half-configured libspa-0.2-modules:armhf 0.3.65-3+deb12u1
2026-05-22 16:14:12 status installed libspa-0.2-modules:armhf 0.3.65-3+deb12u1
2026-05-22 16:14:12 configure libpipewire-0.3-0:armhf 0.3.65-3+deb12u1 <none>
2026-05-22 16:14:12 status unpacked libpipewire-0.3-0:armhf 0.3.65-3+deb12u1
2026-05-22 16:14:12 status half-configured libpipewire-0.3-0:armhf 0.3.65-3+deb12u1
2026-05-22 16:14:12 status installed libpipewire-0.3-0:armhf 0.3.65-3+deb12u1
2026-05-22 16:14:12 configure libduktape207:armhf 2.7.0-2 <none>
2026-05-22 16:14:12 status unpacked libduktape207:armhf 2.7.0-2
2026-05-22 16:14:12 status half-configured libduktape207:armhf 2.7.0-2
2026-05-22 16:14:12 status installed libduktape207:armhf 2.7.0-2
2026-05-22 16:14:12 configure liblo7:armhf 0.31-1 <none>
2026-05-22 16:14:12 status unpacked liblo7:armhf 0.31-1
2026-05-22 16:14:12 status half-configured liblo7:armhf 0.31-1
2026-05-22 16:14:12 status installed liblo7:armhf 0.31-1
2026-05-22 16:14:12 configure dbus-session-bus-common:all 1.14.10-1~deb12u1 <none>
2026-05-22 16:14:12 status unpacked dbus-session-bus-common:all 1.14.10-1~deb12u1
2026-05-22 16:14:12 status half-configured dbus-session-bus-common:all 1.14.10-1~deb12u1
2026-05-22 16:14:12 status installed dbus-session-bus-common:all 1.14.10-1~deb12u1
2026-05-22 16:14:12 configure sgml-base:all 1.31 <none>
2026-05-22 16:14:12 status unpacked sgml-base:all 1.31
2026-05-22 16:14:12 status half-configured sgml-base:all 1.31
2026-05-22 16:14:13 status installed sgml-base:all 1.31
2026-05-22 16:14:13 configure dbus-system-bus-common:all 1.14.10-1~deb12u1 <none>
2026-05-22 16:14:13 status unpacked dbus-system-bus-common:all 1.14.10-1~deb12u1
2026-05-22 16:14:13 status half-configured dbus-system-bus-common:all 1.14.10-1~deb12u1
2026-05-22 16:14:15 status installed dbus-system-bus-common:all 1.14.10-1~deb12u1
2026-05-22 16:14:15 configure dbus-bin:armhf 1.14.10-1~deb12u1 <none>
2026-05-22 16:14:15 status unpacked dbus-bin:armhf 1.14.10-1~deb12u1
2026-05-22 16:14:15 status half-configured dbus-bin:armhf 1.14.10-1~deb12u1
2026-05-22 16:14:15 status installed dbus-bin:armhf 1.14.10-1~deb12u1
2026-05-22 16:14:15 configure libpolkit-gobject-1-0:armhf 122-3 <none>
2026-05-22 16:14:15 status unpacked libpolkit-gobject-1-0:armhf 122-3
2026-05-22 16:14:15 status half-configured libpolkit-gobject-1-0:armhf 122-3
2026-05-22 16:14:15 status installed libpolkit-gobject-1-0:armhf 122-3
2026-05-22 16:14:15 configure libserd-0-0:armhf 0.30.16-1 <none>
2026-05-22 16:14:15 status unpacked libserd-0-0:armhf 0.30.16-1
2026-05-22 16:14:15 status half-configured libserd-0-0:armhf 0.30.16-1
2026-05-22 16:14:15 status installed libserd-0-0:armhf 0.30.16-1
2026-05-22 16:14:15 configure libwireplumber-0.4-0:armhf 0.4.13-1 <none>
2026-05-22 16:14:15 status unpacked libwireplumber-0.4-0:armhf 0.4.13-1
2026-05-22 16:14:15 status half-configured libwireplumber-0.4-0:armhf 0.4.13-1
2026-05-22 16:14:15 status installed libwireplumber-0.4-0:armhf 0.4.13-1
2026-05-22 16:14:15 configure dbus-daemon:armhf 1.14.10-1~deb12u1 <none>
2026-05-22 16:14:15 status unpacked dbus-daemon:armhf 1.14.10-1~deb12u1
2026-05-22 16:14:15 status half-configured dbus-daemon:armhf 1.14.10-1~deb12u1
2026-05-22 16:14:16 status installed dbus-daemon:armhf 1.14.10-1~deb12u1
2026-05-22 16:14:16 configure liblo-dev:armhf 0.31-1 <none>
2026-05-22 16:14:16 status unpacked liblo-dev:armhf 0.31-1
2026-05-22 16:14:16 status half-configured liblo-dev:armhf 0.31-1
2026-05-22 16:14:16 status installed liblo-dev:armhf 0.31-1
2026-05-22 16:14:16 configure dbus:armhf 1.14.10-1~deb12u1 <none>
2026-05-22 16:14:16 status unpacked dbus:armhf 1.14.10-1~deb12u1
2026-05-22 16:14:16 status half-configured dbus:armhf 1.14.10-1~deb12u1
2026-05-22 16:14:17 status installed dbus:armhf 1.14.10-1~deb12u1
2026-05-22 16:14:17 configure libsord-0-0:armhf 0.16.14+git221008-1 <none>
2026-05-22 16:14:17 status unpacked libsord-0-0:armhf 0.16.14+git221008-1
2026-05-22 16:14:17 status half-configured libsord-0-0:armhf 0.16.14+git221008-1
2026-05-22 16:14:17 status installed libsord-0-0:armhf 0.16.14+git221008-1
2026-05-22 16:14:17 configure xml-core:all 0.18+nmu1 <none>
2026-05-22 16:14:17 status triggers-pending sgml-base:all 1.31
2026-05-22 16:14:17 status unpacked xml-core:all 0.18+nmu1
2026-05-22 16:14:17 status half-configured xml-core:all 0.18+nmu1
2026-05-22 16:14:21 status triggers-awaited xml-core:all 0.18+nmu1
2026-05-22 16:14:21 configure libsratom-0-0:armhf 0.6.14-1 <none>
2026-05-22 16:14:21 status unpacked libsratom-0-0:armhf 0.6.14-1
2026-05-22 16:14:21 status half-configured libsratom-0-0:armhf 0.6.14-1
2026-05-22 16:14:21 status installed libsratom-0-0:armhf 0.6.14-1
2026-05-22 16:14:21 configure libpam-systemd:armhf 252.39-1~deb12u2 <none>
2026-05-22 16:14:21 status unpacked libpam-systemd:armhf 252.39-1~deb12u2
2026-05-22 16:14:21 status half-configured libpam-systemd:armhf 252.39-1~deb12u2
2026-05-22 16:14:24 status installed libpam-systemd:armhf 252.39-1~deb12u2
2026-05-22 16:14:24 configure libpolkit-agent-1-0:armhf 122-3 <none>
2026-05-22 16:14:24 status unpacked libpolkit-agent-1-0:armhf 122-3
2026-05-22 16:14:24 status half-configured libpolkit-agent-1-0:armhf 122-3
2026-05-22 16:14:24 status installed libpolkit-agent-1-0:armhf 122-3
2026-05-22 16:14:24 configure liblilv-0-0:armhf 0.24.14-1 <none>
2026-05-22 16:14:24 status unpacked liblilv-0-0:armhf 0.24.14-1
2026-05-22 16:14:24 status half-configured liblilv-0-0:armhf 0.24.14-1
2026-05-22 16:14:24 status installed liblilv-0-0:armhf 0.24.14-1
2026-05-22 16:14:24 configure libpipewire-0.3-modules:armhf 0.3.65-3+deb12u1 <none>
2026-05-22 16:14:24 status unpacked libpipewire-0.3-modules:armhf 0.3.65-3+deb12u1
2026-05-22 16:14:24 status half-configured libpipewire-0.3-modules:armhf 0.3.65-3+deb12u1
2026-05-22 16:14:24 status installed libpipewire-0.3-modules:armhf 0.3.65-3+deb12u1
2026-05-22 16:14:24 configure dbus-user-session:armhf 1.14.10-1~deb12u1 <none>
2026-05-22 16:14:24 status unpacked dbus-user-session:armhf 1.14.10-1~deb12u1
2026-05-22 16:14:24 status half-configured dbus-user-session:armhf 1.14.10-1~deb12u1
2026-05-22 16:14:24 status installed dbus-user-session:armhf 1.14.10-1~deb12u1
2026-05-22 16:14:24 configure pipewire-bin:armhf 0.3.65-3+deb12u1 <none>
2026-05-22 16:14:24 status unpacked pipewire-bin:armhf 0.3.65-3+deb12u1
2026-05-22 16:14:24 status half-configured pipewire-bin:armhf 0.3.65-3+deb12u1
2026-05-22 16:14:26 status installed pipewire-bin:armhf 0.3.65-3+deb12u1
2026-05-22 16:14:26 configure pipewire:armhf 0.3.65-3+deb12u1 <none>
2026-05-22 16:14:26 status unpacked pipewire:armhf 0.3.65-3+deb12u1
2026-05-22 16:14:26 status half-configured pipewire:armhf 0.3.65-3+deb12u1
2026-05-22 16:14:30 status installed pipewire:armhf 0.3.65-3+deb12u1
2026-05-22 16:14:31 configure pipewire-jack:armhf 0.3.65-3+deb12u1 <none>
2026-05-22 16:14:31 status unpacked pipewire-jack:armhf 0.3.65-3+deb12u1
2026-05-22 16:14:31 status half-configured pipewire-jack:armhf 0.3.65-3+deb12u1
2026-05-22 16:14:31 status installed pipewire-jack:armhf 0.3.65-3+deb12u1
2026-05-22 16:14:31 configure wireplumber:armhf 0.4.13-1 <none>
2026-05-22 16:14:31 status unpacked wireplumber:armhf 0.4.13-1
2026-05-22 16:14:31 status half-configured wireplumber:armhf 0.4.13-1
2026-05-22 16:14:35 status installed wireplumber:armhf 0.4.13-1
2026-05-22 16:14:35 configure pipewire-pulse:armhf 0.3.65-3+deb12u1 <none>
2026-05-22 16:14:35 status unpacked pipewire-pulse:armhf 0.3.65-3+deb12u1
2026-05-22 16:14:35 status half-configured pipewire-pulse:armhf 0.3.65-3+deb12u1
2026-05-22 16:14:39 status installed pipewire-pulse:armhf 0.3.65-3+deb12u1
2026-05-22 16:14:39 trigproc libc-bin:armhf 2.36-9+deb12u14 <none>
2026-05-22 16:14:39 status half-configured libc-bin:armhf 2.36-9+deb12u14
2026-05-22 16:14:39 status installed libc-bin:armhf 2.36-9+deb12u14
2026-05-22 16:14:39 trigproc sgml-base:all 1.31 <none>
2026-05-22 16:14:39 status half-configured sgml-base:all 1.31
2026-05-22 16:14:39 status installed xml-core:all 0.18+nmu1
2026-05-22 16:14:40 status installed sgml-base:all 1.31
2026-05-22 16:14:40 configure polkitd:armhf 122-3 <none>
2026-05-22 16:14:40 status unpacked polkitd:armhf 122-3
2026-05-22 16:14:40 status half-configured polkitd:armhf 122-3
2026-05-22 16:14:43 status installed polkitd:armhf 122-3
2026-05-22 16:14:43 configure rtkit:armhf 0.13-5 <none>
2026-05-22 16:14:43 status unpacked rtkit:armhf 0.13-5
2026-05-22 16:14:44 status half-configured rtkit:armhf 0.13-5
2026-05-22 16:14:47 status installed rtkit:armhf 0.13-5
